slice_id,group,mouse,region_idx,label,window_kind,stream,detector,variant,min_participants,n_calls,calls_per_hour,hours,n_roi,own_floor,baseline_floor,own_chance_floor,own_floor_stable,win_start,win_end
20240813b42,OVX,41,1,baseline,baseline,fast,coact,tuned,3,1,3.0,0.3333333333333333,37,5,5,5,True,540.0,1740.0
20240813b42,OVX,41,1,baseline,baseline,fast,coact,own_floor,5,1,3.0,0.3333333333333333,37,5,5,5,True,540.0,1740.0
20240813b42,OVX,41,1,baseline,baseline,fast,coact,baseline_floor,5,1,3.0,0.3333333333333333,37,5,5,5,True,540.0,1740.0
20240813b42,OVX,41,1,baseline,baseline,fast,chorus_norm,unfloored,0,1,3.0,0.3333333333333333,37,5,5,5,True,540.0,1740.0
20240813b42,OVX,41,1,baseline,baseline,fast,chorus_norm,own_floor,5,1,3.0,0.3333333333333333,37,5,5,5,True,540.0,1740.0
20240813b42,OVX,41,1,baseline,baseline,fast,chorus_norm,baseline_floor,5,1,3.0,0.3333333333333333,37,5,5,5,True,540.0,1740.0
20240813b42,OVX,41,1,baseline,baseline,fast,chorus_gain_norm,unfloored,0,2,6.0,0.3333333333333333,37,5,5,5,True,540.0,1740.0
20240813b42,OVX,41,1,baseline,baseline,fast,chorus_gain_norm,own_floor,5,1,3.0,0.3333333333333333,37,5,5,5,True,540.0,1740.0
20240813b42,OVX,41,1,baseline,baseline,fast,chorus_gain_norm,baseline_floor,5,1,3.0,0.3333333333333333,37,5,5,5,True,540.0,1740.0
20240813b42,OVX,41,1,baseline,baseline,slow,coact,tuned,6,0,0.0,0.3333333333333333,37,5,5,5,True,540.0,1740.0
20240813b42,OVX,41,1,baseline,baseline,slow,coact,own_floor,5,0,0.0,0.3333333333333333,37,5,5,5,True,540.0,1740.0
20240813b42,OVX,41,1,baseline,baseline,slow,coact,baseline_floor,5,0,0.0,0.3333333333333333,37,5,5,5,True,540.0,1740.0
20240813b42,OVX,41,1,baseline,baseline,slow,chorus_norm,unfloored,0,0,0.0,0.3333333333333333,37,5,5,5,True,540.0,1740.0
20240813b42,OVX,41,1,baseline,baseline,slow,chorus_norm,own_floor,5,0,0.0,0.3333333333333333,37,5,5,5,True,540.0,1740.0
20240813b42,OVX,41,1,baseline,baseline,slow,chorus_norm,baseline_floor,5,0,0.0,0.3333333333333333,37,5,5,5,True,540.0,1740.0
20240813b42,OVX,41,1,baseline,baseline,slow,chorus_gain_norm,unfloored,0,0,0.0,0.3333333333333333,37,5,5,5,True,540.0,1740.0
20240813b42,OVX,41,1,baseline,baseline,slow,chorus_gain_norm,own_floor,5,0,0.0,0.3333333333333333,37,5,5,5,True,540.0,1740.0
20240813b42,OVX,41,1,baseline,baseline,slow,chorus_gain_norm,baseline_floor,5,0,0.0,0.3333333333333333,37,5,5,5,True,540.0,1740.0
20240813b42,OVX,41,1,baseline,baseline,combined,coact,tuned,4,1,3.0,0.3333333333333333,37,6,6,6,True,540.0,1740.0
20240813b42,OVX,41,1,baseline,baseline,combined,coact,own_floor,6,1,3.0,0.3333333333333333,37,6,6,6,True,540.0,1740.0
20240813b42,OVX,41,1,baseline,baseline,combined,coact,baseline_floor,6,1,3.0,0.3333333333333333,37,6,6,6,True,540.0,1740.0
20240813b42,OVX,41,1,baseline,baseline,combined,chorus_norm,unfloored,0,1,3.0,0.3333333333333333,37,6,6,6,True,540.0,1740.0
20240813b42,OVX,41,1,baseline,baseline,combined,chorus_norm,own_floor,6,1,3.0,0.3333333333333333,37,6,6,6,True,540.0,1740.0
20240813b42,OVX,41,1,baseline,baseline,combined,chorus_norm,baseline_floor,6,1,3.0,0.3333333333333333,37,6,6,6,True,540.0,1740.0
20240813b42,OVX,41,1,baseline,baseline,combined,chorus_gain_norm,unfloored,0,1,3.0,0.3333333333333333,37,6,6,6,True,540.0,1740.0
20240813b42,OVX,41,1,baseline,baseline,combined,chorus_gain_norm,own_floor,6,1,3.0,0.3333333333333333,37,6,6,6,True,540.0,1740.0
20240813b42,OVX,41,1,baseline,baseline,combined,chorus_gain_norm,baseline_floor,6,1,3.0,0.3333333333333333,37,6,6,6,True,540.0,1740.0
20240813b42,OVX,41,2,senktide,treatment,fast,coact,tuned,3,15,45.0,0.3333333333333333,37,29,5,29,True,1860.0,3060.0
20240813b42,OVX,41,2,senktide,treatment,fast,coact,own_floor,29,6,18.0,0.3333333333333333,37,29,5,29,True,1860.0,3060.0
20240813b42,OVX,41,2,senktide,treatment,fast,coact,baseline_floor,5,15,45.0,0.3333333333333333,37,29,5,29,True,1860.0,3060.0
20240813b42,OVX,41,2,senktide,treatment,fast,chorus_norm,unfloored,0,8,24.0,0.3333333333333333,37,29,5,29,True,1860.0,3060.0
20240813b42,OVX,41,2,senktide,treatment,fast,chorus_norm,own_floor,29,0,0.0,0.3333333333333333,37,29,5,29,True,1860.0,3060.0
20240813b42,OVX,41,2,senktide,treatment,fast,chorus_norm,baseline_floor,5,8,24.0,0.3333333333333333,37,29,5,29,True,1860.0,3060.0
20240813b42,OVX,41,2,senktide,treatment,fast,chorus_gain_norm,unfloored,0,0,0.0,0.3333333333333333,37,29,5,29,True,1860.0,3060.0
20240813b42,OVX,41,2,senktide,treatment,fast,chorus_gain_norm,own_floor,29,0,0.0,0.3333333333333333,37,29,5,29,True,1860.0,3060.0
20240813b42,OVX,41,2,senktide,treatment,fast,chorus_gain_norm,baseline_floor,5,0,0.0,0.3333333333333333,37,29,5,29,True,1860.0,3060.0
20240813b42,OVX,41,2,senktide,treatment,slow,coact,tuned,6,14,42.0,0.3333333333333333,37,11,5,11,True,1860.0,3060.0
20240813b42,OVX,41,2,senktide,treatment,slow,coact,own_floor,11,6,18.0,0.3333333333333333,37,11,5,11,True,1860.0,3060.0
20240813b42,OVX,41,2,senktide,treatment,slow,coact,baseline_floor,5,14,42.0,0.3333333333333333,37,11,5,11,True,1860.0,3060.0
20240813b42,OVX,41,2,senktide,treatment,slow,chorus_norm,unfloored,0,5,15.0,0.3333333333333333,37,11,5,11,True,1860.0,3060.0
20240813b42,OVX,41,2,senktide,treatment,slow,chorus_norm,own_floor,11,3,9.0,0.3333333333333333,37,11,5,11,True,1860.0,3060.0
20240813b42,OVX,41,2,senktide,treatment,slow,chorus_norm,baseline_floor,5,5,15.0,0.3333333333333333,37,11,5,11,True,1860.0,3060.0
20240813b42,OVX,41,2,senktide,treatment,slow,chorus_gain_norm,unfloored,0,1,3.0,0.3333333333333333,37,11,5,11,True,1860.0,3060.0
20240813b42,OVX,41,2,senktide,treatment,slow,chorus_gain_norm,own_floor,11,0,0.0,0.3333333333333333,37,11,5,11,True,1860.0,3060.0
20240813b42,OVX,41,2,senktide,treatment,slow,chorus_gain_norm,baseline_floor,5,1,3.0,0.3333333333333333,37,11,5,11,True,1860.0,3060.0
20240813b42,OVX,41,2,senktide,treatment,combined,coact,tuned,4,16,48.0,0.3333333333333333,37,30,6,30,True,1860.0,3060.0
20240813b42,OVX,41,2,senktide,treatment,combined,coact,own_floor,30,5,15.0,0.3333333333333333,37,30,6,30,True,1860.0,3060.0
20240813b42,OVX,41,2,senktide,treatment,combined,coact,baseline_floor,6,16,48.0,0.3333333333333333,37,30,6,30,True,1860.0,3060.0
20240813b42,OVX,41,2,senktide,treatment,combined,chorus_norm,unfloored,0,22,66.0,0.3333333333333333,37,30,6,30,True,1860.0,3060.0
20240813b42,OVX,41,2,senktide,treatment,combined,chorus_norm,own_floor,30,2,6.0,0.3333333333333333,37,30,6,30,True,1860.0,3060.0
20240813b42,OVX,41,2,senktide,treatment,combined,chorus_norm,baseline_floor,6,22,66.0,0.3333333333333333,37,30,6,30,True,1860.0,3060.0
20240813b42,OVX,41,2,senktide,treatment,combined,chorus_gain_norm,unfloored,0,12,36.0,0.3333333333333333,37,30,6,30,True,1860.0,3060.0
20240813b42,OVX,41,2,senktide,treatment,combined,chorus_gain_norm,own_floor,30,0,0.0,0.3333333333333333,37,30,6,30,True,1860.0,3060.0
20240813b42,OVX,41,2,senktide,treatment,combined,chorus_gain_norm,baseline_floor,6,11,33.0,0.3333333333333333,37,30,6,30,True,1860.0,3060.0
20240813b42,OVX,41,3,high K+,treatment,fast,coact,tuned,3,3,45.01673121843625,0.06664188888888879,37,27,5,27,True,3960.0,4199.9108
20240813b42,OVX,41,3,high K+,treatment,fast,coact,own_floor,27,4,60.022308291248336,0.06664188888888879,37,27,5,27,True,3960.0,4199.9108
20240813b42,OVX,41,3,high K+,treatment,fast,coact,baseline_floor,5,3,45.01673121843625,0.06664188888888879,37,27,5,27,True,3960.0,4199.9108
20240813b42,OVX,41,3,high K+,treatment,fast,chorus_norm,unfloored,0,3,45.01673121843625,0.06664188888888879,37,27,5,27,True,3960.0,4199.9108
20240813b42,OVX,41,3,high K+,treatment,fast,chorus_norm,own_floor,27,0,0.0,0.06664188888888879,37,27,5,27,True,3960.0,4199.9108
20240813b42,OVX,41,3,high K+,treatment,fast,chorus_norm,baseline_floor,5,2,30.011154145624168,0.06664188888888879,37,27,5,27,True,3960.0,4199.9108
20240813b42,OVX,41,3,high K+,treatment,fast,chorus_gain_norm,unfloored,0,3,45.01673121843625,0.06664188888888879,37,27,5,27,True,3960.0,4199.9108
20240813b42,OVX,41,3,high K+,treatment,fast,chorus_gain_norm,own_floor,27,0,0.0,0.06664188888888879,37,27,5,27,True,3960.0,4199.9108
20240813b42,OVX,41,3,high K+,treatment,fast,chorus_gain_norm,baseline_floor,5,1,15.005577072812084,0.06664188888888879,37,27,5,27,True,3960.0,4199.9108
20240813b42,OVX,41,3,high K+,treatment,slow,coact,tuned,6,7,105.03903950968459,0.06664188888888879,37,12,5,12,False,3960.0,4199.9108
20240813b42,OVX,41,3,high K+,treatment,slow,coact,own_floor,12,6,90.0334624368725,0.06664188888888879,37,12,5,12,False,3960.0,4199.9108
20240813b42,OVX,41,3,high K+,treatment,slow,coact,baseline_floor,5,7,105.03903950968459,0.06664188888888879,37,12,5,12,False,3960.0,4199.9108
20240813b42,OVX,41,3,high K+,treatment,slow,chorus_norm,unfloored,0,5,75.02788536406042,0.06664188888888879,37,12,5,12,False,3960.0,4199.9108
20240813b42,OVX,41,3,high K+,treatment,slow,chorus_norm,own_floor,12,3,45.01673121843625,0.06664188888888879,37,12,5,12,False,3960.0,4199.9108
20240813b42,OVX,41,3,high K+,treatment,slow,chorus_norm,baseline_floor,5,5,75.02788536406042,0.06664188888888879,37,12,5,12,False,3960.0,4199.9108
20240813b42,OVX,41,3,high K+,treatment,slow,chorus_gain_norm,unfloored,0,2,30.011154145624168,0.06664188888888879,37,12,5,12,False,3960.0,4199.9108
20240813b42,OVX,41,3,high K+,treatment,slow,chorus_gain_norm,own_floor,12,2,30.011154145624168,0.06664188888888879,37,12,5,12,False,3960.0,4199.9108
20240813b42,OVX,41,3,high K+,treatment,slow,chorus_gain_norm,baseline_floor,5,2,30.011154145624168,0.06664188888888879,37,12,5,12,False,3960.0,4199.9108
20240813b42,OVX,41,3,high K+,treatment,combined,coact,tuned,4,6,90.0334624368725,0.06664188888888879,37,29,6,29,False,3960.0,4199.9108
20240813b42,OVX,41,3,high K+,treatment,combined,coact,own_floor,29,3,45.01673121843625,0.06664188888888879,37,29,6,29,False,3960.0,4199.9108
20240813b42,OVX,41,3,high K+,treatment,combined,coact,baseline_floor,6,6,90.0334624368725,0.06664188888888879,37,29,6,29,False,3960.0,4199.9108
20240813b42,OVX,41,3,high K+,treatment,combined,chorus_norm,unfloored,0,4,60.022308291248336,0.06664188888888879,37,29,6,29,False,3960.0,4199.9108
20240813b42,OVX,41,3,high K+,treatment,combined,chorus_norm,own_floor,29,0,0.0,0.06664188888888879,37,29,6,29,False,3960.0,4199.9108
20240813b42,OVX,41,3,high K+,treatment,combined,chorus_norm,baseline_floor,6,4,60.022308291248336,0.06664188888888879,37,29,6,29,False,3960.0,4199.9108
20240813b42,OVX,41,3,high K+,treatment,combined,chorus_gain_norm,unfloored,0,2,30.011154145624168,0.06664188888888879,37,29,6,29,False,3960.0,4199.9108
20240813b42,OVX,41,3,high K+,treatment,combined,chorus_gain_norm,own_floor,29,0,0.0,0.06664188888888879,37,29,6,29,False,3960.0,4199.9108
20240813b42,OVX,41,3,high K+,treatment,combined,chorus_gain_norm,baseline_floor,6,2,30.011154145624168,0.06664188888888879,37,29,6,29,False,3960.0,4199.9108
20240814a47,OVX,42,1,baseline,baseline,fast,coact,tuned,3,1,3.0,0.3333333333333333,17,5,5,5,True,540.0,1740.0
20240814a47,OVX,42,1,baseline,baseline,fast,coact,own_floor,5,0,0.0,0.3333333333333333,17,5,5,5,True,540.0,1740.0
20240814a47,OVX,42,1,baseline,baseline,fast,coact,baseline_floor,5,0,0.0,0.3333333333333333,17,5,5,5,True,540.0,1740.0
20240814a47,OVX,42,1,baseline,baseline,fast,chorus_norm,unfloored,0,6,18.0,0.3333333333333333,17,5,5,5,True,540.0,1740.0
20240814a47,OVX,42,1,baseline,baseline,fast,chorus_norm,own_floor,5,0,0.0,0.3333333333333333,17,5,5,5,True,540.0,1740.0
20240814a47,OVX,42,1,baseline,baseline,fast,chorus_norm,baseline_floor,5,0,0.0,0.3333333333333333,17,5,5,5,True,540.0,1740.0
20240814a47,OVX,42,1,baseline,baseline,fast,chorus_gain_norm,unfloored,0,1,3.0,0.3333333333333333,17,5,5,5,True,540.0,1740.0
20240814a47,OVX,42,1,baseline,baseline,fast,chorus_gain_norm,own_floor,5,0,0.0,0.3333333333333333,17,5,5,5,True,540.0,1740.0
20240814a47,OVX,42,1,baseline,baseline,fast,chorus_gain_norm,baseline_floor,5,0,0.0,0.3333333333333333,17,5,5,5,True,540.0,1740.0
20240814a47,OVX,42,1,baseline,baseline,slow,coact,tuned,6,0,0.0,0.3333333333333333,17,4,4,4,True,540.0,1740.0
20240814a47,OVX,42,1,baseline,baseline,slow,coact,own_floor,4,0,0.0,0.3333333333333333,17,4,4,4,True,540.0,1740.0
20240814a47,OVX,42,1,baseline,baseline,slow,coact,baseline_floor,4,0,0.0,0.3333333333333333,17,4,4,4,True,540.0,1740.0
20240814a47,OVX,42,1,baseline,baseline,slow,chorus_norm,unfloored,0,1,3.0,0.3333333333333333,17,4,4,4,True,540.0,1740.0
20240814a47,OVX,42,1,baseline,baseline,slow,chorus_norm,own_floor,4,0,0.0,0.3333333333333333,17,4,4,4,True,540.0,1740.0
20240814a47,OVX,42,1,baseline,baseline,slow,chorus_norm,baseline_floor,4,0,0.0,0.3333333333333333,17,4,4,4,True,540.0,1740.0
20240814a47,OVX,42,1,baseline,baseline,slow,chorus_gain_norm,unfloored,0,0,0.0,0.3333333333333333,17,4,4,4,True,540.0,1740.0
20240814a47,OVX,42,1,baseline,baseline,slow,chorus_gain_norm,own_floor,4,0,0.0,0.3333333333333333,17,4,4,4,True,540.0,1740.0
20240814a47,OVX,42,1,baseline,baseline,slow,chorus_gain_norm,baseline_floor,4,0,0.0,0.3333333333333333,17,4,4,4,True,540.0,1740.0
20240814a47,OVX,42,1,baseline,baseline,combined,coact,tuned,4,1,3.0,0.3333333333333333,17,5,5,5,True,540.0,1740.0
20240814a47,OVX,42,1,baseline,baseline,combined,coact,own_floor,5,1,3.0,0.3333333333333333,17,5,5,5,True,540.0,1740.0
20240814a47,OVX,42,1,baseline,baseline,combined,coact,baseline_floor,5,1,3.0,0.3333333333333333,17,5,5,5,True,540.0,1740.0
20240814a47,OVX,42,1,baseline,baseline,combined,chorus_norm,unfloored,0,6,18.0,0.3333333333333333,17,5,5,5,True,540.0,1740.0
20240814a47,OVX,42,1,baseline,baseline,combined,chorus_norm,own_floor,5,0,0.0,0.3333333333333333,17,5,5,5,True,540.0,1740.0
20240814a47,OVX,42,1,baseline,baseline,combined,chorus_norm,baseline_floor,5,0,0.0,0.3333333333333333,17,5,5,5,True,540.0,1740.0
20240814a47,OVX,42,1,baseline,baseline,combined,chorus_gain_norm,unfloored,0,0,0.0,0.3333333333333333,17,5,5,5,True,540.0,1740.0
20240814a47,OVX,42,1,baseline,baseline,combined,chorus_gain_norm,own_floor,5,0,0.0,0.3333333333333333,17,5,5,5,True,540.0,1740.0
20240814a47,OVX,42,1,baseline,baseline,combined,chorus_gain_norm,baseline_floor,5,0,0.0,0.3333333333333333,17,5,5,5,True,540.0,1740.0
20240814a47,OVX,42,2,senktide,treatment,fast,coact,tuned,3,2,6.0,0.3333333333333333,17,18,5,18,True,1860.0,3060.0
20240814a47,OVX,42,2,senktide,treatment,fast,coact,own_floor,18,0,0.0,0.3333333333333333,17,18,5,18,True,1860.0,3060.0
20240814a47,OVX,42,2,senktide,treatment,fast,coact,baseline_floor,5,2,6.0,0.3333333333333333,17,18,5,18,True,1860.0,3060.0
20240814a47,OVX,42,2,senktide,treatment,fast,chorus_norm,unfloored,0,11,33.0,0.3333333333333333,17,18,5,18,True,1860.0,3060.0
20240814a47,OVX,42,2,senktide,treatment,fast,chorus_norm,own_floor,18,0,0.0,0.3333333333333333,17,18,5,18,True,1860.0,3060.0
20240814a47,OVX,42,2,senktide,treatment,fast,chorus_norm,baseline_floor,5,10,30.0,0.3333333333333333,17,18,5,18,True,1860.0,3060.0
20240814a47,OVX,42,2,senktide,treatment,fast,chorus_gain_norm,unfloored,0,1,3.0,0.3333333333333333,17,18,5,18,True,1860.0,3060.0
20240814a47,OVX,42,2,senktide,treatment,fast,chorus_gain_norm,own_floor,18,0,0.0,0.3333333333333333,17,18,5,18,True,1860.0,3060.0
20240814a47,OVX,42,2,senktide,treatment,fast,chorus_gain_norm,baseline_floor,5,1,3.0,0.3333333333333333,17,18,5,18,True,1860.0,3060.0
20240814a47,OVX,42,2,senktide,treatment,slow,coact,tuned,6,5,15.0,0.3333333333333333,17,7,4,7,True,1860.0,3060.0
20240814a47,OVX,42,2,senktide,treatment,slow,coact,own_floor,7,4,12.0,0.3333333333333333,17,7,4,7,True,1860.0,3060.0
20240814a47,OVX,42,2,senktide,treatment,slow,coact,baseline_floor,4,12,36.0,0.3333333333333333,17,7,4,7,True,1860.0,3060.0
20240814a47,OVX,42,2,senktide,treatment,slow,chorus_norm,unfloored,0,5,15.0,0.3333333333333333,17,7,4,7,True,1860.0,3060.0
20240814a47,OVX,42,2,senktide,treatment,slow,chorus_norm,own_floor,7,3,9.0,0.3333333333333333,17,7,4,7,True,1860.0,3060.0
20240814a47,OVX,42,2,senktide,treatment,slow,chorus_norm,baseline_floor,4,4,12.0,0.3333333333333333,17,7,4,7,True,1860.0,3060.0
20240814a47,OVX,42,2,senktide,treatment,slow,chorus_gain_norm,unfloored,0,4,12.0,0.3333333333333333,17,7,4,7,True,1860.0,3060.0
20240814a47,OVX,42,2,senktide,treatment,slow,chorus_gain_norm,own_floor,7,3,9.0,0.3333333333333333,17,7,4,7,True,1860.0,3060.0
20240814a47,OVX,42,2,senktide,treatment,slow,chorus_gain_norm,baseline_floor,4,4,12.0,0.3333333333333333,17,7,4,7,True,1860.0,3060.0
20240814a47,OVX,42,2,senktide,treatment,combined,coact,tuned,4,4,12.0,0.3333333333333333,17,18,5,18,True,1860.0,3060.0
20240814a47,OVX,42,2,senktide,treatment,combined,coact,own_floor,18,0,0.0,0.3333333333333333,17,18,5,18,True,1860.0,3060.0
20240814a47,OVX,42,2,senktide,treatment,combined,coact,baseline_floor,5,4,12.0,0.3333333333333333,17,18,5,18,True,1860.0,3060.0
20240814a47,OVX,42,2,senktide,treatment,combined,chorus_norm,unfloored,0,25,75.0,0.3333333333333333,17,18,5,18,True,1860.0,3060.0
20240814a47,OVX,42,2,senktide,treatment,combined,chorus_norm,own_floor,18,0,0.0,0.3333333333333333,17,18,5,18,True,1860.0,3060.0
20240814a47,OVX,42,2,senktide,treatment,combined,chorus_norm,baseline_floor,5,20,60.0,0.3333333333333333,17,18,5,18,True,1860.0,3060.0
20240814a47,OVX,42,2,senktide,treatment,combined,chorus_gain_norm,unfloored,0,16,48.0,0.3333333333333333,17,18,5,18,True,1860.0,3060.0
20240814a47,OVX,42,2,senktide,treatment,combined,chorus_gain_norm,own_floor,18,0,0.0,0.3333333333333333,17,18,5,18,True,1860.0,3060.0
20240814a47,OVX,42,2,senktide,treatment,combined,chorus_gain_norm,baseline_floor,5,15,45.0,0.3333333333333333,17,18,5,18,True,1860.0,3060.0
20240814b49,OVX,42,1,baseline,baseline,fast,coact,tuned,3,0,0.0,0.3333333333333333,43,6,6,6,True,540.0,1740.0
20240814b49,OVX,42,1,baseline,baseline,fast,coact,own_floor,6,0,0.0,0.3333333333333333,43,6,6,6,True,540.0,1740.0
20240814b49,OVX,42,1,baseline,baseline,fast,coact,baseline_floor,6,0,0.0,0.3333333333333333,43,6,6,6,True,540.0,1740.0
20240814b49,OVX,42,1,baseline,baseline,fast,chorus_norm,unfloored,0,0,0.0,0.3333333333333333,43,6,6,6,True,540.0,1740.0
20240814b49,OVX,42,1,baseline,baseline,fast,chorus_norm,own_floor,6,0,0.0,0.3333333333333333,43,6,6,6,True,540.0,1740.0
20240814b49,OVX,42,1,baseline,baseline,fast,chorus_norm,baseline_floor,6,0,0.0,0.3333333333333333,43,6,6,6,True,540.0,1740.0
20240814b49,OVX,42,1,baseline,baseline,fast,chorus_gain_norm,unfloored,0,0,0.0,0.3333333333333333,43,6,6,6,True,540.0,1740.0
20240814b49,OVX,42,1,baseline,baseline,fast,chorus_gain_norm,own_floor,6,0,0.0,0.3333333333333333,43,6,6,6,True,540.0,1740.0
20240814b49,OVX,42,1,baseline,baseline,fast,chorus_gain_norm,baseline_floor,6,0,0.0,0.3333333333333333,43,6,6,6,True,540.0,1740.0
20240814b49,OVX,42,1,baseline,baseline,slow,coact,tuned,6,0,0.0,0.3333333333333333,43,5,5,5,True,540.0,1740.0
20240814b49,OVX,42,1,baseline,baseline,slow,coact,own_floor,5,0,0.0,0.3333333333333333,43,5,5,5,True,540.0,1740.0
20240814b49,OVX,42,1,baseline,baseline,slow,coact,baseline_floor,5,0,0.0,0.3333333333333333,43,5,5,5,True,540.0,1740.0
20240814b49,OVX,42,1,baseline,baseline,slow,chorus_norm,unfloored,0,0,0.0,0.3333333333333333,43,5,5,5,True,540.0,1740.0
20240814b49,OVX,42,1,baseline,baseline,slow,chorus_norm,own_floor,5,0,0.0,0.3333333333333333,43,5,5,5,True,540.0,1740.0
20240814b49,OVX,42,1,baseline,baseline,slow,chorus_norm,baseline_floor,5,0,0.0,0.3333333333333333,43,5,5,5,True,540.0,1740.0
20240814b49,OVX,42,1,baseline,baseline,slow,chorus_gain_norm,unfloored,0,0,0.0,0.3333333333333333,43,5,5,5,True,540.0,1740.0
20240814b49,OVX,42,1,baseline,baseline,slow,chorus_gain_norm,own_floor,5,0,0.0,0.3333333333333333,43,5,5,5,True,540.0,1740.0
20240814b49,OVX,42,1,baseline,baseline,slow,chorus_gain_norm,baseline_floor,5,0,0.0,0.3333333333333333,43,5,5,5,True,540.0,1740.0
20240814b49,OVX,42,1,baseline,baseline,combined,coact,tuned,4,1,3.0,0.3333333333333333,43,7,7,7,False,540.0,1740.0
20240814b49,OVX,42,1,baseline,baseline,combined,coact,own_floor,7,0,0.0,0.3333333333333333,43,7,7,7,False,540.0,1740.0
20240814b49,OVX,42,1,baseline,baseline,combined,coact,baseline_floor,7,0,0.0,0.3333333333333333,43,7,7,7,False,540.0,1740.0
20240814b49,OVX,42,1,baseline,baseline,combined,chorus_norm,unfloored,0,0,0.0,0.3333333333333333,43,7,7,7,False,540.0,1740.0
20240814b49,OVX,42,1,baseline,baseline,combined,chorus_norm,own_floor,7,0,0.0,0.3333333333333333,43,7,7,7,False,540.0,1740.0
20240814b49,OVX,42,1,baseline,baseline,combined,chorus_norm,baseline_floor,7,0,0.0,0.3333333333333333,43,7,7,7,False,540.0,1740.0
20240814b49,OVX,42,1,baseline,baseline,combined,chorus_gain_norm,unfloored,0,0,0.0,0.3333333333333333,43,7,7,7,False,540.0,1740.0
20240814b49,OVX,42,1,baseline,baseline,combined,chorus_gain_norm,own_floor,7,0,0.0,0.3333333333333333,43,7,7,7,False,540.0,1740.0
20240814b49,OVX,42,1,baseline,baseline,combined,chorus_gain_norm,baseline_floor,7,0,0.0,0.3333333333333333,43,7,7,7,False,540.0,1740.0
20240814b49,OVX,42,2,senktide,treatment,fast,coact,tuned,3,2,6.0,0.3333333333333333,43,23,6,23,True,1860.0,3060.0
20240814b49,OVX,42,2,senktide,treatment,fast,coact,own_floor,23,1,3.0,0.3333333333333333,43,23,6,23,True,1860.0,3060.0
20240814b49,OVX,42,2,senktide,treatment,fast,coact,baseline_floor,6,2,6.0,0.3333333333333333,43,23,6,23,True,1860.0,3060.0
20240814b49,OVX,42,2,senktide,treatment,fast,chorus_norm,unfloored,0,0,0.0,0.3333333333333333,43,23,6,23,True,1860.0,3060.0
20240814b49,OVX,42,2,senktide,treatment,fast,chorus_norm,own_floor,23,0,0.0,0.3333333333333333,43,23,6,23,True,1860.0,3060.0
20240814b49,OVX,42,2,senktide,treatment,fast,chorus_norm,baseline_floor,6,0,0.0,0.3333333333333333,43,23,6,23,True,1860.0,3060.0
20240814b49,OVX,42,2,senktide,treatment,fast,chorus_gain_norm,unfloored,0,0,0.0,0.3333333333333333,43,23,6,23,True,1860.0,3060.0
20240814b49,OVX,42,2,senktide,treatment,fast,chorus_gain_norm,own_floor,23,0,0.0,0.3333333333333333,43,23,6,23,True,1860.0,3060.0
20240814b49,OVX,42,2,senktide,treatment,fast,chorus_gain_norm,baseline_floor,6,0,0.0,0.3333333333333333,43,23,6,23,True,1860.0,3060.0
20240814b49,OVX,42,2,senktide,treatment,slow,coact,tuned,6,7,21.0,0.3333333333333333,43,9,5,9,True,1860.0,3060.0
20240814b49,OVX,42,2,senktide,treatment,slow,coact,own_floor,9,3,9.0,0.3333333333333333,43,9,5,9,True,1860.0,3060.0
20240814b49,OVX,42,2,senktide,treatment,slow,coact,baseline_floor,5,7,21.0,0.3333333333333333,43,9,5,9,True,1860.0,3060.0
20240814b49,OVX,42,2,senktide,treatment,slow,chorus_norm,unfloored,0,2,6.0,0.3333333333333333,43,9,5,9,True,1860.0,3060.0
20240814b49,OVX,42,2,senktide,treatment,slow,chorus_norm,own_floor,9,1,3.0,0.3333333333333333,43,9,5,9,True,1860.0,3060.0
20240814b49,OVX,42,2,senktide,treatment,slow,chorus_norm,baseline_floor,5,2,6.0,0.3333333333333333,43,9,5,9,True,1860.0,3060.0
20240814b49,OVX,42,2,senktide,treatment,slow,chorus_gain_norm,unfloored,0,3,9.0,0.3333333333333333,43,9,5,9,True,1860.0,3060.0
20240814b49,OVX,42,2,senktide,treatment,slow,chorus_gain_norm,own_floor,9,1,3.0,0.3333333333333333,43,9,5,9,True,1860.0,3060.0
20240814b49,OVX,42,2,senktide,treatment,slow,chorus_gain_norm,baseline_floor,5,1,3.0,0.3333333333333333,43,9,5,9,True,1860.0,3060.0
20240814b49,OVX,42,2,senktide,treatment,combined,coact,tuned,4,6,18.0,0.3333333333333333,43,25,7,25,True,1860.0,3060.0
20240814b49,OVX,42,2,senktide,treatment,combined,coact,own_floor,25,1,3.0,0.3333333333333333,43,25,7,25,True,1860.0,3060.0
20240814b49,OVX,42,2,senktide,treatment,combined,coact,baseline_floor,7,6,18.0,0.3333333333333333,43,25,7,25,True,1860.0,3060.0
20240814b49,OVX,42,2,senktide,treatment,combined,chorus_norm,unfloored,0,5,15.0,0.3333333333333333,43,25,7,25,True,1860.0,3060.0
20240814b49,OVX,42,2,senktide,treatment,combined,chorus_norm,own_floor,25,0,0.0,0.3333333333333333,43,25,7,25,True,1860.0,3060.0
20240814b49,OVX,42,2,senktide,treatment,combined,chorus_norm,baseline_floor,7,4,12.0,0.3333333333333333,43,25,7,25,True,1860.0,3060.0
20240814b49,OVX,42,2,senktide,treatment,combined,chorus_gain_norm,unfloored,0,8,24.0,0.3333333333333333,43,25,7,25,True,1860.0,3060.0
20240814b49,OVX,42,2,senktide,treatment,combined,chorus_gain_norm,own_floor,25,0,0.0,0.3333333333333333,43,25,7,25,True,1860.0,3060.0
20240814b49,OVX,42,2,senktide,treatment,combined,chorus_gain_norm,baseline_floor,7,7,21.0,0.3333333333333333,43,25,7,25,True,1860.0,3060.0
20240814b49,OVX,42,3,high K+,treatment,fast,coact,tuned,3,4,80.0396636553244,0.0499752225,43,27,6,27,True,4020.0,4199.910801
20240814b49,OVX,42,3,high K+,treatment,fast,coact,own_floor,27,0,0.0,0.0499752225,43,27,6,27,True,4020.0,4199.910801
20240814b49,OVX,42,3,high K+,treatment,fast,coact,baseline_floor,6,4,80.0396636553244,0.0499752225,43,27,6,27,True,4020.0,4199.910801
20240814b49,OVX,42,3,high K+,treatment,fast,chorus_norm,unfloored,0,0,0.0,0.0499752225,43,27,6,27,True,4020.0,4199.910801
20240814b49,OVX,42,3,high K+,treatment,fast,chorus_norm,own_floor,27,0,0.0,0.0499752225,43,27,6,27,True,4020.0,4199.910801
20240814b49,OVX,42,3,high K+,treatment,fast,chorus_norm,baseline_floor,6,0,0.0,0.0499752225,43,27,6,27,True,4020.0,4199.910801
20240814b49,OVX,42,3,high K+,treatment,fast,chorus_gain_norm,unfloored,0,0,0.0,0.0499752225,43,27,6,27,True,4020.0,4199.910801
20240814b49,OVX,42,3,high K+,treatment,fast,chorus_gain_norm,own_floor,27,0,0.0,0.0499752225,43,27,6,27,True,4020.0,4199.910801
20240814b49,OVX,42,3,high K+,treatment,fast,chorus_gain_norm,baseline_floor,6,0,0.0,0.0499752225,43,27,6,27,True,4020.0,4199.910801
20240814b49,OVX,42,3,high K+,treatment,slow,coact,tuned,6,1,20.0099159138311,0.0499752225,43,11,5,11,False,4020.0,4199.910801
20240814b49,OVX,42,3,high K+,treatment,slow,coact,own_floor,11,1,20.0099159138311,0.0499752225,43,11,5,11,False,4020.0,4199.910801
20240814b49,OVX,42,3,high K+,treatment,slow,coact,baseline_floor,5,2,40.0198318276622,0.0499752225,43,11,5,11,False,4020.0,4199.910801
20240814b49,OVX,42,3,high K+,treatment,slow,chorus_norm,unfloored,0,2,40.0198318276622,0.0499752225,43,11,5,11,False,4020.0,4199.910801
20240814b49,OVX,42,3,high K+,treatment,slow,chorus_norm,own_floor,11,2,40.0198318276622,0.0499752225,43,11,5,11,False,4020.0,4199.910801
20240814b49,OVX,42,3,high K+,treatment,slow,chorus_norm,baseline_floor,5,2,40.0198318276622,0.0499752225,43,11,5,11,False,4020.0,4199.910801
20240814b49,OVX,42,3,high K+,treatment,slow,chorus_gain_norm,unfloored,0,1,20.0099159138311,0.0499752225,43,11,5,11,False,4020.0,4199.910801
20240814b49,OVX,42,3,high K+,treatment,slow,chorus_gain_norm,own_floor,11,0,0.0,0.0499752225,43,11,5,11,False,4020.0,4199.910801
20240814b49,OVX,42,3,high K+,treatment,slow,chorus_gain_norm,baseline_floor,5,1,20.0099159138311,0.0499752225,43,11,5,11,False,4020.0,4199.910801
20240814b49,OVX,42,3,high K+,treatment,combined,coact,tuned,4,5,100.0495795691555,0.0499752225,43,27,7,27,True,4020.0,4199.910801
20240814b49,OVX,42,3,high K+,treatment,combined,coact,own_floor,27,1,20.0099159138311,0.0499752225,43,27,7,27,True,4020.0,4199.910801
20240814b49,OVX,42,3,high K+,treatment,combined,coact,baseline_floor,7,5,100.0495795691555,0.0499752225,43,27,7,27,True,4020.0,4199.910801
20240814b49,OVX,42,3,high K+,treatment,combined,chorus_norm,unfloored,0,2,40.0198318276622,0.0499752225,43,27,7,27,True,4020.0,4199.910801
20240814b49,OVX,42,3,high K+,treatment,combined,chorus_norm,own_floor,27,1,20.0099159138311,0.0499752225,43,27,7,27,True,4020.0,4199.910801
20240814b49,OVX,42,3,high K+,treatment,combined,chorus_norm,baseline_floor,7,2,40.0198318276622,0.0499752225,43,27,7,27,True,4020.0,4199.910801
20240814b49,OVX,42,3,high K+,treatment,combined,chorus_gain_norm,unfloored,0,0,0.0,0.0499752225,43,27,7,27,True,4020.0,4199.910801
20240814b49,OVX,42,3,high K+,treatment,combined,chorus_gain_norm,own_floor,27,0,0.0,0.0499752225,43,27,7,27,True,4020.0,4199.910801
20240814b49,OVX,42,3,high K+,treatment,combined,chorus_gain_norm,baseline_floor,7,0,0.0,0.0499752225,43,27,7,27,True,4020.0,4199.910801
20240827a55,MALE,44,1,baseline,baseline,fast,coact,tuned,3,2,6.0,0.3333333333333333,29,3,3,3,True,540.0,1740.0
20240827a55,MALE,44,1,baseline,baseline,fast,coact,own_floor,3,2,6.0,0.3333333333333333,29,3,3,3,True,540.0,1740.0
20240827a55,MALE,44,1,baseline,baseline,fast,coact,baseline_floor,3,2,6.0,0.3333333333333333,29,3,3,3,True,540.0,1740.0
20240827a55,MALE,44,1,baseline,baseline,fast,chorus_norm,unfloored,0,2,6.0,0.3333333333333333,29,3,3,3,True,540.0,1740.0
20240827a55,MALE,44,1,baseline,baseline,fast,chorus_norm,own_floor,3,1,3.0,0.3333333333333333,29,3,3,3,True,540.0,1740.0
20240827a55,MALE,44,1,baseline,baseline,fast,chorus_norm,baseline_floor,3,1,3.0,0.3333333333333333,29,3,3,3,True,540.0,1740.0
20240827a55,MALE,44,1,baseline,baseline,fast,chorus_gain_norm,unfloored,0,2,6.0,0.3333333333333333,29,3,3,3,True,540.0,1740.0
20240827a55,MALE,44,1,baseline,baseline,fast,chorus_gain_norm,own_floor,3,1,3.0,0.3333333333333333,29,3,3,3,True,540.0,1740.0
20240827a55,MALE,44,1,baseline,baseline,fast,chorus_gain_norm,baseline_floor,3,1,3.0,0.3333333333333333,29,3,3,3,True,540.0,1740.0
20240827a55,MALE,44,1,baseline,baseline,slow,coact,tuned,6,0,0.0,0.3333333333333333,29,3,3,3,True,540.0,1740.0
20240827a55,MALE,44,1,baseline,baseline,slow,coact,own_floor,3,2,6.0,0.3333333333333333,29,3,3,3,True,540.0,1740.0
20240827a55,MALE,44,1,baseline,baseline,slow,coact,baseline_floor,3,2,6.0,0.3333333333333333,29,3,3,3,True,540.0,1740.0
20240827a55,MALE,44,1,baseline,baseline,slow,chorus_norm,unfloored,0,1,3.0,0.3333333333333333,29,3,3,3,True,540.0,1740.0
20240827a55,MALE,44,1,baseline,baseline,slow,chorus_norm,own_floor,3,0,0.0,0.3333333333333333,29,3,3,3,True,540.0,1740.0
20240827a55,MALE,44,1,baseline,baseline,slow,chorus_norm,baseline_floor,3,0,0.0,0.3333333333333333,29,3,3,3,True,540.0,1740.0
20240827a55,MALE,44,1,baseline,baseline,slow,chorus_gain_norm,unfloored,0,0,0.0,0.3333333333333333,29,3,3,3,True,540.0,1740.0
20240827a55,MALE,44,1,baseline,baseline,slow,chorus_gain_norm,own_floor,3,0,0.0,0.3333333333333333,29,3,3,3,True,540.0,1740.0
20240827a55,MALE,44,1,baseline,baseline,slow,chorus_gain_norm,baseline_floor,3,0,0.0,0.3333333333333333,29,3,3,3,True,540.0,1740.0
20240827a55,MALE,44,1,baseline,baseline,combined,coact,tuned,4,2,6.0,0.3333333333333333,29,4,4,4,True,540.0,1740.0
20240827a55,MALE,44,1,baseline,baseline,combined,coact,own_floor,4,2,6.0,0.3333333333333333,29,4,4,4,True,540.0,1740.0
20240827a55,MALE,44,1,baseline,baseline,combined,coact,baseline_floor,4,2,6.0,0.3333333333333333,29,4,4,4,True,540.0,1740.0
20240827a55,MALE,44,1,baseline,baseline,combined,chorus_norm,unfloored,0,2,6.0,0.3333333333333333,29,4,4,4,True,540.0,1740.0
20240827a55,MALE,44,1,baseline,baseline,combined,chorus_norm,own_floor,4,2,6.0,0.3333333333333333,29,4,4,4,True,540.0,1740.0
20240827a55,MALE,44,1,baseline,baseline,combined,chorus_norm,baseline_floor,4,2,6.0,0.3333333333333333,29,4,4,4,True,540.0,1740.0
20240827a55,MALE,44,1,baseline,baseline,combined,chorus_gain_norm,unfloored,0,2,6.0,0.3333333333333333,29,4,4,4,True,540.0,1740.0
20240827a55,MALE,44,1,baseline,baseline,combined,chorus_gain_norm,own_floor,4,2,6.0,0.3333333333333333,29,4,4,4,True,540.0,1740.0
20240827a55,MALE,44,1,baseline,baseline,combined,chorus_gain_norm,baseline_floor,4,2,6.0,0.3333333333333333,29,4,4,4,True,540.0,1740.0
20240827a55,MALE,44,2,senktide,treatment,fast,coact,tuned,3,4,12.0,0.3333333333333333,29,6,3,6,True,1860.0,3060.0
20240827a55,MALE,44,2,senktide,treatment,fast,coact,own_floor,6,3,9.0,0.3333333333333333,29,6,3,6,True,1860.0,3060.0
20240827a55,MALE,44,2,senktide,treatment,fast,coact,baseline_floor,3,4,12.0,0.3333333333333333,29,6,3,6,True,1860.0,3060.0
20240827a55,MALE,44,2,senktide,treatment,fast,chorus_norm,unfloored,0,6,18.0,0.3333333333333333,29,6,3,6,True,1860.0,3060.0
20240827a55,MALE,44,2,senktide,treatment,fast,chorus_norm,own_floor,6,3,9.0,0.3333333333333333,29,6,3,6,True,1860.0,3060.0
20240827a55,MALE,44,2,senktide,treatment,fast,chorus_norm,baseline_floor,3,6,18.0,0.3333333333333333,29,6,3,6,True,1860.0,3060.0
20240827a55,MALE,44,2,senktide,treatment,fast,chorus_gain_norm,unfloored,0,5,15.0,0.3333333333333333,29,6,3,6,True,1860.0,3060.0
20240827a55,MALE,44,2,senktide,treatment,fast,chorus_gain_norm,own_floor,6,2,6.0,0.3333333333333333,29,6,3,6,True,1860.0,3060.0
20240827a55,MALE,44,2,senktide,treatment,fast,chorus_gain_norm,baseline_floor,3,5,15.0,0.3333333333333333,29,6,3,6,True,1860.0,3060.0
20240827a55,MALE,44,2,senktide,treatment,slow,coact,tuned,6,5,15.0,0.3333333333333333,29,7,3,7,True,1860.0,3060.0
20240827a55,MALE,44,2,senktide,treatment,slow,coact,own_floor,7,1,3.0,0.3333333333333333,29,7,3,7,True,1860.0,3060.0
20240827a55,MALE,44,2,senktide,treatment,slow,coact,baseline_floor,3,8,24.0,0.3333333333333333,29,7,3,7,True,1860.0,3060.0
20240827a55,MALE,44,2,senktide,treatment,slow,chorus_norm,unfloored,0,6,18.0,0.3333333333333333,29,7,3,7,True,1860.0,3060.0
20240827a55,MALE,44,2,senktide,treatment,slow,chorus_norm,own_floor,7,1,3.0,0.3333333333333333,29,7,3,7,True,1860.0,3060.0
20240827a55,MALE,44,2,senktide,treatment,slow,chorus_norm,baseline_floor,3,6,18.0,0.3333333333333333,29,7,3,7,True,1860.0,3060.0
20240827a55,MALE,44,2,senktide,treatment,slow,chorus_gain_norm,unfloored,0,4,12.0,0.3333333333333333,29,7,3,7,True,1860.0,3060.0
20240827a55,MALE,44,2,senktide,treatment,slow,chorus_gain_norm,own_floor,7,1,3.0,0.3333333333333333,29,7,3,7,True,1860.0,3060.0
20240827a55,MALE,44,2,senktide,treatment,slow,chorus_gain_norm,baseline_floor,3,4,12.0,0.3333333333333333,29,7,3,7,True,1860.0,3060.0
20240827a55,MALE,44,2,senktide,treatment,combined,coact,tuned,4,8,24.0,0.3333333333333333,29,9,4,9,True,1860.0,3060.0
20240827a55,MALE,44,2,senktide,treatment,combined,coact,own_floor,9,3,9.0,0.3333333333333333,29,9,4,9,True,1860.0,3060.0
20240827a55,MALE,44,2,senktide,treatment,combined,coact,baseline_floor,4,8,24.0,0.3333333333333333,29,9,4,9,True,1860.0,3060.0
20240827a55,MALE,44,2,senktide,treatment,combined,chorus_norm,unfloored,0,11,33.0,0.3333333333333333,29,9,4,9,True,1860.0,3060.0
20240827a55,MALE,44,2,senktide,treatment,combined,chorus_norm,own_floor,9,2,6.0,0.3333333333333333,29,9,4,9,True,1860.0,3060.0
20240827a55,MALE,44,2,senktide,treatment,combined,chorus_norm,baseline_floor,4,10,30.0,0.3333333333333333,29,9,4,9,True,1860.0,3060.0
20240827a55,MALE,44,2,senktide,treatment,combined,chorus_gain_norm,unfloored,0,10,30.0,0.3333333333333333,29,9,4,9,True,1860.0,3060.0
20240827a55,MALE,44,2,senktide,treatment,combined,chorus_gain_norm,own_floor,9,3,9.0,0.3333333333333333,29,9,4,9,True,1860.0,3060.0
20240827a55,MALE,44,2,senktide,treatment,combined,chorus_gain_norm,baseline_floor,4,9,27.0,0.3333333333333333,29,9,4,9,True,1860.0,3060.0
20240827a55,MALE,44,3,high K+,treatment,fast,coact,tuned,3,3,36.0107070635312,0.08330855583333333,29,11,3,11,True,3900.0,4199.910801
20240827a55,MALE,44,3,high K+,treatment,fast,coact,own_floor,11,0,0.0,0.08330855583333333,29,11,3,11,True,3900.0,4199.910801
20240827a55,MALE,44,3,high K+,treatment,fast,coact,baseline_floor,3,3,36.0107070635312,0.08330855583333333,29,11,3,11,True,3900.0,4199.910801
20240827a55,MALE,44,3,high K+,treatment,fast,chorus_norm,unfloored,0,2,24.007138042354136,0.08330855583333333,29,11,3,11,True,3900.0,4199.910801
20240827a55,MALE,44,3,high K+,treatment,fast,chorus_norm,own_floor,11,0,0.0,0.08330855583333333,29,11,3,11,True,3900.0,4199.910801
20240827a55,MALE,44,3,high K+,treatment,fast,chorus_norm,baseline_floor,3,2,24.007138042354136,0.08330855583333333,29,11,3,11,True,3900.0,4199.910801
20240827a55,MALE,44,3,high K+,treatment,fast,chorus_gain_norm,unfloored,0,2,24.007138042354136,0.08330855583333333,29,11,3,11,True,3900.0,4199.910801
20240827a55,MALE,44,3,high K+,treatment,fast,chorus_gain_norm,own_floor,11,0,0.0,0.08330855583333333,29,11,3,11,True,3900.0,4199.910801
20240827a55,MALE,44,3,high K+,treatment,fast,chorus_gain_norm,baseline_floor,3,2,24.007138042354136,0.08330855583333333,29,11,3,11,True,3900.0,4199.910801
20240827a55,MALE,44,3,high K+,treatment,slow,coact,tuned,6,3,36.0107070635312,0.08330855583333333,29,9,3,9,True,3900.0,4199.910801
20240827a55,MALE,44,3,high K+,treatment,slow,coact,own_floor,9,2,24.007138042354136,0.08330855583333333,29,9,3,9,True,3900.0,4199.910801
20240827a55,MALE,44,3,high K+,treatment,slow,coact,baseline_floor,3,4,48.01427608470827,0.08330855583333333,29,9,3,9,True,3900.0,4199.910801
20240827a55,MALE,44,3,high K+,treatment,slow,chorus_norm,unfloored,0,4,48.01427608470827,0.08330855583333333,29,9,3,9,True,3900.0,4199.910801
20240827a55,MALE,44,3,high K+,treatment,slow,chorus_norm,own_floor,9,1,12.003569021177068,0.08330855583333333,29,9,3,9,True,3900.0,4199.910801
20240827a55,MALE,44,3,high K+,treatment,slow,chorus_norm,baseline_floor,3,4,48.01427608470827,0.08330855583333333,29,9,3,9,True,3900.0,4199.910801
20240827a55,MALE,44,3,high K+,treatment,slow,chorus_gain_norm,unfloored,0,1,12.003569021177068,0.08330855583333333,29,9,3,9,True,3900.0,4199.910801
20240827a55,MALE,44,3,high K+,treatment,slow,chorus_gain_norm,own_floor,9,0,0.0,0.08330855583333333,29,9,3,9,True,3900.0,4199.910801
20240827a55,MALE,44,3,high K+,treatment,slow,chorus_gain_norm,baseline_floor,3,1,12.003569021177068,0.08330855583333333,29,9,3,9,True,3900.0,4199.910801
20240827a55,MALE,44,3,high K+,treatment,combined,coact,tuned,4,5,60.017845105885335,0.08330855583333333,29,13,4,13,True,3900.0,4199.910801
20240827a55,MALE,44,3,high K+,treatment,combined,coact,own_floor,13,2,24.007138042354136,0.08330855583333333,29,13,4,13,True,3900.0,4199.910801
20240827a55,MALE,44,3,high K+,treatment,combined,coact,baseline_floor,4,5,60.017845105885335,0.08330855583333333,29,13,4,13,True,3900.0,4199.910801
20240827a55,MALE,44,3,high K+,treatment,combined,chorus_norm,unfloored,0,5,60.017845105885335,0.08330855583333333,29,13,4,13,True,3900.0,4199.910801
20240827a55,MALE,44,3,high K+,treatment,combined,chorus_norm,own_floor,13,2,24.007138042354136,0.08330855583333333,29,13,4,13,True,3900.0,4199.910801
20240827a55,MALE,44,3,high K+,treatment,combined,chorus_norm,baseline_floor,4,4,48.01427608470827,0.08330855583333333,29,13,4,13,True,3900.0,4199.910801
20240827a55,MALE,44,3,high K+,treatment,combined,chorus_gain_norm,unfloored,0,4,48.01427608470827,0.08330855583333333,29,13,4,13,True,3900.0,4199.910801
20240827a55,MALE,44,3,high K+,treatment,combined,chorus_gain_norm,own_floor,13,0,0.0,0.08330855583333333,29,13,4,13,True,3900.0,4199.910801
20240827a55,MALE,44,3,high K+,treatment,combined,chorus_gain_norm,baseline_floor,4,3,36.0107070635312,0.08330855583333333,29,13,4,13,True,3900.0,4199.910801
20240827b57,MALE,44,1,baseline,baseline,fast,coact,tuned,3,0,0.0,0.3333333333333333,36,6,6,6,True,540.0,1740.0
20240827b57,MALE,44,1,baseline,baseline,fast,coact,own_floor,6,0,0.0,0.3333333333333333,36,6,6,6,True,540.0,1740.0
20240827b57,MALE,44,1,baseline,baseline,fast,coact,baseline_floor,6,0,0.0,0.3333333333333333,36,6,6,6,True,540.0,1740.0
20240827b57,MALE,44,1,baseline,baseline,fast,chorus_norm,unfloored,0,1,3.0,0.3333333333333333,36,6,6,6,True,540.0,1740.0
20240827b57,MALE,44,1,baseline,baseline,fast,chorus_norm,own_floor,6,0,0.0,0.3333333333333333,36,6,6,6,True,540.0,1740.0
20240827b57,MALE,44,1,baseline,baseline,fast,chorus_norm,baseline_floor,6,0,0.0,0.3333333333333333,36,6,6,6,True,540.0,1740.0
20240827b57,MALE,44,1,baseline,baseline,fast,chorus_gain_norm,unfloored,0,0,0.0,0.3333333333333333,36,6,6,6,True,540.0,1740.0
20240827b57,MALE,44,1,baseline,baseline,fast,chorus_gain_norm,own_floor,6,0,0.0,0.3333333333333333,36,6,6,6,True,540.0,1740.0
20240827b57,MALE,44,1,baseline,baseline,fast,chorus_gain_norm,baseline_floor,6,0,0.0,0.3333333333333333,36,6,6,6,True,540.0,1740.0
20240827b57,MALE,44,1,baseline,baseline,slow,coact,tuned,6,0,0.0,0.3333333333333333,36,4,4,4,True,540.0,1740.0
20240827b57,MALE,44,1,baseline,baseline,slow,coact,own_floor,4,0,0.0,0.3333333333333333,36,4,4,4,True,540.0,1740.0
20240827b57,MALE,44,1,baseline,baseline,slow,coact,baseline_floor,4,0,0.0,0.3333333333333333,36,4,4,4,True,540.0,1740.0
20240827b57,MALE,44,1,baseline,baseline,slow,chorus_norm,unfloored,0,0,0.0,0.3333333333333333,36,4,4,4,True,540.0,1740.0
20240827b57,MALE,44,1,baseline,baseline,slow,chorus_norm,own_floor,4,0,0.0,0.3333333333333333,36,4,4,4,True,540.0,1740.0
20240827b57,MALE,44,1,baseline,baseline,slow,chorus_norm,baseline_floor,4,0,0.0,0.3333333333333333,36,4,4,4,True,540.0,1740.0
20240827b57,MALE,44,1,baseline,baseline,slow,chorus_gain_norm,unfloored,0,0,0.0,0.3333333333333333,36,4,4,4,True,540.0,1740.0
20240827b57,MALE,44,1,baseline,baseline,slow,chorus_gain_norm,own_floor,4,0,0.0,0.3333333333333333,36,4,4,4,True,540.0,1740.0
20240827b57,MALE,44,1,baseline,baseline,slow,chorus_gain_norm,baseline_floor,4,0,0.0,0.3333333333333333,36,4,4,4,True,540.0,1740.0
20240827b57,MALE,44,1,baseline,baseline,combined,coact,tuned,4,0,0.0,0.3333333333333333,36,6,6,6,True,540.0,1740.0
20240827b57,MALE,44,1,baseline,baseline,combined,coact,own_floor,6,0,0.0,0.3333333333333333,36,6,6,6,True,540.0,1740.0
20240827b57,MALE,44,1,baseline,baseline,combined,coact,baseline_floor,6,0,0.0,0.3333333333333333,36,6,6,6,True,540.0,1740.0
20240827b57,MALE,44,1,baseline,baseline,combined,chorus_norm,unfloored,0,0,0.0,0.3333333333333333,36,6,6,6,True,540.0,1740.0
20240827b57,MALE,44,1,baseline,baseline,combined,chorus_norm,own_floor,6,0,0.0,0.3333333333333333,36,6,6,6,True,540.0,1740.0
20240827b57,MALE,44,1,baseline,baseline,combined,chorus_norm,baseline_floor,6,0,0.0,0.3333333333333333,36,6,6,6,True,540.0,1740.0
20240827b57,MALE,44,1,baseline,baseline,combined,chorus_gain_norm,unfloored,0,0,0.0,0.3333333333333333,36,6,6,6,True,540.0,1740.0
20240827b57,MALE,44,1,baseline,baseline,combined,chorus_gain_norm,own_floor,6,0,0.0,0.3333333333333333,36,6,6,6,True,540.0,1740.0
20240827b57,MALE,44,1,baseline,baseline,combined,chorus_gain_norm,baseline_floor,6,0,0.0,0.3333333333333333,36,6,6,6,True,540.0,1740.0
20240827b57,MALE,44,2,senktide,treatment,fast,coact,tuned,3,2,6.0,0.3333333333333333,36,16,6,16,True,1860.0,3060.0
20240827b57,MALE,44,2,senktide,treatment,fast,coact,own_floor,16,0,0.0,0.3333333333333333,36,16,6,16,True,1860.0,3060.0
20240827b57,MALE,44,2,senktide,treatment,fast,coact,baseline_floor,6,0,0.0,0.3333333333333333,36,16,6,16,True,1860.0,3060.0
20240827b57,MALE,44,2,senktide,treatment,fast,chorus_norm,unfloored,0,2,6.0,0.3333333333333333,36,16,6,16,True,1860.0,3060.0
20240827b57,MALE,44,2,senktide,treatment,fast,chorus_norm,own_floor,16,0,0.0,0.3333333333333333,36,16,6,16,True,1860.0,3060.0
20240827b57,MALE,44,2,senktide,treatment,fast,chorus_norm,baseline_floor,6,0,0.0,0.3333333333333333,36,16,6,16,True,1860.0,3060.0
20240827b57,MALE,44,2,senktide,treatment,fast,chorus_gain_norm,unfloored,0,1,3.0,0.3333333333333333,36,16,6,16,True,1860.0,3060.0
20240827b57,MALE,44,2,senktide,treatment,fast,chorus_gain_norm,own_floor,16,0,0.0,0.3333333333333333,36,16,6,16,True,1860.0,3060.0
20240827b57,MALE,44,2,senktide,treatment,fast,chorus_gain_norm,baseline_floor,6,0,0.0,0.3333333333333333,36,16,6,16,True,1860.0,3060.0
20240827b57,MALE,44,2,senktide,treatment,slow,coact,tuned,6,3,9.0,0.3333333333333333,36,10,4,10,False,1860.0,3060.0
20240827b57,MALE,44,2,senktide,treatment,slow,coact,own_floor,10,0,0.0,0.3333333333333333,36,10,4,10,False,1860.0,3060.0
20240827b57,MALE,44,2,senktide,treatment,slow,coact,baseline_floor,4,8,24.0,0.3333333333333333,36,10,4,10,False,1860.0,3060.0
20240827b57,MALE,44,2,senktide,treatment,slow,chorus_norm,unfloored,0,1,3.0,0.3333333333333333,36,10,4,10,False,1860.0,3060.0
20240827b57,MALE,44,2,senktide,treatment,slow,chorus_norm,own_floor,10,0,0.0,0.3333333333333333,36,10,4,10,False,1860.0,3060.0
20240827b57,MALE,44,2,senktide,treatment,slow,chorus_norm,baseline_floor,4,1,3.0,0.3333333333333333,36,10,4,10,False,1860.0,3060.0
20240827b57,MALE,44,2,senktide,treatment,slow,chorus_gain_norm,unfloored,0,1,3.0,0.3333333333333333,36,10,4,10,False,1860.0,3060.0
20240827b57,MALE,44,2,senktide,treatment,slow,chorus_gain_norm,own_floor,10,0,0.0,0.3333333333333333,36,10,4,10,False,1860.0,3060.0
20240827b57,MALE,44,2,senktide,treatment,slow,chorus_gain_norm,baseline_floor,4,1,3.0,0.3333333333333333,36,10,4,10,False,1860.0,3060.0
20240827b57,MALE,44,2,senktide,treatment,combined,coact,tuned,4,6,18.0,0.3333333333333333,36,19,6,19,True,1860.0,3060.0
20240827b57,MALE,44,2,senktide,treatment,combined,coact,own_floor,19,1,3.0,0.3333333333333333,36,19,6,19,True,1860.0,3060.0
20240827b57,MALE,44,2,senktide,treatment,combined,coact,baseline_floor,6,6,18.0,0.3333333333333333,36,19,6,19,True,1860.0,3060.0
20240827b57,MALE,44,2,senktide,treatment,combined,chorus_norm,unfloored,0,4,12.0,0.3333333333333333,36,19,6,19,True,1860.0,3060.0
20240827b57,MALE,44,2,senktide,treatment,combined,chorus_norm,own_floor,19,0,0.0,0.3333333333333333,36,19,6,19,True,1860.0,3060.0
20240827b57,MALE,44,2,senktide,treatment,combined,chorus_norm,baseline_floor,6,2,6.0,0.3333333333333333,36,19,6,19,True,1860.0,3060.0
20240827b57,MALE,44,2,senktide,treatment,combined,chorus_gain_norm,unfloored,0,6,18.0,0.3333333333333333,36,19,6,19,True,1860.0,3060.0
20240827b57,MALE,44,2,senktide,treatment,combined,chorus_gain_norm,own_floor,19,0,0.0,0.3333333333333333,36,19,6,19,True,1860.0,3060.0
20240827b57,MALE,44,2,senktide,treatment,combined,chorus_gain_norm,baseline_floor,6,2,6.0,0.3333333333333333,36,19,6,19,True,1860.0,3060.0
20240827b57,MALE,44,3,high K+,treatment,fast,coact,tuned,3,2,20.004956728153317,0.0999752225,36,19,6,19,True,3840.0,4199.910801
20240827b57,MALE,44,3,high K+,treatment,fast,coact,own_floor,19,0,0.0,0.0999752225,36,19,6,19,True,3840.0,4199.910801
20240827b57,MALE,44,3,high K+,treatment,fast,coact,baseline_floor,6,2,20.004956728153317,0.0999752225,36,19,6,19,True,3840.0,4199.910801
20240827b57,MALE,44,3,high K+,treatment,fast,chorus_norm,unfloored,0,0,0.0,0.0999752225,36,19,6,19,True,3840.0,4199.910801
20240827b57,MALE,44,3,high K+,treatment,fast,chorus_norm,own_floor,19,0,0.0,0.0999752225,36,19,6,19,True,3840.0,4199.910801
20240827b57,MALE,44,3,high K+,treatment,fast,chorus_norm,baseline_floor,6,0,0.0,0.0999752225,36,19,6,19,True,3840.0,4199.910801
20240827b57,MALE,44,3,high K+,treatment,fast,chorus_gain_norm,unfloored,0,0,0.0,0.0999752225,36,19,6,19,True,3840.0,4199.910801
20240827b57,MALE,44,3,high K+,treatment,fast,chorus_gain_norm,own_floor,19,0,0.0,0.0999752225,36,19,6,19,True,3840.0,4199.910801
20240827b57,MALE,44,3,high K+,treatment,fast,chorus_gain_norm,baseline_floor,6,0,0.0,0.0999752225,36,19,6,19,True,3840.0,4199.910801
20240827b57,MALE,44,3,high K+,treatment,slow,coact,tuned,6,3,30.007435092229976,0.0999752225,36,10,4,10,False,3840.0,4199.910801
20240827b57,MALE,44,3,high K+,treatment,slow,coact,own_floor,10,2,20.004956728153317,0.0999752225,36,10,4,10,False,3840.0,4199.910801
20240827b57,MALE,44,3,high K+,treatment,slow,coact,baseline_floor,4,3,30.007435092229976,0.0999752225,36,10,4,10,False,3840.0,4199.910801
20240827b57,MALE,44,3,high K+,treatment,slow,chorus_norm,unfloored,0,0,0.0,0.0999752225,36,10,4,10,False,3840.0,4199.910801
20240827b57,MALE,44,3,high K+,treatment,slow,chorus_norm,own_floor,10,0,0.0,0.0999752225,36,10,4,10,False,3840.0,4199.910801
20240827b57,MALE,44,3,high K+,treatment,slow,chorus_norm,baseline_floor,4,0,0.0,0.0999752225,36,10,4,10,False,3840.0,4199.910801
20240827b57,MALE,44,3,high K+,treatment,slow,chorus_gain_norm,unfloored,0,0,0.0,0.0999752225,36,10,4,10,False,3840.0,4199.910801
20240827b57,MALE,44,3,high K+,treatment,slow,chorus_gain_norm,own_floor,10,0,0.0,0.0999752225,36,10,4,10,False,3840.0,4199.910801
20240827b57,MALE,44,3,high K+,treatment,slow,chorus_gain_norm,baseline_floor,4,0,0.0,0.0999752225,36,10,4,10,False,3840.0,4199.910801
20240827b57,MALE,44,3,high K+,treatment,combined,coact,tuned,4,2,20.004956728153317,0.0999752225,36,21,6,21,True,3840.0,4199.910801
20240827b57,MALE,44,3,high K+,treatment,combined,coact,own_floor,21,0,0.0,0.0999752225,36,21,6,21,True,3840.0,4199.910801
20240827b57,MALE,44,3,high K+,treatment,combined,coact,baseline_floor,6,2,20.004956728153317,0.0999752225,36,21,6,21,True,3840.0,4199.910801
20240827b57,MALE,44,3,high K+,treatment,combined,chorus_norm,unfloored,0,1,10.002478364076659,0.0999752225,36,21,6,21,True,3840.0,4199.910801
20240827b57,MALE,44,3,high K+,treatment,combined,chorus_norm,own_floor,21,0,0.0,0.0999752225,36,21,6,21,True,3840.0,4199.910801
20240827b57,MALE,44,3,high K+,treatment,combined,chorus_norm,baseline_floor,6,1,10.002478364076659,0.0999752225,36,21,6,21,True,3840.0,4199.910801
20240827b57,MALE,44,3,high K+,treatment,combined,chorus_gain_norm,unfloored,0,2,20.004956728153317,0.0999752225,36,21,6,21,True,3840.0,4199.910801
20240827b57,MALE,44,3,high K+,treatment,combined,chorus_gain_norm,own_floor,21,0,0.0,0.0999752225,36,21,6,21,True,3840.0,4199.910801
20240827b57,MALE,44,3,high K+,treatment,combined,chorus_gain_norm,baseline_floor,6,2,20.004956728153317,0.0999752225,36,21,6,21,True,3840.0,4199.910801
20240930_65,DI,46,1,baseline,baseline,fast,coact,tuned,3,11,33.0,0.3333333333333333,53,6,6,6,True,0.0,1200.0
20240930_65,DI,46,1,baseline,baseline,fast,coact,own_floor,6,4,12.0,0.3333333333333333,53,6,6,6,True,0.0,1200.0
20240930_65,DI,46,1,baseline,baseline,fast,coact,baseline_floor,6,4,12.0,0.3333333333333333,53,6,6,6,True,0.0,1200.0
20240930_65,DI,46,1,baseline,baseline,fast,chorus_norm,unfloored,0,10,30.0,0.3333333333333333,53,6,6,6,True,0.0,1200.0
20240930_65,DI,46,1,baseline,baseline,fast,chorus_norm,own_floor,6,3,9.0,0.3333333333333333,53,6,6,6,True,0.0,1200.0
20240930_65,DI,46,1,baseline,baseline,fast,chorus_norm,baseline_floor,6,3,9.0,0.3333333333333333,53,6,6,6,True,0.0,1200.0
20240930_65,DI,46,1,baseline,baseline,fast,chorus_gain_norm,unfloored,0,15,45.0,0.3333333333333333,53,6,6,6,True,0.0,1200.0
20240930_65,DI,46,1,baseline,baseline,fast,chorus_gain_norm,own_floor,6,3,9.0,0.3333333333333333,53,6,6,6,True,0.0,1200.0
20240930_65,DI,46,1,baseline,baseline,fast,chorus_gain_norm,baseline_floor,6,3,9.0,0.3333333333333333,53,6,6,6,True,0.0,1200.0
20240930_65,DI,46,1,baseline,baseline,slow,coact,tuned,6,14,42.0,0.3333333333333333,53,12,12,12,True,0.0,1200.0
20240930_65,DI,46,1,baseline,baseline,slow,coact,own_floor,12,13,39.0,0.3333333333333333,53,12,12,12,True,0.0,1200.0
20240930_65,DI,46,1,baseline,baseline,slow,coact,baseline_floor,12,13,39.0,0.3333333333333333,53,12,12,12,True,0.0,1200.0
20240930_65,DI,46,1,baseline,baseline,slow,chorus_norm,unfloored,0,12,36.0,0.3333333333333333,53,12,12,12,True,0.0,1200.0
20240930_65,DI,46,1,baseline,baseline,slow,chorus_norm,own_floor,12,12,36.0,0.3333333333333333,53,12,12,12,True,0.0,1200.0
20240930_65,DI,46,1,baseline,baseline,slow,chorus_norm,baseline_floor,12,12,36.0,0.3333333333333333,53,12,12,12,True,0.0,1200.0
20240930_65,DI,46,1,baseline,baseline,slow,chorus_gain_norm,unfloored,0,13,39.0,0.3333333333333333,53,12,12,12,True,0.0,1200.0
20240930_65,DI,46,1,baseline,baseline,slow,chorus_gain_norm,own_floor,12,12,36.0,0.3333333333333333,53,12,12,12,True,0.0,1200.0
20240930_65,DI,46,1,baseline,baseline,slow,chorus_gain_norm,baseline_floor,12,12,36.0,0.3333333333333333,53,12,12,12,True,0.0,1200.0
20240930_65,DI,46,1,baseline,baseline,combined,coact,tuned,4,16,48.0,0.3333333333333333,53,13,13,13,True,0.0,1200.0
20240930_65,DI,46,1,baseline,baseline,combined,coact,own_floor,13,13,39.0,0.3333333333333333,53,13,13,13,True,0.0,1200.0
20240930_65,DI,46,1,baseline,baseline,combined,coact,baseline_floor,13,13,39.0,0.3333333333333333,53,13,13,13,True,0.0,1200.0
20240930_65,DI,46,1,baseline,baseline,combined,chorus_norm,unfloored,0,16,48.0,0.3333333333333333,53,13,13,13,True,0.0,1200.0
20240930_65,DI,46,1,baseline,baseline,combined,chorus_norm,own_floor,13,13,39.0,0.3333333333333333,53,13,13,13,True,0.0,1200.0
20240930_65,DI,46,1,baseline,baseline,combined,chorus_norm,baseline_floor,13,13,39.0,0.3333333333333333,53,13,13,13,True,0.0,1200.0
20240930_65,DI,46,1,baseline,baseline,combined,chorus_gain_norm,unfloored,0,18,54.0,0.3333333333333333,53,13,13,13,True,0.0,1200.0
20240930_65,DI,46,1,baseline,baseline,combined,chorus_gain_norm,own_floor,13,14,42.0,0.3333333333333333,53,13,13,13,True,0.0,1200.0
20240930_65,DI,46,1,baseline,baseline,combined,chorus_gain_norm,baseline_floor,13,14,42.0,0.3333333333333333,53,13,13,13,True,0.0,1200.0
20240930_65,DI,46,2,TTX,treatment,fast,coact,tuned,3,28,84.0,0.3333333333333333,53,7,6,7,True,1320.0,2520.0
20240930_65,DI,46,2,TTX,treatment,fast,coact,own_floor,7,13,39.0,0.3333333333333333,53,7,6,7,True,1320.0,2520.0
20240930_65,DI,46,2,TTX,treatment,fast,coact,baseline_floor,6,20,60.0,0.3333333333333333,53,7,6,7,True,1320.0,2520.0
20240930_65,DI,46,2,TTX,treatment,fast,chorus_norm,unfloored,0,29,87.0,0.3333333333333333,53,7,6,7,True,1320.0,2520.0
20240930_65,DI,46,2,TTX,treatment,fast,chorus_norm,own_floor,7,9,27.0,0.3333333333333333,53,7,6,7,True,1320.0,2520.0
20240930_65,DI,46,2,TTX,treatment,fast,chorus_norm,baseline_floor,6,16,48.0,0.3333333333333333,53,7,6,7,True,1320.0,2520.0
20240930_65,DI,46,2,TTX,treatment,fast,chorus_gain_norm,unfloored,0,28,84.0,0.3333333333333333,53,7,6,7,True,1320.0,2520.0
20240930_65,DI,46,2,TTX,treatment,fast,chorus_gain_norm,own_floor,7,8,24.0,0.3333333333333333,53,7,6,7,True,1320.0,2520.0
20240930_65,DI,46,2,TTX,treatment,fast,chorus_gain_norm,baseline_floor,6,14,42.0,0.3333333333333333,53,7,6,7,True,1320.0,2520.0
20240930_65,DI,46,2,TTX,treatment,slow,coact,tuned,6,40,120.0,0.3333333333333333,53,14,12,14,True,1320.0,2520.0
20240930_65,DI,46,2,TTX,treatment,slow,coact,own_floor,14,24,72.0,0.3333333333333333,53,14,12,14,True,1320.0,2520.0
20240930_65,DI,46,2,TTX,treatment,slow,coact,baseline_floor,12,28,84.0,0.3333333333333333,53,14,12,14,True,1320.0,2520.0
20240930_65,DI,46,2,TTX,treatment,slow,chorus_norm,unfloored,0,31,93.0,0.3333333333333333,53,14,12,14,True,1320.0,2520.0
20240930_65,DI,46,2,TTX,treatment,slow,chorus_norm,own_floor,14,20,60.0,0.3333333333333333,53,14,12,14,True,1320.0,2520.0
20240930_65,DI,46,2,TTX,treatment,slow,chorus_norm,baseline_floor,12,21,63.0,0.3333333333333333,53,14,12,14,True,1320.0,2520.0
20240930_65,DI,46,2,TTX,treatment,slow,chorus_gain_norm,unfloored,0,28,84.0,0.3333333333333333,53,14,12,14,True,1320.0,2520.0
20240930_65,DI,46,2,TTX,treatment,slow,chorus_gain_norm,own_floor,14,16,48.0,0.3333333333333333,53,14,12,14,True,1320.0,2520.0
20240930_65,DI,46,2,TTX,treatment,slow,chorus_gain_norm,baseline_floor,12,16,48.0,0.3333333333333333,53,14,12,14,True,1320.0,2520.0
20240930_65,DI,46,2,TTX,treatment,combined,coact,tuned,4,41,123.0,0.3333333333333333,53,15,13,15,True,1320.0,2520.0
20240930_65,DI,46,2,TTX,treatment,combined,coact,own_floor,15,27,81.0,0.3333333333333333,53,15,13,15,True,1320.0,2520.0
20240930_65,DI,46,2,TTX,treatment,combined,coact,baseline_floor,13,31,93.0,0.3333333333333333,53,15,13,15,True,1320.0,2520.0
20240930_65,DI,46,2,TTX,treatment,combined,chorus_norm,unfloored,0,58,174.0,0.3333333333333333,53,15,13,15,True,1320.0,2520.0
20240930_65,DI,46,2,TTX,treatment,combined,chorus_norm,own_floor,15,29,87.0,0.3333333333333333,53,15,13,15,True,1320.0,2520.0
20240930_65,DI,46,2,TTX,treatment,combined,chorus_norm,baseline_floor,13,31,93.0,0.3333333333333333,53,15,13,15,True,1320.0,2520.0
20240930_65,DI,46,2,TTX,treatment,combined,chorus_gain_norm,unfloored,0,63,189.0,0.3333333333333333,53,15,13,15,True,1320.0,2520.0
20240930_65,DI,46,2,TTX,treatment,combined,chorus_gain_norm,own_floor,15,23,69.0,0.3333333333333333,53,15,13,15,True,1320.0,2520.0
20240930_65,DI,46,2,TTX,treatment,combined,chorus_gain_norm,baseline_floor,13,24,72.0,0.3333333333333333,53,15,13,15,True,1320.0,2520.0
20240930_65,DI,46,3,senktide,treatment,fast,coact,tuned,3,7,30.0,0.23333333333333334,53,5,6,5,True,3060.0,3900.0
20240930_65,DI,46,3,senktide,treatment,fast,coact,own_floor,5,2,8.571428571428571,0.23333333333333334,53,5,6,5,True,3060.0,3900.0
20240930_65,DI,46,3,senktide,treatment,fast,coact,baseline_floor,6,1,4.285714285714286,0.23333333333333334,53,5,6,5,True,3060.0,3900.0
20240930_65,DI,46,3,senktide,treatment,fast,chorus_norm,unfloored,0,1,4.285714285714286,0.23333333333333334,53,5,6,5,True,3060.0,3900.0
20240930_65,DI,46,3,senktide,treatment,fast,chorus_norm,own_floor,5,1,4.285714285714286,0.23333333333333334,53,5,6,5,True,3060.0,3900.0
20240930_65,DI,46,3,senktide,treatment,fast,chorus_norm,baseline_floor,6,1,4.285714285714286,0.23333333333333334,53,5,6,5,True,3060.0,3900.0
20240930_65,DI,46,3,senktide,treatment,fast,chorus_gain_norm,unfloored,0,4,17.142857142857142,0.23333333333333334,53,5,6,5,True,3060.0,3900.0
20240930_65,DI,46,3,senktide,treatment,fast,chorus_gain_norm,own_floor,5,1,4.285714285714286,0.23333333333333334,53,5,6,5,True,3060.0,3900.0
20240930_65,DI,46,3,senktide,treatment,fast,chorus_gain_norm,baseline_floor,6,1,4.285714285714286,0.23333333333333334,53,5,6,5,True,3060.0,3900.0
20240930_65,DI,46,3,senktide,treatment,slow,coact,tuned,6,16,68.57142857142857,0.23333333333333334,53,7,12,7,True,3060.0,3900.0
20240930_65,DI,46,3,senktide,treatment,slow,coact,own_floor,7,12,51.42857142857143,0.23333333333333334,53,7,12,7,True,3060.0,3900.0
20240930_65,DI,46,3,senktide,treatment,slow,coact,baseline_floor,12,4,17.142857142857142,0.23333333333333334,53,7,12,7,True,3060.0,3900.0
20240930_65,DI,46,3,senktide,treatment,slow,chorus_norm,unfloored,0,12,51.42857142857143,0.23333333333333334,53,7,12,7,True,3060.0,3900.0
20240930_65,DI,46,3,senktide,treatment,slow,chorus_norm,own_floor,7,10,42.857142857142854,0.23333333333333334,53,7,12,7,True,3060.0,3900.0
20240930_65,DI,46,3,senktide,treatment,slow,chorus_norm,baseline_floor,12,3,12.857142857142858,0.23333333333333334,53,7,12,7,True,3060.0,3900.0
20240930_65,DI,46,3,senktide,treatment,slow,chorus_gain_norm,unfloored,0,12,51.42857142857143,0.23333333333333334,53,7,12,7,True,3060.0,3900.0
20240930_65,DI,46,3,senktide,treatment,slow,chorus_gain_norm,own_floor,7,8,34.285714285714285,0.23333333333333334,53,7,12,7,True,3060.0,3900.0
20240930_65,DI,46,3,senktide,treatment,slow,chorus_gain_norm,baseline_floor,12,2,8.571428571428571,0.23333333333333334,53,7,12,7,True,3060.0,3900.0
20240930_65,DI,46,3,senktide,treatment,combined,coact,tuned,4,19,81.42857142857143,0.23333333333333334,53,8,13,8,True,3060.0,3900.0
20240930_65,DI,46,3,senktide,treatment,combined,coact,own_floor,8,12,51.42857142857143,0.23333333333333334,53,8,13,8,True,3060.0,3900.0
20240930_65,DI,46,3,senktide,treatment,combined,coact,baseline_floor,13,5,21.428571428571427,0.23333333333333334,53,8,13,8,True,3060.0,3900.0
20240930_65,DI,46,3,senktide,treatment,combined,chorus_norm,unfloored,0,17,72.85714285714286,0.23333333333333334,53,8,13,8,True,3060.0,3900.0
20240930_65,DI,46,3,senktide,treatment,combined,chorus_norm,own_floor,8,10,42.857142857142854,0.23333333333333334,53,8,13,8,True,3060.0,3900.0
20240930_65,DI,46,3,senktide,treatment,combined,chorus_norm,baseline_floor,13,5,21.428571428571427,0.23333333333333334,53,8,13,8,True,3060.0,3900.0
20240930_65,DI,46,3,senktide,treatment,combined,chorus_gain_norm,unfloored,0,20,85.71428571428571,0.23333333333333334,53,8,13,8,True,3060.0,3900.0
20240930_65,DI,46,3,senktide,treatment,combined,chorus_gain_norm,own_floor,8,11,47.14285714285714,0.23333333333333334,53,8,13,8,True,3060.0,3900.0
20240930_65,DI,46,3,senktide,treatment,combined,chorus_gain_norm,baseline_floor,13,4,17.142857142857142,0.23333333333333334,53,8,13,8,True,3060.0,3900.0
20240930_65,DI,46,4,high K+,treatment,fast,coact,tuned,3,3,36.0107070635312,0.08330855583333333,53,6,6,6,True,3900.0,4199.910801
20240930_65,DI,46,4,high K+,treatment,fast,coact,own_floor,6,0,0.0,0.08330855583333333,53,6,6,6,True,3900.0,4199.910801
20240930_65,DI,46,4,high K+,treatment,fast,coact,baseline_floor,6,0,0.0,0.08330855583333333,53,6,6,6,True,3900.0,4199.910801
20240930_65,DI,46,4,high K+,treatment,fast,chorus_norm,unfloored,0,1,12.003569021177068,0.08330855583333333,53,6,6,6,True,3900.0,4199.910801
20240930_65,DI,46,4,high K+,treatment,fast,chorus_norm,own_floor,6,0,0.0,0.08330855583333333,53,6,6,6,True,3900.0,4199.910801
20240930_65,DI,46,4,high K+,treatment,fast,chorus_norm,baseline_floor,6,0,0.0,0.08330855583333333,53,6,6,6,True,3900.0,4199.910801
20240930_65,DI,46,4,high K+,treatment,fast,chorus_gain_norm,unfloored,0,2,24.007138042354136,0.08330855583333333,53,6,6,6,True,3900.0,4199.910801
20240930_65,DI,46,4,high K+,treatment,fast,chorus_gain_norm,own_floor,6,0,0.0,0.08330855583333333,53,6,6,6,True,3900.0,4199.910801
20240930_65,DI,46,4,high K+,treatment,fast,chorus_gain_norm,baseline_floor,6,0,0.0,0.08330855583333333,53,6,6,6,True,3900.0,4199.910801
20240930_65,DI,46,4,high K+,treatment,slow,coact,tuned,6,5,60.017845105885335,0.08330855583333333,53,9,12,9,True,3900.0,4199.910801
20240930_65,DI,46,4,high K+,treatment,slow,coact,own_floor,9,3,36.0107070635312,0.08330855583333333,53,9,12,9,True,3900.0,4199.910801
20240930_65,DI,46,4,high K+,treatment,slow,coact,baseline_floor,12,1,12.003569021177068,0.08330855583333333,53,9,12,9,True,3900.0,4199.910801
20240930_65,DI,46,4,high K+,treatment,slow,chorus_norm,unfloored,0,4,48.01427608470827,0.08330855583333333,53,9,12,9,True,3900.0,4199.910801
20240930_65,DI,46,4,high K+,treatment,slow,chorus_norm,own_floor,9,2,24.007138042354136,0.08330855583333333,53,9,12,9,True,3900.0,4199.910801
20240930_65,DI,46,4,high K+,treatment,slow,chorus_norm,baseline_floor,12,0,0.0,0.08330855583333333,53,9,12,9,True,3900.0,4199.910801
20240930_65,DI,46,4,high K+,treatment,slow,chorus_gain_norm,unfloored,0,3,36.0107070635312,0.08330855583333333,53,9,12,9,True,3900.0,4199.910801
20240930_65,DI,46,4,high K+,treatment,slow,chorus_gain_norm,own_floor,9,1,12.003569021177068,0.08330855583333333,53,9,12,9,True,3900.0,4199.910801
20240930_65,DI,46,4,high K+,treatment,slow,chorus_gain_norm,baseline_floor,12,0,0.0,0.08330855583333333,53,9,12,9,True,3900.0,4199.910801
20240930_65,DI,46,4,high K+,treatment,combined,coact,tuned,4,6,72.0214141270624,0.08330855583333333,53,10,13,10,True,3900.0,4199.910801
20240930_65,DI,46,4,high K+,treatment,combined,coact,own_floor,10,2,24.007138042354136,0.08330855583333333,53,10,13,10,True,3900.0,4199.910801
20240930_65,DI,46,4,high K+,treatment,combined,coact,baseline_floor,13,1,12.003569021177068,0.08330855583333333,53,10,13,10,True,3900.0,4199.910801
20240930_65,DI,46,4,high K+,treatment,combined,chorus_norm,unfloored,0,5,60.017845105885335,0.08330855583333333,53,10,13,10,True,3900.0,4199.910801
20240930_65,DI,46,4,high K+,treatment,combined,chorus_norm,own_floor,10,2,24.007138042354136,0.08330855583333333,53,10,13,10,True,3900.0,4199.910801
20240930_65,DI,46,4,high K+,treatment,combined,chorus_norm,baseline_floor,13,1,12.003569021177068,0.08330855583333333,53,10,13,10,True,3900.0,4199.910801
20240930_65,DI,46,4,high K+,treatment,combined,chorus_gain_norm,unfloored,0,9,108.03212119059361,0.08330855583333333,53,10,13,10,True,3900.0,4199.910801
20240930_65,DI,46,4,high K+,treatment,combined,chorus_gain_norm,own_floor,10,2,24.007138042354136,0.08330855583333333,53,10,13,10,True,3900.0,4199.910801
20240930_65,DI,46,4,high K+,treatment,combined,chorus_gain_norm,baseline_floor,13,1,12.003569021177068,0.08330855583333333,53,10,13,10,True,3900.0,4199.910801
20240930_69,DI,46,1,baseline,baseline,fast,coact,tuned,3,18,54.0,0.3333333333333333,19,7,7,7,True,0.0,1200.0
20240930_69,DI,46,1,baseline,baseline,fast,coact,own_floor,7,7,21.0,0.3333333333333333,19,7,7,7,True,0.0,1200.0
20240930_69,DI,46,1,baseline,baseline,fast,coact,baseline_floor,7,7,21.0,0.3333333333333333,19,7,7,7,True,0.0,1200.0
20240930_69,DI,46,1,baseline,baseline,fast,chorus_norm,unfloored,0,34,102.0,0.3333333333333333,19,7,7,7,True,0.0,1200.0
20240930_69,DI,46,1,baseline,baseline,fast,chorus_norm,own_floor,7,8,24.0,0.3333333333333333,19,7,7,7,True,0.0,1200.0
20240930_69,DI,46,1,baseline,baseline,fast,chorus_norm,baseline_floor,7,8,24.0,0.3333333333333333,19,7,7,7,True,0.0,1200.0
20240930_69,DI,46,1,baseline,baseline,fast,chorus_gain_norm,unfloored,0,28,84.0,0.3333333333333333,19,7,7,7,True,0.0,1200.0
20240930_69,DI,46,1,baseline,baseline,fast,chorus_gain_norm,own_floor,7,6,18.0,0.3333333333333333,19,7,7,7,True,0.0,1200.0
20240930_69,DI,46,1,baseline,baseline,fast,chorus_gain_norm,baseline_floor,7,6,18.0,0.3333333333333333,19,7,7,7,True,0.0,1200.0
20240930_69,DI,46,1,baseline,baseline,slow,coact,tuned,6,26,78.0,0.3333333333333333,19,9,9,9,True,0.0,1200.0
20240930_69,DI,46,1,baseline,baseline,slow,coact,own_floor,9,23,69.0,0.3333333333333333,19,9,9,9,True,0.0,1200.0
20240930_69,DI,46,1,baseline,baseline,slow,coact,baseline_floor,9,23,69.0,0.3333333333333333,19,9,9,9,True,0.0,1200.0
20240930_69,DI,46,1,baseline,baseline,slow,chorus_norm,unfloored,0,26,78.0,0.3333333333333333,19,9,9,9,True,0.0,1200.0
20240930_69,DI,46,1,baseline,baseline,slow,chorus_norm,own_floor,9,19,57.0,0.3333333333333333,19,9,9,9,True,0.0,1200.0
20240930_69,DI,46,1,baseline,baseline,slow,chorus_norm,baseline_floor,9,19,57.0,0.3333333333333333,19,9,9,9,True,0.0,1200.0
20240930_69,DI,46,1,baseline,baseline,slow,chorus_gain_norm,unfloored,0,26,78.0,0.3333333333333333,19,9,9,9,True,0.0,1200.0
20240930_69,DI,46,1,baseline,baseline,slow,chorus_gain_norm,own_floor,9,18,54.0,0.3333333333333333,19,9,9,9,True,0.0,1200.0
20240930_69,DI,46,1,baseline,baseline,slow,chorus_gain_norm,baseline_floor,9,18,54.0,0.3333333333333333,19,9,9,9,True,0.0,1200.0
20240930_69,DI,46,1,baseline,baseline,combined,coact,tuned,4,29,87.0,0.3333333333333333,19,10,10,10,True,0.0,1200.0
20240930_69,DI,46,1,baseline,baseline,combined,coact,own_floor,10,24,72.0,0.3333333333333333,19,10,10,10,True,0.0,1200.0
20240930_69,DI,46,1,baseline,baseline,combined,coact,baseline_floor,10,24,72.0,0.3333333333333333,19,10,10,10,True,0.0,1200.0
20240930_69,DI,46,1,baseline,baseline,combined,chorus_norm,unfloored,0,42,126.0,0.3333333333333333,19,10,10,10,True,0.0,1200.0
20240930_69,DI,46,1,baseline,baseline,combined,chorus_norm,own_floor,10,26,78.0,0.3333333333333333,19,10,10,10,True,0.0,1200.0
20240930_69,DI,46,1,baseline,baseline,combined,chorus_norm,baseline_floor,10,26,78.0,0.3333333333333333,19,10,10,10,True,0.0,1200.0
20240930_69,DI,46,1,baseline,baseline,combined,chorus_gain_norm,unfloored,0,32,96.0,0.3333333333333333,19,10,10,10,True,0.0,1200.0
20240930_69,DI,46,1,baseline,baseline,combined,chorus_gain_norm,own_floor,10,22,66.0,0.3333333333333333,19,10,10,10,True,0.0,1200.0
20240930_69,DI,46,1,baseline,baseline,combined,chorus_gain_norm,baseline_floor,10,22,66.0,0.3333333333333333,19,10,10,10,True,0.0,1200.0
20240930_69,DI,46,2,TTX,treatment,fast,coact,tuned,3,12,36.0,0.3333333333333333,19,7,7,7,True,1320.0,2520.0
20240930_69,DI,46,2,TTX,treatment,fast,coact,own_floor,7,5,15.0,0.3333333333333333,19,7,7,7,True,1320.0,2520.0
20240930_69,DI,46,2,TTX,treatment,fast,coact,baseline_floor,7,5,15.0,0.3333333333333333,19,7,7,7,True,1320.0,2520.0
20240930_69,DI,46,2,TTX,treatment,fast,chorus_norm,unfloored,0,25,75.0,0.3333333333333333,19,7,7,7,True,1320.0,2520.0
20240930_69,DI,46,2,TTX,treatment,fast,chorus_norm,own_floor,7,4,12.0,0.3333333333333333,19,7,7,7,True,1320.0,2520.0
20240930_69,DI,46,2,TTX,treatment,fast,chorus_norm,baseline_floor,7,4,12.0,0.3333333333333333,19,7,7,7,True,1320.0,2520.0
20240930_69,DI,46,2,TTX,treatment,fast,chorus_gain_norm,unfloored,0,15,45.0,0.3333333333333333,19,7,7,7,True,1320.0,2520.0
20240930_69,DI,46,2,TTX,treatment,fast,chorus_gain_norm,own_floor,7,3,9.0,0.3333333333333333,19,7,7,7,True,1320.0,2520.0
20240930_69,DI,46,2,TTX,treatment,fast,chorus_gain_norm,baseline_floor,7,3,9.0,0.3333333333333333,19,7,7,7,True,1320.0,2520.0
20240930_69,DI,46,2,TTX,treatment,slow,coact,tuned,6,40,120.0,0.3333333333333333,19,9,9,9,True,1320.0,2520.0
20240930_69,DI,46,2,TTX,treatment,slow,coact,own_floor,9,32,96.0,0.3333333333333333,19,9,9,9,True,1320.0,2520.0
20240930_69,DI,46,2,TTX,treatment,slow,coact,baseline_floor,9,32,96.0,0.3333333333333333,19,9,9,9,True,1320.0,2520.0
20240930_69,DI,46,2,TTX,treatment,slow,chorus_norm,unfloored,0,35,105.0,0.3333333333333333,19,9,9,9,True,1320.0,2520.0
20240930_69,DI,46,2,TTX,treatment,slow,chorus_norm,own_floor,9,21,63.0,0.3333333333333333,19,9,9,9,True,1320.0,2520.0
20240930_69,DI,46,2,TTX,treatment,slow,chorus_norm,baseline_floor,9,21,63.0,0.3333333333333333,19,9,9,9,True,1320.0,2520.0
20240930_69,DI,46,2,TTX,treatment,slow,chorus_gain_norm,unfloored,0,31,93.0,0.3333333333333333,19,9,9,9,True,1320.0,2520.0
20240930_69,DI,46,2,TTX,treatment,slow,chorus_gain_norm,own_floor,9,22,66.0,0.3333333333333333,19,9,9,9,True,1320.0,2520.0
20240930_69,DI,46,2,TTX,treatment,slow,chorus_gain_norm,baseline_floor,9,22,66.0,0.3333333333333333,19,9,9,9,True,1320.0,2520.0
20240930_69,DI,46,2,TTX,treatment,combined,coact,tuned,4,41,123.0,0.3333333333333333,19,10,10,10,True,1320.0,2520.0
20240930_69,DI,46,2,TTX,treatment,combined,coact,own_floor,10,31,93.0,0.3333333333333333,19,10,10,10,True,1320.0,2520.0
20240930_69,DI,46,2,TTX,treatment,combined,coact,baseline_floor,10,31,93.0,0.3333333333333333,19,10,10,10,True,1320.0,2520.0
20240930_69,DI,46,2,TTX,treatment,combined,chorus_norm,unfloored,0,54,162.0,0.3333333333333333,19,10,10,10,True,1320.0,2520.0
20240930_69,DI,46,2,TTX,treatment,combined,chorus_norm,own_floor,10,30,90.0,0.3333333333333333,19,10,10,10,True,1320.0,2520.0
20240930_69,DI,46,2,TTX,treatment,combined,chorus_norm,baseline_floor,10,30,90.0,0.3333333333333333,19,10,10,10,True,1320.0,2520.0
20240930_69,DI,46,2,TTX,treatment,combined,chorus_gain_norm,unfloored,0,39,117.0,0.3333333333333333,19,10,10,10,True,1320.0,2520.0
20240930_69,DI,46,2,TTX,treatment,combined,chorus_gain_norm,own_floor,10,25,75.0,0.3333333333333333,19,10,10,10,True,1320.0,2520.0
20240930_69,DI,46,2,TTX,treatment,combined,chorus_gain_norm,baseline_floor,10,25,75.0,0.3333333333333333,19,10,10,10,True,1320.0,2520.0
20241002_72,OVX,47,1,baseline,baseline,fast,coact,tuned,3,0,0.0,0.3333333333333333,19,3,3,2,True,0.0,1200.0
20241002_72,OVX,47,1,baseline,baseline,fast,coact,own_floor,3,0,0.0,0.3333333333333333,19,3,3,2,True,0.0,1200.0
20241002_72,OVX,47,1,baseline,baseline,fast,coact,baseline_floor,3,0,0.0,0.3333333333333333,19,3,3,2,True,0.0,1200.0
20241002_72,OVX,47,1,baseline,baseline,fast,chorus_norm,unfloored,0,0,0.0,0.3333333333333333,19,3,3,2,True,0.0,1200.0
20241002_72,OVX,47,1,baseline,baseline,fast,chorus_norm,own_floor,3,0,0.0,0.3333333333333333,19,3,3,2,True,0.0,1200.0
20241002_72,OVX,47,1,baseline,baseline,fast,chorus_norm,baseline_floor,3,0,0.0,0.3333333333333333,19,3,3,2,True,0.0,1200.0
20241002_72,OVX,47,1,baseline,baseline,fast,chorus_gain_norm,unfloored,0,0,0.0,0.3333333333333333,19,3,3,2,True,0.0,1200.0
20241002_72,OVX,47,1,baseline,baseline,fast,chorus_gain_norm,own_floor,3,0,0.0,0.3333333333333333,19,3,3,2,True,0.0,1200.0
20241002_72,OVX,47,1,baseline,baseline,fast,chorus_gain_norm,baseline_floor,3,0,0.0,0.3333333333333333,19,3,3,2,True,0.0,1200.0
20241002_72,OVX,47,1,baseline,baseline,slow,coact,tuned,6,0,0.0,0.3333333333333333,19,3,3,2,True,0.0,1200.0
20241002_72,OVX,47,1,baseline,baseline,slow,coact,own_floor,3,0,0.0,0.3333333333333333,19,3,3,2,True,0.0,1200.0
20241002_72,OVX,47,1,baseline,baseline,slow,coact,baseline_floor,3,0,0.0,0.3333333333333333,19,3,3,2,True,0.0,1200.0
20241002_72,OVX,47,1,baseline,baseline,slow,chorus_norm,unfloored,0,0,0.0,0.3333333333333333,19,3,3,2,True,0.0,1200.0
20241002_72,OVX,47,1,baseline,baseline,slow,chorus_norm,own_floor,3,0,0.0,0.3333333333333333,19,3,3,2,True,0.0,1200.0
20241002_72,OVX,47,1,baseline,baseline,slow,chorus_norm,baseline_floor,3,0,0.0,0.3333333333333333,19,3,3,2,True,0.0,1200.0
20241002_72,OVX,47,1,baseline,baseline,slow,chorus_gain_norm,unfloored,0,0,0.0,0.3333333333333333,19,3,3,2,True,0.0,1200.0
20241002_72,OVX,47,1,baseline,baseline,slow,chorus_gain_norm,own_floor,3,0,0.0,0.3333333333333333,19,3,3,2,True,0.0,1200.0
20241002_72,OVX,47,1,baseline,baseline,slow,chorus_gain_norm,baseline_floor,3,0,0.0,0.3333333333333333,19,3,3,2,True,0.0,1200.0
20241002_72,OVX,47,1,baseline,baseline,combined,coact,tuned,4,0,0.0,0.3333333333333333,19,3,3,2,True,0.0,1200.0
20241002_72,OVX,47,1,baseline,baseline,combined,coact,own_floor,3,0,0.0,0.3333333333333333,19,3,3,2,True,0.0,1200.0
20241002_72,OVX,47,1,baseline,baseline,combined,coact,baseline_floor,3,0,0.0,0.3333333333333333,19,3,3,2,True,0.0,1200.0
20241002_72,OVX,47,1,baseline,baseline,combined,chorus_norm,unfloored,0,0,0.0,0.3333333333333333,19,3,3,2,True,0.0,1200.0
20241002_72,OVX,47,1,baseline,baseline,combined,chorus_norm,own_floor,3,0,0.0,0.3333333333333333,19,3,3,2,True,0.0,1200.0
20241002_72,OVX,47,1,baseline,baseline,combined,chorus_norm,baseline_floor,3,0,0.0,0.3333333333333333,19,3,3,2,True,0.0,1200.0
20241002_72,OVX,47,1,baseline,baseline,combined,chorus_gain_norm,unfloored,0,0,0.0,0.3333333333333333,19,3,3,2,True,0.0,1200.0
20241002_72,OVX,47,1,baseline,baseline,combined,chorus_gain_norm,own_floor,3,0,0.0,0.3333333333333333,19,3,3,2,True,0.0,1200.0
20241002_72,OVX,47,1,baseline,baseline,combined,chorus_gain_norm,baseline_floor,3,0,0.0,0.3333333333333333,19,3,3,2,True,0.0,1200.0
20241002_72,OVX,47,2,TTX,treatment,fast,coact,tuned,3,1,3.3333333333333335,0.3,19,3,3,3,True,1320.0,2400.0
20241002_72,OVX,47,2,TTX,treatment,fast,coact,own_floor,3,1,3.3333333333333335,0.3,19,3,3,3,True,1320.0,2400.0
20241002_72,OVX,47,2,TTX,treatment,fast,coact,baseline_floor,3,1,3.3333333333333335,0.3,19,3,3,3,True,1320.0,2400.0
20241002_72,OVX,47,2,TTX,treatment,fast,chorus_norm,unfloored,0,1,3.3333333333333335,0.3,19,3,3,3,True,1320.0,2400.0
20241002_72,OVX,47,2,TTX,treatment,fast,chorus_norm,own_floor,3,1,3.3333333333333335,0.3,19,3,3,3,True,1320.0,2400.0
20241002_72,OVX,47,2,TTX,treatment,fast,chorus_norm,baseline_floor,3,1,3.3333333333333335,0.3,19,3,3,3,True,1320.0,2400.0
20241002_72,OVX,47,2,TTX,treatment,fast,chorus_gain_norm,unfloored,0,1,3.3333333333333335,0.3,19,3,3,3,True,1320.0,2400.0
20241002_72,OVX,47,2,TTX,treatment,fast,chorus_gain_norm,own_floor,3,1,3.3333333333333335,0.3,19,3,3,3,True,1320.0,2400.0
20241002_72,OVX,47,2,TTX,treatment,fast,chorus_gain_norm,baseline_floor,3,1,3.3333333333333335,0.3,19,3,3,3,True,1320.0,2400.0
20241002_72,OVX,47,2,TTX,treatment,slow,coact,tuned,6,0,0.0,0.3,19,3,3,2,True,1320.0,2400.0
20241002_72,OVX,47,2,TTX,treatment,slow,coact,own_floor,3,0,0.0,0.3,19,3,3,2,True,1320.0,2400.0
20241002_72,OVX,47,2,TTX,treatment,slow,coact,baseline_floor,3,0,0.0,0.3,19,3,3,2,True,1320.0,2400.0
20241002_72,OVX,47,2,TTX,treatment,slow,chorus_norm,unfloored,0,0,0.0,0.3,19,3,3,2,True,1320.0,2400.0
20241002_72,OVX,47,2,TTX,treatment,slow,chorus_norm,own_floor,3,0,0.0,0.3,19,3,3,2,True,1320.0,2400.0
20241002_72,OVX,47,2,TTX,treatment,slow,chorus_norm,baseline_floor,3,0,0.0,0.3,19,3,3,2,True,1320.0,2400.0
20241002_72,OVX,47,2,TTX,treatment,slow,chorus_gain_norm,unfloored,0,0,0.0,0.3,19,3,3,2,True,1320.0,2400.0
20241002_72,OVX,47,2,TTX,treatment,slow,chorus_gain_norm,own_floor,3,0,0.0,0.3,19,3,3,2,True,1320.0,2400.0
20241002_72,OVX,47,2,TTX,treatment,slow,chorus_gain_norm,baseline_floor,3,0,0.0,0.3,19,3,3,2,True,1320.0,2400.0
20241002_72,OVX,47,2,TTX,treatment,combined,coact,tuned,4,1,3.3333333333333335,0.3,19,3,3,3,True,1320.0,2400.0
20241002_72,OVX,47,2,TTX,treatment,combined,coact,own_floor,3,1,3.3333333333333335,0.3,19,3,3,3,True,1320.0,2400.0
20241002_72,OVX,47,2,TTX,treatment,combined,coact,baseline_floor,3,1,3.3333333333333335,0.3,19,3,3,3,True,1320.0,2400.0
20241002_72,OVX,47,2,TTX,treatment,combined,chorus_norm,unfloored,0,1,3.3333333333333335,0.3,19,3,3,3,True,1320.0,2400.0
20241002_72,OVX,47,2,TTX,treatment,combined,chorus_norm,own_floor,3,1,3.3333333333333335,0.3,19,3,3,3,True,1320.0,2400.0
20241002_72,OVX,47,2,TTX,treatment,combined,chorus_norm,baseline_floor,3,1,3.3333333333333335,0.3,19,3,3,3,True,1320.0,2400.0
20241002_72,OVX,47,2,TTX,treatment,combined,chorus_gain_norm,unfloored,0,1,3.3333333333333335,0.3,19,3,3,3,True,1320.0,2400.0
20241002_72,OVX,47,2,TTX,treatment,combined,chorus_gain_norm,own_floor,3,1,3.3333333333333335,0.3,19,3,3,3,True,1320.0,2400.0
20241002_72,OVX,47,2,TTX,treatment,combined,chorus_gain_norm,baseline_floor,3,1,3.3333333333333335,0.3,19,3,3,3,True,1320.0,2400.0
20241002_72,OVX,47,3,senktide,treatment,fast,coact,tuned,3,0,0.0,0.3333333333333333,19,17,3,17,True,2520.0,3720.0
20241002_72,OVX,47,3,senktide,treatment,fast,coact,own_floor,17,0,0.0,0.3333333333333333,19,17,3,17,True,2520.0,3720.0
20241002_72,OVX,47,3,senktide,treatment,fast,coact,baseline_floor,3,0,0.0,0.3333333333333333,19,17,3,17,True,2520.0,3720.0
20241002_72,OVX,47,3,senktide,treatment,fast,chorus_norm,unfloored,0,3,9.0,0.3333333333333333,19,17,3,17,True,2520.0,3720.0
20241002_72,OVX,47,3,senktide,treatment,fast,chorus_norm,own_floor,17,0,0.0,0.3333333333333333,19,17,3,17,True,2520.0,3720.0
20241002_72,OVX,47,3,senktide,treatment,fast,chorus_norm,baseline_floor,3,3,9.0,0.3333333333333333,19,17,3,17,True,2520.0,3720.0
20241002_72,OVX,47,3,senktide,treatment,fast,chorus_gain_norm,unfloored,0,0,0.0,0.3333333333333333,19,17,3,17,True,2520.0,3720.0
20241002_72,OVX,47,3,senktide,treatment,fast,chorus_gain_norm,own_floor,17,0,0.0,0.3333333333333333,19,17,3,17,True,2520.0,3720.0
20241002_72,OVX,47,3,senktide,treatment,fast,chorus_gain_norm,baseline_floor,3,0,0.0,0.3333333333333333,19,17,3,17,True,2520.0,3720.0
20241002_72,OVX,47,3,senktide,treatment,slow,coact,tuned,6,1,3.0,0.3333333333333333,19,10,3,10,True,2520.0,3720.0
20241002_72,OVX,47,3,senktide,treatment,slow,coact,own_floor,10,0,0.0,0.3333333333333333,19,10,3,10,True,2520.0,3720.0
20241002_72,OVX,47,3,senktide,treatment,slow,coact,baseline_floor,3,4,12.0,0.3333333333333333,19,10,3,10,True,2520.0,3720.0
20241002_72,OVX,47,3,senktide,treatment,slow,chorus_norm,unfloored,0,2,6.0,0.3333333333333333,19,10,3,10,True,2520.0,3720.0
20241002_72,OVX,47,3,senktide,treatment,slow,chorus_norm,own_floor,10,0,0.0,0.3333333333333333,19,10,3,10,True,2520.0,3720.0
20241002_72,OVX,47,3,senktide,treatment,slow,chorus_norm,baseline_floor,3,2,6.0,0.3333333333333333,19,10,3,10,True,2520.0,3720.0
20241002_72,OVX,47,3,senktide,treatment,slow,chorus_gain_norm,unfloored,0,2,6.0,0.3333333333333333,19,10,3,10,True,2520.0,3720.0
20241002_72,OVX,47,3,senktide,treatment,slow,chorus_gain_norm,own_floor,10,0,0.0,0.3333333333333333,19,10,3,10,True,2520.0,3720.0
20241002_72,OVX,47,3,senktide,treatment,slow,chorus_gain_norm,baseline_floor,3,2,6.0,0.3333333333333333,19,10,3,10,True,2520.0,3720.0
20241002_72,OVX,47,3,senktide,treatment,combined,coact,tuned,4,1,3.0,0.3333333333333333,19,18,3,18,True,2520.0,3720.0
20241002_72,OVX,47,3,senktide,treatment,combined,coact,own_floor,18,0,0.0,0.3333333333333333,19,18,3,18,True,2520.0,3720.0
20241002_72,OVX,47,3,senktide,treatment,combined,coact,baseline_floor,3,1,3.0,0.3333333333333333,19,18,3,18,True,2520.0,3720.0
20241002_72,OVX,47,3,senktide,treatment,combined,chorus_norm,unfloored,0,7,21.0,0.3333333333333333,19,18,3,18,True,2520.0,3720.0
20241002_72,OVX,47,3,senktide,treatment,combined,chorus_norm,own_floor,18,0,0.0,0.3333333333333333,19,18,3,18,True,2520.0,3720.0
20241002_72,OVX,47,3,senktide,treatment,combined,chorus_norm,baseline_floor,3,7,21.0,0.3333333333333333,19,18,3,18,True,2520.0,3720.0
20241002_72,OVX,47,3,senktide,treatment,combined,chorus_gain_norm,unfloored,0,6,18.0,0.3333333333333333,19,18,3,18,True,2520.0,3720.0
20241002_72,OVX,47,3,senktide,treatment,combined,chorus_gain_norm,own_floor,18,0,0.0,0.3333333333333333,19,18,3,18,True,2520.0,3720.0
20241002_72,OVX,47,3,senktide,treatment,combined,chorus_gain_norm,baseline_floor,3,6,18.0,0.3333333333333333,19,18,3,18,True,2520.0,3720.0
20241002_72,OVX,47,4,high K+,treatment,fast,coact,tuned,3,0,0.0,0.08330855583333333,19,9,3,9,True,3900.0,4199.910801
20241002_72,OVX,47,4,high K+,treatment,fast,coact,own_floor,9,0,0.0,0.08330855583333333,19,9,3,9,True,3900.0,4199.910801
20241002_72,OVX,47,4,high K+,treatment,fast,coact,baseline_floor,3,0,0.0,0.08330855583333333,19,9,3,9,True,3900.0,4199.910801
20241002_72,OVX,47,4,high K+,treatment,fast,chorus_norm,unfloored,0,0,0.0,0.08330855583333333,19,9,3,9,True,3900.0,4199.910801
20241002_72,OVX,47,4,high K+,treatment,fast,chorus_norm,own_floor,9,0,0.0,0.08330855583333333,19,9,3,9,True,3900.0,4199.910801
20241002_72,OVX,47,4,high K+,treatment,fast,chorus_norm,baseline_floor,3,0,0.0,0.08330855583333333,19,9,3,9,True,3900.0,4199.910801
20241002_72,OVX,47,4,high K+,treatment,fast,chorus_gain_norm,unfloored,0,0,0.0,0.08330855583333333,19,9,3,9,True,3900.0,4199.910801
20241002_72,OVX,47,4,high K+,treatment,fast,chorus_gain_norm,own_floor,9,0,0.0,0.08330855583333333,19,9,3,9,True,3900.0,4199.910801
20241002_72,OVX,47,4,high K+,treatment,fast,chorus_gain_norm,baseline_floor,3,0,0.0,0.08330855583333333,19,9,3,9,True,3900.0,4199.910801
20241002_72,OVX,47,4,high K+,treatment,slow,coact,tuned,6,2,24.007138042354136,0.08330855583333333,19,9,3,9,True,3900.0,4199.910801
20241002_72,OVX,47,4,high K+,treatment,slow,coact,own_floor,9,0,0.0,0.08330855583333333,19,9,3,9,True,3900.0,4199.910801
20241002_72,OVX,47,4,high K+,treatment,slow,coact,baseline_floor,3,3,36.0107070635312,0.08330855583333333,19,9,3,9,True,3900.0,4199.910801
20241002_72,OVX,47,4,high K+,treatment,slow,chorus_norm,unfloored,0,1,12.003569021177068,0.08330855583333333,19,9,3,9,True,3900.0,4199.910801
20241002_72,OVX,47,4,high K+,treatment,slow,chorus_norm,own_floor,9,0,0.0,0.08330855583333333,19,9,3,9,True,3900.0,4199.910801
20241002_72,OVX,47,4,high K+,treatment,slow,chorus_norm,baseline_floor,3,1,12.003569021177068,0.08330855583333333,19,9,3,9,True,3900.0,4199.910801
20241002_72,OVX,47,4,high K+,treatment,slow,chorus_gain_norm,unfloored,0,0,0.0,0.08330855583333333,19,9,3,9,True,3900.0,4199.910801
20241002_72,OVX,47,4,high K+,treatment,slow,chorus_gain_norm,own_floor,9,0,0.0,0.08330855583333333,19,9,3,9,True,3900.0,4199.910801
20241002_72,OVX,47,4,high K+,treatment,slow,chorus_gain_norm,baseline_floor,3,0,0.0,0.08330855583333333,19,9,3,9,True,3900.0,4199.910801
20241002_72,OVX,47,4,high K+,treatment,combined,coact,tuned,4,0,0.0,0.08330855583333333,19,12,3,12,True,3900.0,4199.910801
20241002_72,OVX,47,4,high K+,treatment,combined,coact,own_floor,12,0,0.0,0.08330855583333333,19,12,3,12,True,3900.0,4199.910801
20241002_72,OVX,47,4,high K+,treatment,combined,coact,baseline_floor,3,0,0.0,0.08330855583333333,19,12,3,12,True,3900.0,4199.910801
20241002_72,OVX,47,4,high K+,treatment,combined,chorus_norm,unfloored,0,4,48.01427608470827,0.08330855583333333,19,12,3,12,True,3900.0,4199.910801
20241002_72,OVX,47,4,high K+,treatment,combined,chorus_norm,own_floor,12,0,0.0,0.08330855583333333,19,12,3,12,True,3900.0,4199.910801
20241002_72,OVX,47,4,high K+,treatment,combined,chorus_norm,baseline_floor,3,4,48.01427608470827,0.08330855583333333,19,12,3,12,True,3900.0,4199.910801
20241002_72,OVX,47,4,high K+,treatment,combined,chorus_gain_norm,unfloored,0,5,60.017845105885335,0.08330855583333333,19,12,3,12,True,3900.0,4199.910801
20241002_72,OVX,47,4,high K+,treatment,combined,chorus_gain_norm,own_floor,12,0,0.0,0.08330855583333333,19,12,3,12,True,3900.0,4199.910801
20241002_72,OVX,47,4,high K+,treatment,combined,chorus_gain_norm,baseline_floor,3,5,60.017845105885335,0.08330855583333333,19,12,3,12,True,3900.0,4199.910801
20241122b_110,ORX,51,1,baseline,baseline,fast,coact,tuned,3,0,0.0,0.3333333333333333,25,3,3,3,True,420.0,1620.0
20241122b_110,ORX,51,1,baseline,baseline,fast,coact,own_floor,3,0,0.0,0.3333333333333333,25,3,3,3,True,420.0,1620.0
20241122b_110,ORX,51,1,baseline,baseline,fast,coact,baseline_floor,3,0,0.0,0.3333333333333333,25,3,3,3,True,420.0,1620.0
20241122b_110,ORX,51,1,baseline,baseline,fast,chorus_norm,unfloored,0,0,0.0,0.3333333333333333,25,3,3,3,True,420.0,1620.0
20241122b_110,ORX,51,1,baseline,baseline,fast,chorus_norm,own_floor,3,0,0.0,0.3333333333333333,25,3,3,3,True,420.0,1620.0
20241122b_110,ORX,51,1,baseline,baseline,fast,chorus_norm,baseline_floor,3,0,0.0,0.3333333333333333,25,3,3,3,True,420.0,1620.0
20241122b_110,ORX,51,1,baseline,baseline,fast,chorus_gain_norm,unfloored,0,0,0.0,0.3333333333333333,25,3,3,3,True,420.0,1620.0
20241122b_110,ORX,51,1,baseline,baseline,fast,chorus_gain_norm,own_floor,3,0,0.0,0.3333333333333333,25,3,3,3,True,420.0,1620.0
20241122b_110,ORX,51,1,baseline,baseline,fast,chorus_gain_norm,baseline_floor,3,0,0.0,0.3333333333333333,25,3,3,3,True,420.0,1620.0
20241122b_110,ORX,51,1,baseline,baseline,slow,coact,tuned,6,0,0.0,0.3333333333333333,25,3,3,2,True,420.0,1620.0
20241122b_110,ORX,51,1,baseline,baseline,slow,coact,own_floor,3,0,0.0,0.3333333333333333,25,3,3,2,True,420.0,1620.0
20241122b_110,ORX,51,1,baseline,baseline,slow,coact,baseline_floor,3,0,0.0,0.3333333333333333,25,3,3,2,True,420.0,1620.0
20241122b_110,ORX,51,1,baseline,baseline,slow,chorus_norm,unfloored,0,0,0.0,0.3333333333333333,25,3,3,2,True,420.0,1620.0
20241122b_110,ORX,51,1,baseline,baseline,slow,chorus_norm,own_floor,3,0,0.0,0.3333333333333333,25,3,3,2,True,420.0,1620.0
20241122b_110,ORX,51,1,baseline,baseline,slow,chorus_norm,baseline_floor,3,0,0.0,0.3333333333333333,25,3,3,2,True,420.0,1620.0
20241122b_110,ORX,51,1,baseline,baseline,slow,chorus_gain_norm,unfloored,0,0,0.0,0.3333333333333333,25,3,3,2,True,420.0,1620.0
20241122b_110,ORX,51,1,baseline,baseline,slow,chorus_gain_norm,own_floor,3,0,0.0,0.3333333333333333,25,3,3,2,True,420.0,1620.0
20241122b_110,ORX,51,1,baseline,baseline,slow,chorus_gain_norm,baseline_floor,3,0,0.0,0.3333333333333333,25,3,3,2,True,420.0,1620.0
20241122b_110,ORX,51,1,baseline,baseline,combined,coact,tuned,4,0,0.0,0.3333333333333333,25,3,3,3,False,420.0,1620.0
20241122b_110,ORX,51,1,baseline,baseline,combined,coact,own_floor,3,0,0.0,0.3333333333333333,25,3,3,3,False,420.0,1620.0
20241122b_110,ORX,51,1,baseline,baseline,combined,coact,baseline_floor,3,0,0.0,0.3333333333333333,25,3,3,3,False,420.0,1620.0
20241122b_110,ORX,51,1,baseline,baseline,combined,chorus_norm,unfloored,0,0,0.0,0.3333333333333333,25,3,3,3,False,420.0,1620.0
20241122b_110,ORX,51,1,baseline,baseline,combined,chorus_norm,own_floor,3,0,0.0,0.3333333333333333,25,3,3,3,False,420.0,1620.0
20241122b_110,ORX,51,1,baseline,baseline,combined,chorus_norm,baseline_floor,3,0,0.0,0.3333333333333333,25,3,3,3,False,420.0,1620.0
20241122b_110,ORX,51,1,baseline,baseline,combined,chorus_gain_norm,unfloored,0,0,0.0,0.3333333333333333,25,3,3,3,False,420.0,1620.0
20241122b_110,ORX,51,1,baseline,baseline,combined,chorus_gain_norm,own_floor,3,0,0.0,0.3333333333333333,25,3,3,3,False,420.0,1620.0
20241122b_110,ORX,51,1,baseline,baseline,combined,chorus_gain_norm,baseline_floor,3,0,0.0,0.3333333333333333,25,3,3,3,False,420.0,1620.0
20241122b_110,ORX,51,2,TTX,treatment,fast,coact,tuned,3,0,0.0,0.3333333333333333,25,3,3,3,True,1740.0,2940.0
20241122b_110,ORX,51,2,TTX,treatment,fast,coact,own_floor,3,0,0.0,0.3333333333333333,25,3,3,3,True,1740.0,2940.0
20241122b_110,ORX,51,2,TTX,treatment,fast,coact,baseline_floor,3,0,0.0,0.3333333333333333,25,3,3,3,True,1740.0,2940.0
20241122b_110,ORX,51,2,TTX,treatment,fast,chorus_norm,unfloored,0,0,0.0,0.3333333333333333,25,3,3,3,True,1740.0,2940.0
20241122b_110,ORX,51,2,TTX,treatment,fast,chorus_norm,own_floor,3,0,0.0,0.3333333333333333,25,3,3,3,True,1740.0,2940.0
20241122b_110,ORX,51,2,TTX,treatment,fast,chorus_norm,baseline_floor,3,0,0.0,0.3333333333333333,25,3,3,3,True,1740.0,2940.0
20241122b_110,ORX,51,2,TTX,treatment,fast,chorus_gain_norm,unfloored,0,0,0.0,0.3333333333333333,25,3,3,3,True,1740.0,2940.0
20241122b_110,ORX,51,2,TTX,treatment,fast,chorus_gain_norm,own_floor,3,0,0.0,0.3333333333333333,25,3,3,3,True,1740.0,2940.0
20241122b_110,ORX,51,2,TTX,treatment,fast,chorus_gain_norm,baseline_floor,3,0,0.0,0.3333333333333333,25,3,3,3,True,1740.0,2940.0
20241122b_110,ORX,51,2,TTX,treatment,slow,coact,tuned,6,2,6.0,0.3333333333333333,25,5,3,5,True,1740.0,2940.0
20241122b_110,ORX,51,2,TTX,treatment,slow,coact,own_floor,5,2,6.0,0.3333333333333333,25,5,3,5,True,1740.0,2940.0
20241122b_110,ORX,51,2,TTX,treatment,slow,coact,baseline_floor,3,2,6.0,0.3333333333333333,25,5,3,5,True,1740.0,2940.0
20241122b_110,ORX,51,2,TTX,treatment,slow,chorus_norm,unfloored,0,2,6.0,0.3333333333333333,25,5,3,5,True,1740.0,2940.0
20241122b_110,ORX,51,2,TTX,treatment,slow,chorus_norm,own_floor,5,2,6.0,0.3333333333333333,25,5,3,5,True,1740.0,2940.0
20241122b_110,ORX,51,2,TTX,treatment,slow,chorus_norm,baseline_floor,3,2,6.0,0.3333333333333333,25,5,3,5,True,1740.0,2940.0
20241122b_110,ORX,51,2,TTX,treatment,slow,chorus_gain_norm,unfloored,0,2,6.0,0.3333333333333333,25,5,3,5,True,1740.0,2940.0
20241122b_110,ORX,51,2,TTX,treatment,slow,chorus_gain_norm,own_floor,5,2,6.0,0.3333333333333333,25,5,3,5,True,1740.0,2940.0
20241122b_110,ORX,51,2,TTX,treatment,slow,chorus_gain_norm,baseline_floor,3,2,6.0,0.3333333333333333,25,5,3,5,True,1740.0,2940.0
20241122b_110,ORX,51,2,TTX,treatment,combined,coact,tuned,4,2,6.0,0.3333333333333333,25,6,3,6,True,1740.0,2940.0
20241122b_110,ORX,51,2,TTX,treatment,combined,coact,own_floor,6,2,6.0,0.3333333333333333,25,6,3,6,True,1740.0,2940.0
20241122b_110,ORX,51,2,TTX,treatment,combined,coact,baseline_floor,3,2,6.0,0.3333333333333333,25,6,3,6,True,1740.0,2940.0
20241122b_110,ORX,51,2,TTX,treatment,combined,chorus_norm,unfloored,0,2,6.0,0.3333333333333333,25,6,3,6,True,1740.0,2940.0
20241122b_110,ORX,51,2,TTX,treatment,combined,chorus_norm,own_floor,6,2,6.0,0.3333333333333333,25,6,3,6,True,1740.0,2940.0
20241122b_110,ORX,51,2,TTX,treatment,combined,chorus_norm,baseline_floor,3,2,6.0,0.3333333333333333,25,6,3,6,True,1740.0,2940.0
20241122b_110,ORX,51,2,TTX,treatment,combined,chorus_gain_norm,unfloored,0,2,6.0,0.3333333333333333,25,6,3,6,True,1740.0,2940.0
20241122b_110,ORX,51,2,TTX,treatment,combined,chorus_gain_norm,own_floor,6,2,6.0,0.3333333333333333,25,6,3,6,True,1740.0,2940.0
20241122b_110,ORX,51,2,TTX,treatment,combined,chorus_gain_norm,baseline_floor,3,2,6.0,0.3333333333333333,25,6,3,6,True,1740.0,2940.0
20241122b_110,ORX,51,3,high K+,treatment,fast,coact,tuned,3,0,0.0,0.08333333333333333,25,4,3,4,True,3000.0,3300.0
20241122b_110,ORX,51,3,high K+,treatment,fast,coact,own_floor,4,0,0.0,0.08333333333333333,25,4,3,4,True,3000.0,3300.0
20241122b_110,ORX,51,3,high K+,treatment,fast,coact,baseline_floor,3,0,0.0,0.08333333333333333,25,4,3,4,True,3000.0,3300.0
20241122b_110,ORX,51,3,high K+,treatment,fast,chorus_norm,unfloored,0,0,0.0,0.08333333333333333,25,4,3,4,True,3000.0,3300.0
20241122b_110,ORX,51,3,high K+,treatment,fast,chorus_norm,own_floor,4,0,0.0,0.08333333333333333,25,4,3,4,True,3000.0,3300.0
20241122b_110,ORX,51,3,high K+,treatment,fast,chorus_norm,baseline_floor,3,0,0.0,0.08333333333333333,25,4,3,4,True,3000.0,3300.0
20241122b_110,ORX,51,3,high K+,treatment,fast,chorus_gain_norm,unfloored,0,0,0.0,0.08333333333333333,25,4,3,4,True,3000.0,3300.0
20241122b_110,ORX,51,3,high K+,treatment,fast,chorus_gain_norm,own_floor,4,0,0.0,0.08333333333333333,25,4,3,4,True,3000.0,3300.0
20241122b_110,ORX,51,3,high K+,treatment,fast,chorus_gain_norm,baseline_floor,3,0,0.0,0.08333333333333333,25,4,3,4,True,3000.0,3300.0
20241122b_110,ORX,51,3,high K+,treatment,slow,coact,tuned,6,2,24.0,0.08333333333333333,25,5,3,5,True,3000.0,3300.0
20241122b_110,ORX,51,3,high K+,treatment,slow,coact,own_floor,5,2,24.0,0.08333333333333333,25,5,3,5,True,3000.0,3300.0
20241122b_110,ORX,51,3,high K+,treatment,slow,coact,baseline_floor,3,3,36.0,0.08333333333333333,25,5,3,5,True,3000.0,3300.0
20241122b_110,ORX,51,3,high K+,treatment,slow,chorus_norm,unfloored,0,3,36.0,0.08333333333333333,25,5,3,5,True,3000.0,3300.0
20241122b_110,ORX,51,3,high K+,treatment,slow,chorus_norm,own_floor,5,2,24.0,0.08333333333333333,25,5,3,5,True,3000.0,3300.0
20241122b_110,ORX,51,3,high K+,treatment,slow,chorus_norm,baseline_floor,3,3,36.0,0.08333333333333333,25,5,3,5,True,3000.0,3300.0
20241122b_110,ORX,51,3,high K+,treatment,slow,chorus_gain_norm,unfloored,0,1,12.0,0.08333333333333333,25,5,3,5,True,3000.0,3300.0
20241122b_110,ORX,51,3,high K+,treatment,slow,chorus_gain_norm,own_floor,5,1,12.0,0.08333333333333333,25,5,3,5,True,3000.0,3300.0
20241122b_110,ORX,51,3,high K+,treatment,slow,chorus_gain_norm,baseline_floor,3,1,12.0,0.08333333333333333,25,5,3,5,True,3000.0,3300.0
20241122b_110,ORX,51,3,high K+,treatment,combined,coact,tuned,4,3,36.0,0.08333333333333333,25,6,3,6,True,3000.0,3300.0
20241122b_110,ORX,51,3,high K+,treatment,combined,coact,own_floor,6,2,24.0,0.08333333333333333,25,6,3,6,True,3000.0,3300.0
20241122b_110,ORX,51,3,high K+,treatment,combined,coact,baseline_floor,3,3,36.0,0.08333333333333333,25,6,3,6,True,3000.0,3300.0
20241122b_110,ORX,51,3,high K+,treatment,combined,chorus_norm,unfloored,0,3,36.0,0.08333333333333333,25,6,3,6,True,3000.0,3300.0
20241122b_110,ORX,51,3,high K+,treatment,combined,chorus_norm,own_floor,6,2,24.0,0.08333333333333333,25,6,3,6,True,3000.0,3300.0
20241122b_110,ORX,51,3,high K+,treatment,combined,chorus_norm,baseline_floor,3,3,36.0,0.08333333333333333,25,6,3,6,True,3000.0,3300.0
20241122b_110,ORX,51,3,high K+,treatment,combined,chorus_gain_norm,unfloored,0,2,24.0,0.08333333333333333,25,6,3,6,True,3000.0,3300.0
20241122b_110,ORX,51,3,high K+,treatment,combined,chorus_gain_norm,own_floor,6,1,12.0,0.08333333333333333,25,6,3,6,True,3000.0,3300.0
20241122b_110,ORX,51,3,high K+,treatment,combined,chorus_gain_norm,baseline_floor,3,2,24.0,0.08333333333333333,25,6,3,6,True,3000.0,3300.0
20241211_127,MALE,52,1,baseline,baseline,fast,coact,tuned,3,14,42.0,0.3333333333333333,45,8,8,8,True,0.0,1200.0
20241211_127,MALE,52,1,baseline,baseline,fast,coact,own_floor,8,3,9.0,0.3333333333333333,45,8,8,8,True,0.0,1200.0
20241211_127,MALE,52,1,baseline,baseline,fast,coact,baseline_floor,8,3,9.0,0.3333333333333333,45,8,8,8,True,0.0,1200.0
20241211_127,MALE,52,1,baseline,baseline,fast,chorus_norm,unfloored,0,18,54.0,0.3333333333333333,45,8,8,8,True,0.0,1200.0
20241211_127,MALE,52,1,baseline,baseline,fast,chorus_norm,own_floor,8,4,12.0,0.3333333333333333,45,8,8,8,True,0.0,1200.0
20241211_127,MALE,52,1,baseline,baseline,fast,chorus_norm,baseline_floor,8,4,12.0,0.3333333333333333,45,8,8,8,True,0.0,1200.0
20241211_127,MALE,52,1,baseline,baseline,fast,chorus_gain_norm,unfloored,0,13,39.0,0.3333333333333333,45,8,8,8,True,0.0,1200.0
20241211_127,MALE,52,1,baseline,baseline,fast,chorus_gain_norm,own_floor,8,1,3.0,0.3333333333333333,45,8,8,8,True,0.0,1200.0
20241211_127,MALE,52,1,baseline,baseline,fast,chorus_gain_norm,baseline_floor,8,1,3.0,0.3333333333333333,45,8,8,8,True,0.0,1200.0
20241211_127,MALE,52,1,baseline,baseline,slow,coact,tuned,6,17,51.0,0.3333333333333333,45,14,14,14,True,0.0,1200.0
20241211_127,MALE,52,1,baseline,baseline,slow,coact,own_floor,14,14,42.0,0.3333333333333333,45,14,14,14,True,0.0,1200.0
20241211_127,MALE,52,1,baseline,baseline,slow,coact,baseline_floor,14,14,42.0,0.3333333333333333,45,14,14,14,True,0.0,1200.0
20241211_127,MALE,52,1,baseline,baseline,slow,chorus_norm,unfloored,0,17,51.0,0.3333333333333333,45,14,14,14,True,0.0,1200.0
20241211_127,MALE,52,1,baseline,baseline,slow,chorus_norm,own_floor,14,12,36.0,0.3333333333333333,45,14,14,14,True,0.0,1200.0
20241211_127,MALE,52,1,baseline,baseline,slow,chorus_norm,baseline_floor,14,12,36.0,0.3333333333333333,45,14,14,14,True,0.0,1200.0
20241211_127,MALE,52,1,baseline,baseline,slow,chorus_gain_norm,unfloored,0,19,57.0,0.3333333333333333,45,14,14,14,True,0.0,1200.0
20241211_127,MALE,52,1,baseline,baseline,slow,chorus_gain_norm,own_floor,14,11,33.0,0.3333333333333333,45,14,14,14,True,0.0,1200.0
20241211_127,MALE,52,1,baseline,baseline,slow,chorus_gain_norm,baseline_floor,14,11,33.0,0.3333333333333333,45,14,14,14,True,0.0,1200.0
20241211_127,MALE,52,1,baseline,baseline,combined,coact,tuned,4,21,63.0,0.3333333333333333,45,15,15,15,True,0.0,1200.0
20241211_127,MALE,52,1,baseline,baseline,combined,coact,own_floor,15,15,45.0,0.3333333333333333,45,15,15,15,True,0.0,1200.0
20241211_127,MALE,52,1,baseline,baseline,combined,coact,baseline_floor,15,15,45.0,0.3333333333333333,45,15,15,15,True,0.0,1200.0
20241211_127,MALE,52,1,baseline,baseline,combined,chorus_norm,unfloored,0,28,84.0,0.3333333333333333,45,15,15,15,True,0.0,1200.0
20241211_127,MALE,52,1,baseline,baseline,combined,chorus_norm,own_floor,15,18,54.0,0.3333333333333333,45,15,15,15,True,0.0,1200.0
20241211_127,MALE,52,1,baseline,baseline,combined,chorus_norm,baseline_floor,15,18,54.0,0.3333333333333333,45,15,15,15,True,0.0,1200.0
20241211_127,MALE,52,1,baseline,baseline,combined,chorus_gain_norm,unfloored,0,24,72.0,0.3333333333333333,45,15,15,15,True,0.0,1200.0
20241211_127,MALE,52,1,baseline,baseline,combined,chorus_gain_norm,own_floor,15,10,30.0,0.3333333333333333,45,15,15,15,True,0.0,1200.0
20241211_127,MALE,52,1,baseline,baseline,combined,chorus_gain_norm,baseline_floor,15,10,30.0,0.3333333333333333,45,15,15,15,True,0.0,1200.0
20241211_127,MALE,52,2,TTX,treatment,fast,coact,tuned,3,10,46.15384615384615,0.21666666666666667,45,6,8,6,False,1320.0,2100.0
20241211_127,MALE,52,2,TTX,treatment,fast,coact,own_floor,6,6,27.69230769230769,0.21666666666666667,45,6,8,6,False,1320.0,2100.0
20241211_127,MALE,52,2,TTX,treatment,fast,coact,baseline_floor,8,4,18.46153846153846,0.21666666666666667,45,6,8,6,False,1320.0,2100.0
20241211_127,MALE,52,2,TTX,treatment,fast,chorus_norm,unfloored,0,8,36.92307692307692,0.21666666666666667,45,6,8,6,False,1320.0,2100.0
20241211_127,MALE,52,2,TTX,treatment,fast,chorus_norm,own_floor,6,5,23.076923076923077,0.21666666666666667,45,6,8,6,False,1320.0,2100.0
20241211_127,MALE,52,2,TTX,treatment,fast,chorus_norm,baseline_floor,8,3,13.846153846153845,0.21666666666666667,45,6,8,6,False,1320.0,2100.0
20241211_127,MALE,52,2,TTX,treatment,fast,chorus_gain_norm,unfloored,0,11,50.76923076923077,0.21666666666666667,45,6,8,6,False,1320.0,2100.0
20241211_127,MALE,52,2,TTX,treatment,fast,chorus_gain_norm,own_floor,6,5,23.076923076923077,0.21666666666666667,45,6,8,6,False,1320.0,2100.0
20241211_127,MALE,52,2,TTX,treatment,fast,chorus_gain_norm,baseline_floor,8,3,13.846153846153845,0.21666666666666667,45,6,8,6,False,1320.0,2100.0
20241211_127,MALE,52,2,TTX,treatment,slow,coact,tuned,6,20,92.3076923076923,0.21666666666666667,45,10,14,10,True,1320.0,2100.0
20241211_127,MALE,52,2,TTX,treatment,slow,coact,own_floor,10,12,55.38461538461538,0.21666666666666667,45,10,14,10,True,1320.0,2100.0
20241211_127,MALE,52,2,TTX,treatment,slow,coact,baseline_floor,14,8,36.92307692307692,0.21666666666666667,45,10,14,10,True,1320.0,2100.0
20241211_127,MALE,52,2,TTX,treatment,slow,chorus_norm,unfloored,0,12,55.38461538461538,0.21666666666666667,45,10,14,10,True,1320.0,2100.0
20241211_127,MALE,52,2,TTX,treatment,slow,chorus_norm,own_floor,10,10,46.15384615384615,0.21666666666666667,45,10,14,10,True,1320.0,2100.0
20241211_127,MALE,52,2,TTX,treatment,slow,chorus_norm,baseline_floor,14,7,32.30769230769231,0.21666666666666667,45,10,14,10,True,1320.0,2100.0
20241211_127,MALE,52,2,TTX,treatment,slow,chorus_gain_norm,unfloored,0,13,60.0,0.21666666666666667,45,10,14,10,True,1320.0,2100.0
20241211_127,MALE,52,2,TTX,treatment,slow,chorus_gain_norm,own_floor,10,7,32.30769230769231,0.21666666666666667,45,10,14,10,True,1320.0,2100.0
20241211_127,MALE,52,2,TTX,treatment,slow,chorus_gain_norm,baseline_floor,14,4,18.46153846153846,0.21666666666666667,45,10,14,10,True,1320.0,2100.0
20241211_127,MALE,52,2,TTX,treatment,combined,coact,tuned,4,22,101.53846153846153,0.21666666666666667,45,11,15,11,True,1320.0,2100.0
20241211_127,MALE,52,2,TTX,treatment,combined,coact,own_floor,11,12,55.38461538461538,0.21666666666666667,45,11,15,11,True,1320.0,2100.0
20241211_127,MALE,52,2,TTX,treatment,combined,coact,baseline_floor,15,8,36.92307692307692,0.21666666666666667,45,11,15,11,True,1320.0,2100.0
20241211_127,MALE,52,2,TTX,treatment,combined,chorus_norm,unfloored,0,25,115.38461538461539,0.21666666666666667,45,11,15,11,True,1320.0,2100.0
20241211_127,MALE,52,2,TTX,treatment,combined,chorus_norm,own_floor,11,12,55.38461538461538,0.21666666666666667,45,11,15,11,True,1320.0,2100.0
20241211_127,MALE,52,2,TTX,treatment,combined,chorus_norm,baseline_floor,15,9,41.53846153846154,0.21666666666666667,45,11,15,11,True,1320.0,2100.0
20241211_127,MALE,52,2,TTX,treatment,combined,chorus_gain_norm,unfloored,0,26,120.0,0.21666666666666667,45,11,15,11,True,1320.0,2100.0
20241211_127,MALE,52,2,TTX,treatment,combined,chorus_gain_norm,own_floor,11,12,55.38461538461538,0.21666666666666667,45,11,15,11,True,1320.0,2100.0
20241211_127,MALE,52,2,TTX,treatment,combined,chorus_gain_norm,baseline_floor,15,8,36.92307692307692,0.21666666666666667,45,11,15,11,True,1320.0,2100.0
20241211_127,MALE,52,3,senktide,treatment,fast,coact,tuned,3,10,30.0,0.3333333333333333,45,5,8,5,True,2220.0,3420.0
20241211_127,MALE,52,3,senktide,treatment,fast,coact,own_floor,5,1,3.0,0.3333333333333333,45,5,8,5,True,2220.0,3420.0
20241211_127,MALE,52,3,senktide,treatment,fast,coact,baseline_floor,8,1,3.0,0.3333333333333333,45,5,8,5,True,2220.0,3420.0
20241211_127,MALE,52,3,senktide,treatment,fast,chorus_norm,unfloored,0,5,15.0,0.3333333333333333,45,5,8,5,True,2220.0,3420.0
20241211_127,MALE,52,3,senktide,treatment,fast,chorus_norm,own_floor,5,1,3.0,0.3333333333333333,45,5,8,5,True,2220.0,3420.0
20241211_127,MALE,52,3,senktide,treatment,fast,chorus_norm,baseline_floor,8,1,3.0,0.3333333333333333,45,5,8,5,True,2220.0,3420.0
20241211_127,MALE,52,3,senktide,treatment,fast,chorus_gain_norm,unfloored,0,6,18.0,0.3333333333333333,45,5,8,5,True,2220.0,3420.0
20241211_127,MALE,52,3,senktide,treatment,fast,chorus_gain_norm,own_floor,5,1,3.0,0.3333333333333333,45,5,8,5,True,2220.0,3420.0
20241211_127,MALE,52,3,senktide,treatment,fast,chorus_gain_norm,baseline_floor,8,1,3.0,0.3333333333333333,45,5,8,5,True,2220.0,3420.0
20241211_127,MALE,52,3,senktide,treatment,slow,coact,tuned,6,22,66.0,0.3333333333333333,45,7,14,7,True,2220.0,3420.0
20241211_127,MALE,52,3,senktide,treatment,slow,coact,own_floor,7,19,57.0,0.3333333333333333,45,7,14,7,True,2220.0,3420.0
20241211_127,MALE,52,3,senktide,treatment,slow,coact,baseline_floor,14,5,15.0,0.3333333333333333,45,7,14,7,True,2220.0,3420.0
20241211_127,MALE,52,3,senktide,treatment,slow,chorus_norm,unfloored,0,22,66.0,0.3333333333333333,45,7,14,7,True,2220.0,3420.0
20241211_127,MALE,52,3,senktide,treatment,slow,chorus_norm,own_floor,7,14,42.0,0.3333333333333333,45,7,14,7,True,2220.0,3420.0
20241211_127,MALE,52,3,senktide,treatment,slow,chorus_norm,baseline_floor,14,5,15.0,0.3333333333333333,45,7,14,7,True,2220.0,3420.0
20241211_127,MALE,52,3,senktide,treatment,slow,chorus_gain_norm,unfloored,0,22,66.0,0.3333333333333333,45,7,14,7,True,2220.0,3420.0
20241211_127,MALE,52,3,senktide,treatment,slow,chorus_gain_norm,own_floor,7,13,39.0,0.3333333333333333,45,7,14,7,True,2220.0,3420.0
20241211_127,MALE,52,3,senktide,treatment,slow,chorus_gain_norm,baseline_floor,14,3,9.0,0.3333333333333333,45,7,14,7,True,2220.0,3420.0
20241211_127,MALE,52,3,senktide,treatment,combined,coact,tuned,4,27,81.0,0.3333333333333333,45,8,15,8,True,2220.0,3420.0
20241211_127,MALE,52,3,senktide,treatment,combined,coact,own_floor,8,15,45.0,0.3333333333333333,45,8,15,8,True,2220.0,3420.0
20241211_127,MALE,52,3,senktide,treatment,combined,coact,baseline_floor,15,5,15.0,0.3333333333333333,45,8,15,8,True,2220.0,3420.0
20241211_127,MALE,52,3,senktide,treatment,combined,chorus_norm,unfloored,0,28,84.0,0.3333333333333333,45,8,15,8,True,2220.0,3420.0
20241211_127,MALE,52,3,senktide,treatment,combined,chorus_norm,own_floor,8,13,39.0,0.3333333333333333,45,8,15,8,True,2220.0,3420.0
20241211_127,MALE,52,3,senktide,treatment,combined,chorus_norm,baseline_floor,15,4,12.0,0.3333333333333333,45,8,15,8,True,2220.0,3420.0
20241211_127,MALE,52,3,senktide,treatment,combined,chorus_gain_norm,unfloored,0,27,81.0,0.3333333333333333,45,8,15,8,True,2220.0,3420.0
20241211_127,MALE,52,3,senktide,treatment,combined,chorus_gain_norm,own_floor,8,13,39.0,0.3333333333333333,45,8,15,8,True,2220.0,3420.0
20241211_127,MALE,52,3,senktide,treatment,combined,chorus_gain_norm,baseline_floor,15,4,12.0,0.3333333333333333,45,8,15,8,True,2220.0,3420.0
20241212_131,ORX,53,1,baseline,baseline,fast,coact,tuned,3,1,3.0,0.3333333333333333,33,4,4,4,True,0.0,1200.0
20241212_131,ORX,53,1,baseline,baseline,fast,coact,own_floor,4,0,0.0,0.3333333333333333,33,4,4,4,True,0.0,1200.0
20241212_131,ORX,53,1,baseline,baseline,fast,coact,baseline_floor,4,0,0.0,0.3333333333333333,33,4,4,4,True,0.0,1200.0
20241212_131,ORX,53,1,baseline,baseline,fast,chorus_norm,unfloored,0,1,3.0,0.3333333333333333,33,4,4,4,True,0.0,1200.0
20241212_131,ORX,53,1,baseline,baseline,fast,chorus_norm,own_floor,4,0,0.0,0.3333333333333333,33,4,4,4,True,0.0,1200.0
20241212_131,ORX,53,1,baseline,baseline,fast,chorus_norm,baseline_floor,4,0,0.0,0.3333333333333333,33,4,4,4,True,0.0,1200.0
20241212_131,ORX,53,1,baseline,baseline,fast,chorus_gain_norm,unfloored,0,1,3.0,0.3333333333333333,33,4,4,4,True,0.0,1200.0
20241212_131,ORX,53,1,baseline,baseline,fast,chorus_gain_norm,own_floor,4,0,0.0,0.3333333333333333,33,4,4,4,True,0.0,1200.0
20241212_131,ORX,53,1,baseline,baseline,fast,chorus_gain_norm,baseline_floor,4,0,0.0,0.3333333333333333,33,4,4,4,True,0.0,1200.0
20241212_131,ORX,53,1,baseline,baseline,slow,coact,tuned,6,1,3.0,0.3333333333333333,33,5,5,5,True,0.0,1200.0
20241212_131,ORX,53,1,baseline,baseline,slow,coact,own_floor,5,2,6.0,0.3333333333333333,33,5,5,5,True,0.0,1200.0
20241212_131,ORX,53,1,baseline,baseline,slow,coact,baseline_floor,5,2,6.0,0.3333333333333333,33,5,5,5,True,0.0,1200.0
20241212_131,ORX,53,1,baseline,baseline,slow,chorus_norm,unfloored,0,1,3.0,0.3333333333333333,33,5,5,5,True,0.0,1200.0
20241212_131,ORX,53,1,baseline,baseline,slow,chorus_norm,own_floor,5,1,3.0,0.3333333333333333,33,5,5,5,True,0.0,1200.0
20241212_131,ORX,53,1,baseline,baseline,slow,chorus_norm,baseline_floor,5,1,3.0,0.3333333333333333,33,5,5,5,True,0.0,1200.0
20241212_131,ORX,53,1,baseline,baseline,slow,chorus_gain_norm,unfloored,0,1,3.0,0.3333333333333333,33,5,5,5,True,0.0,1200.0
20241212_131,ORX,53,1,baseline,baseline,slow,chorus_gain_norm,own_floor,5,0,0.0,0.3333333333333333,33,5,5,5,True,0.0,1200.0
20241212_131,ORX,53,1,baseline,baseline,slow,chorus_gain_norm,baseline_floor,5,0,0.0,0.3333333333333333,33,5,5,5,True,0.0,1200.0
20241212_131,ORX,53,1,baseline,baseline,combined,coact,tuned,4,3,9.0,0.3333333333333333,33,5,5,5,True,0.0,1200.0
20241212_131,ORX,53,1,baseline,baseline,combined,coact,own_floor,5,2,6.0,0.3333333333333333,33,5,5,5,True,0.0,1200.0
20241212_131,ORX,53,1,baseline,baseline,combined,coact,baseline_floor,5,2,6.0,0.3333333333333333,33,5,5,5,True,0.0,1200.0
20241212_131,ORX,53,1,baseline,baseline,combined,chorus_norm,unfloored,0,2,6.0,0.3333333333333333,33,5,5,5,True,0.0,1200.0
20241212_131,ORX,53,1,baseline,baseline,combined,chorus_norm,own_floor,5,1,3.0,0.3333333333333333,33,5,5,5,True,0.0,1200.0
20241212_131,ORX,53,1,baseline,baseline,combined,chorus_norm,baseline_floor,5,1,3.0,0.3333333333333333,33,5,5,5,True,0.0,1200.0
20241212_131,ORX,53,1,baseline,baseline,combined,chorus_gain_norm,unfloored,0,2,6.0,0.3333333333333333,33,5,5,5,True,0.0,1200.0
20241212_131,ORX,53,1,baseline,baseline,combined,chorus_gain_norm,own_floor,5,1,3.0,0.3333333333333333,33,5,5,5,True,0.0,1200.0
20241212_131,ORX,53,1,baseline,baseline,combined,chorus_gain_norm,baseline_floor,5,1,3.0,0.3333333333333333,33,5,5,5,True,0.0,1200.0
20241212_131,ORX,53,2,TTX,treatment,fast,coact,tuned,3,3,9.0,0.3333333333333333,33,4,4,4,True,1320.0,2520.0
20241212_131,ORX,53,2,TTX,treatment,fast,coact,own_floor,4,3,9.0,0.3333333333333333,33,4,4,4,True,1320.0,2520.0
20241212_131,ORX,53,2,TTX,treatment,fast,coact,baseline_floor,4,3,9.0,0.3333333333333333,33,4,4,4,True,1320.0,2520.0
20241212_131,ORX,53,2,TTX,treatment,fast,chorus_norm,unfloored,0,3,9.0,0.3333333333333333,33,4,4,4,True,1320.0,2520.0
20241212_131,ORX,53,2,TTX,treatment,fast,chorus_norm,own_floor,4,3,9.0,0.3333333333333333,33,4,4,4,True,1320.0,2520.0
20241212_131,ORX,53,2,TTX,treatment,fast,chorus_norm,baseline_floor,4,3,9.0,0.3333333333333333,33,4,4,4,True,1320.0,2520.0
20241212_131,ORX,53,2,TTX,treatment,fast,chorus_gain_norm,unfloored,0,3,9.0,0.3333333333333333,33,4,4,4,True,1320.0,2520.0
20241212_131,ORX,53,2,TTX,treatment,fast,chorus_gain_norm,own_floor,4,3,9.0,0.3333333333333333,33,4,4,4,True,1320.0,2520.0
20241212_131,ORX,53,2,TTX,treatment,fast,chorus_gain_norm,baseline_floor,4,3,9.0,0.3333333333333333,33,4,4,4,True,1320.0,2520.0
20241212_131,ORX,53,2,TTX,treatment,slow,coact,tuned,6,10,30.0,0.3333333333333333,33,8,5,8,True,1320.0,2520.0
20241212_131,ORX,53,2,TTX,treatment,slow,coact,own_floor,8,7,21.0,0.3333333333333333,33,8,5,8,True,1320.0,2520.0
20241212_131,ORX,53,2,TTX,treatment,slow,coact,baseline_floor,5,11,33.0,0.3333333333333333,33,8,5,8,True,1320.0,2520.0
20241212_131,ORX,53,2,TTX,treatment,slow,chorus_norm,unfloored,0,15,45.0,0.3333333333333333,33,8,5,8,True,1320.0,2520.0
20241212_131,ORX,53,2,TTX,treatment,slow,chorus_norm,own_floor,8,8,24.0,0.3333333333333333,33,8,5,8,True,1320.0,2520.0
20241212_131,ORX,53,2,TTX,treatment,slow,chorus_norm,baseline_floor,5,14,42.0,0.3333333333333333,33,8,5,8,True,1320.0,2520.0
20241212_131,ORX,53,2,TTX,treatment,slow,chorus_gain_norm,unfloored,0,14,42.0,0.3333333333333333,33,8,5,8,True,1320.0,2520.0
20241212_131,ORX,53,2,TTX,treatment,slow,chorus_gain_norm,own_floor,8,8,24.0,0.3333333333333333,33,8,5,8,True,1320.0,2520.0
20241212_131,ORX,53,2,TTX,treatment,slow,chorus_gain_norm,baseline_floor,5,14,42.0,0.3333333333333333,33,8,5,8,True,1320.0,2520.0
20241212_131,ORX,53,2,TTX,treatment,combined,coact,tuned,4,14,42.0,0.3333333333333333,33,9,5,9,True,1320.0,2520.0
20241212_131,ORX,53,2,TTX,treatment,combined,coact,own_floor,9,7,21.0,0.3333333333333333,33,9,5,9,True,1320.0,2520.0
20241212_131,ORX,53,2,TTX,treatment,combined,coact,baseline_floor,5,13,39.0,0.3333333333333333,33,9,5,9,True,1320.0,2520.0
20241212_131,ORX,53,2,TTX,treatment,combined,chorus_norm,unfloored,0,17,51.0,0.3333333333333333,33,9,5,9,True,1320.0,2520.0
20241212_131,ORX,53,2,TTX,treatment,combined,chorus_norm,own_floor,9,9,27.0,0.3333333333333333,33,9,5,9,True,1320.0,2520.0
20241212_131,ORX,53,2,TTX,treatment,combined,chorus_norm,baseline_floor,5,16,48.0,0.3333333333333333,33,9,5,9,True,1320.0,2520.0
20241212_131,ORX,53,2,TTX,treatment,combined,chorus_gain_norm,unfloored,0,17,51.0,0.3333333333333333,33,9,5,9,True,1320.0,2520.0
20241212_131,ORX,53,2,TTX,treatment,combined,chorus_gain_norm,own_floor,9,9,27.0,0.3333333333333333,33,9,5,9,True,1320.0,2520.0
20241212_131,ORX,53,2,TTX,treatment,combined,chorus_gain_norm,baseline_floor,5,15,45.0,0.3333333333333333,33,9,5,9,True,1320.0,2520.0
20241212_131,ORX,53,3,senktide,treatment,fast,coact,tuned,3,12,36.68133124305106,0.3271418891666667,33,8,4,8,True,2880.0,4057.710801
20241212_131,ORX,53,3,senktide,treatment,fast,coact,own_floor,8,4,12.227110414350355,0.3271418891666667,33,8,4,8,True,2880.0,4057.710801
20241212_131,ORX,53,3,senktide,treatment,fast,coact,baseline_floor,4,10,30.567776035875887,0.3271418891666667,33,8,4,8,True,2880.0,4057.710801
20241212_131,ORX,53,3,senktide,treatment,fast,chorus_norm,unfloored,0,13,39.73810884663865,0.3271418891666667,33,8,4,8,True,2880.0,4057.710801
20241212_131,ORX,53,3,senktide,treatment,fast,chorus_norm,own_floor,8,2,6.113555207175177,0.3271418891666667,33,8,4,8,True,2880.0,4057.710801
20241212_131,ORX,53,3,senktide,treatment,fast,chorus_norm,baseline_floor,4,11,33.62455363946348,0.3271418891666667,33,8,4,8,True,2880.0,4057.710801
20241212_131,ORX,53,3,senktide,treatment,fast,chorus_gain_norm,unfloored,0,10,30.567776035875887,0.3271418891666667,33,8,4,8,True,2880.0,4057.710801
20241212_131,ORX,53,3,senktide,treatment,fast,chorus_gain_norm,own_floor,8,1,3.0567776035875887,0.3271418891666667,33,8,4,8,True,2880.0,4057.710801
20241212_131,ORX,53,3,senktide,treatment,fast,chorus_gain_norm,baseline_floor,4,8,24.45422082870071,0.3271418891666667,33,8,4,8,True,2880.0,4057.710801
20241212_131,ORX,53,3,senktide,treatment,slow,coact,tuned,6,31,94.76010571121525,0.3271418891666667,33,11,5,11,False,2880.0,4057.710801
20241212_131,ORX,53,3,senktide,treatment,slow,coact,own_floor,11,19,58.078774468164184,0.3271418891666667,33,11,5,11,False,2880.0,4057.710801
20241212_131,ORX,53,3,senktide,treatment,slow,coact,baseline_floor,5,31,94.76010571121525,0.3271418891666667,33,11,5,11,False,2880.0,4057.710801
20241212_131,ORX,53,3,senktide,treatment,slow,chorus_norm,unfloored,0,28,85.58977290045249,0.3271418891666667,33,11,5,11,False,2880.0,4057.710801
20241212_131,ORX,53,3,senktide,treatment,slow,chorus_norm,own_floor,11,14,42.794886450226244,0.3271418891666667,33,11,5,11,False,2880.0,4057.710801
20241212_131,ORX,53,3,senktide,treatment,slow,chorus_norm,baseline_floor,5,28,85.58977290045249,0.3271418891666667,33,11,5,11,False,2880.0,4057.710801
20241212_131,ORX,53,3,senktide,treatment,slow,chorus_gain_norm,unfloored,0,25,76.41944008968972,0.3271418891666667,33,11,5,11,False,2880.0,4057.710801
20241212_131,ORX,53,3,senktide,treatment,slow,chorus_gain_norm,own_floor,11,12,36.68133124305106,0.3271418891666667,33,11,5,11,False,2880.0,4057.710801
20241212_131,ORX,53,3,senktide,treatment,slow,chorus_gain_norm,baseline_floor,5,23,70.30588488251455,0.3271418891666667,33,11,5,11,False,2880.0,4057.710801
20241212_131,ORX,53,3,senktide,treatment,combined,coact,tuned,4,35,106.98721612556561,0.3271418891666667,33,12,5,12,True,2880.0,4057.710801
20241212_131,ORX,53,3,senktide,treatment,combined,coact,own_floor,12,19,58.078774468164184,0.3271418891666667,33,12,5,12,True,2880.0,4057.710801
20241212_131,ORX,53,3,senktide,treatment,combined,coact,baseline_floor,5,35,106.98721612556561,0.3271418891666667,33,12,5,12,True,2880.0,4057.710801
20241212_131,ORX,53,3,senktide,treatment,combined,chorus_norm,unfloored,0,40,122.27110414350355,0.3271418891666667,33,12,5,12,True,2880.0,4057.710801
20241212_131,ORX,53,3,senktide,treatment,combined,chorus_norm,own_floor,12,17,51.96521926098901,0.3271418891666667,33,12,5,12,True,2880.0,4057.710801
20241212_131,ORX,53,3,senktide,treatment,combined,chorus_norm,baseline_floor,5,37,113.10077133274079,0.3271418891666667,33,12,5,12,True,2880.0,4057.710801
20241212_131,ORX,53,3,senktide,treatment,combined,chorus_gain_norm,unfloored,0,37,113.10077133274079,0.3271418891666667,33,12,5,12,True,2880.0,4057.710801
20241212_131,ORX,53,3,senktide,treatment,combined,chorus_gain_norm,own_floor,12,15,45.851664053813835,0.3271418891666667,33,12,5,12,True,2880.0,4057.710801
20241212_131,ORX,53,3,senktide,treatment,combined,chorus_gain_norm,baseline_floor,5,33,100.87366091839043,0.3271418891666667,33,12,5,12,True,2880.0,4057.710801
20250731_151,DI,57,1,baseline,baseline,fast,coact,tuned,3,7,21.0,0.3333333333333333,38,10,10,10,False,60.0,1260.0
20250731_151,DI,57,1,baseline,baseline,fast,coact,own_floor,10,3,9.0,0.3333333333333333,38,10,10,10,False,60.0,1260.0
20250731_151,DI,57,1,baseline,baseline,fast,coact,baseline_floor,10,3,9.0,0.3333333333333333,38,10,10,10,False,60.0,1260.0
20250731_151,DI,57,1,baseline,baseline,fast,chorus_norm,unfloored,0,18,54.0,0.3333333333333333,38,10,10,10,False,60.0,1260.0
20250731_151,DI,57,1,baseline,baseline,fast,chorus_norm,own_floor,10,0,0.0,0.3333333333333333,38,10,10,10,False,60.0,1260.0
20250731_151,DI,57,1,baseline,baseline,fast,chorus_norm,baseline_floor,10,0,0.0,0.3333333333333333,38,10,10,10,False,60.0,1260.0
20250731_151,DI,57,1,baseline,baseline,fast,chorus_gain_norm,unfloored,0,6,18.0,0.3333333333333333,38,10,10,10,False,60.0,1260.0
20250731_151,DI,57,1,baseline,baseline,fast,chorus_gain_norm,own_floor,10,0,0.0,0.3333333333333333,38,10,10,10,False,60.0,1260.0
20250731_151,DI,57,1,baseline,baseline,fast,chorus_gain_norm,baseline_floor,10,0,0.0,0.3333333333333333,38,10,10,10,False,60.0,1260.0
20250731_151,DI,57,1,baseline,baseline,slow,coact,tuned,6,5,15.0,0.3333333333333333,38,8,8,8,False,60.0,1260.0
20250731_151,DI,57,1,baseline,baseline,slow,coact,own_floor,8,5,15.0,0.3333333333333333,38,8,8,8,False,60.0,1260.0
20250731_151,DI,57,1,baseline,baseline,slow,coact,baseline_floor,8,5,15.0,0.3333333333333333,38,8,8,8,False,60.0,1260.0
20250731_151,DI,57,1,baseline,baseline,slow,chorus_norm,unfloored,0,5,15.0,0.3333333333333333,38,8,8,8,False,60.0,1260.0
20250731_151,DI,57,1,baseline,baseline,slow,chorus_norm,own_floor,8,5,15.0,0.3333333333333333,38,8,8,8,False,60.0,1260.0
20250731_151,DI,57,1,baseline,baseline,slow,chorus_norm,baseline_floor,8,5,15.0,0.3333333333333333,38,8,8,8,False,60.0,1260.0
20250731_151,DI,57,1,baseline,baseline,slow,chorus_gain_norm,unfloored,0,5,15.0,0.3333333333333333,38,8,8,8,False,60.0,1260.0
20250731_151,DI,57,1,baseline,baseline,slow,chorus_gain_norm,own_floor,8,5,15.0,0.3333333333333333,38,8,8,8,False,60.0,1260.0
20250731_151,DI,57,1,baseline,baseline,slow,chorus_gain_norm,baseline_floor,8,5,15.0,0.3333333333333333,38,8,8,8,False,60.0,1260.0
20250731_151,DI,57,1,baseline,baseline,combined,coact,tuned,4,14,42.0,0.3333333333333333,38,11,11,11,True,60.0,1260.0
20250731_151,DI,57,1,baseline,baseline,combined,coact,own_floor,11,11,33.0,0.3333333333333333,38,11,11,11,True,60.0,1260.0
20250731_151,DI,57,1,baseline,baseline,combined,coact,baseline_floor,11,11,33.0,0.3333333333333333,38,11,11,11,True,60.0,1260.0
20250731_151,DI,57,1,baseline,baseline,combined,chorus_norm,unfloored,0,24,72.0,0.3333333333333333,38,11,11,11,True,60.0,1260.0
20250731_151,DI,57,1,baseline,baseline,combined,chorus_norm,own_floor,11,7,21.0,0.3333333333333333,38,11,11,11,True,60.0,1260.0
20250731_151,DI,57,1,baseline,baseline,combined,chorus_norm,baseline_floor,11,7,21.0,0.3333333333333333,38,11,11,11,True,60.0,1260.0
20250731_151,DI,57,1,baseline,baseline,combined,chorus_gain_norm,unfloored,0,25,75.0,0.3333333333333333,38,11,11,11,True,60.0,1260.0
20250731_151,DI,57,1,baseline,baseline,combined,chorus_gain_norm,own_floor,11,5,15.0,0.3333333333333333,38,11,11,11,True,60.0,1260.0
20250731_151,DI,57,1,baseline,baseline,combined,chorus_gain_norm,baseline_floor,11,5,15.0,0.3333333333333333,38,11,11,11,True,60.0,1260.0
20250731_151,DI,57,2,TTX,treatment,fast,coact,tuned,3,15,52.94117647058824,0.2833333333333333,38,7,10,7,True,1380.0,2400.0
20250731_151,DI,57,2,TTX,treatment,fast,coact,own_floor,7,6,21.176470588235293,0.2833333333333333,38,7,10,7,True,1380.0,2400.0
20250731_151,DI,57,2,TTX,treatment,fast,coact,baseline_floor,10,5,17.647058823529413,0.2833333333333333,38,7,10,7,True,1380.0,2400.0
20250731_151,DI,57,2,TTX,treatment,fast,chorus_norm,unfloored,0,15,52.94117647058824,0.2833333333333333,38,7,10,7,True,1380.0,2400.0
20250731_151,DI,57,2,TTX,treatment,fast,chorus_norm,own_floor,7,6,21.176470588235293,0.2833333333333333,38,7,10,7,True,1380.0,2400.0
20250731_151,DI,57,2,TTX,treatment,fast,chorus_norm,baseline_floor,10,4,14.117647058823529,0.2833333333333333,38,7,10,7,True,1380.0,2400.0
20250731_151,DI,57,2,TTX,treatment,fast,chorus_gain_norm,unfloored,0,17,60.0,0.2833333333333333,38,7,10,7,True,1380.0,2400.0
20250731_151,DI,57,2,TTX,treatment,fast,chorus_gain_norm,own_floor,7,6,21.176470588235293,0.2833333333333333,38,7,10,7,True,1380.0,2400.0
20250731_151,DI,57,2,TTX,treatment,fast,chorus_gain_norm,baseline_floor,10,3,10.588235294117647,0.2833333333333333,38,7,10,7,True,1380.0,2400.0
20250731_151,DI,57,2,TTX,treatment,slow,coact,tuned,6,27,95.29411764705883,0.2833333333333333,38,10,8,10,True,1380.0,2400.0
20250731_151,DI,57,2,TTX,treatment,slow,coact,own_floor,10,21,74.11764705882354,0.2833333333333333,38,10,8,10,True,1380.0,2400.0
20250731_151,DI,57,2,TTX,treatment,slow,coact,baseline_floor,8,23,81.17647058823529,0.2833333333333333,38,10,8,10,True,1380.0,2400.0
20250731_151,DI,57,2,TTX,treatment,slow,chorus_norm,unfloored,0,27,95.29411764705883,0.2833333333333333,38,10,8,10,True,1380.0,2400.0
20250731_151,DI,57,2,TTX,treatment,slow,chorus_norm,own_floor,10,21,74.11764705882354,0.2833333333333333,38,10,8,10,True,1380.0,2400.0
20250731_151,DI,57,2,TTX,treatment,slow,chorus_norm,baseline_floor,8,21,74.11764705882354,0.2833333333333333,38,10,8,10,True,1380.0,2400.0
20250731_151,DI,57,2,TTX,treatment,slow,chorus_gain_norm,unfloored,0,28,98.82352941176471,0.2833333333333333,38,10,8,10,True,1380.0,2400.0
20250731_151,DI,57,2,TTX,treatment,slow,chorus_gain_norm,own_floor,10,21,74.11764705882354,0.2833333333333333,38,10,8,10,True,1380.0,2400.0
20250731_151,DI,57,2,TTX,treatment,slow,chorus_gain_norm,baseline_floor,8,21,74.11764705882354,0.2833333333333333,38,10,8,10,True,1380.0,2400.0
20250731_151,DI,57,2,TTX,treatment,combined,coact,tuned,4,30,105.88235294117648,0.2833333333333333,38,11,11,11,True,1380.0,2400.0
20250731_151,DI,57,2,TTX,treatment,combined,coact,own_floor,11,23,81.17647058823529,0.2833333333333333,38,11,11,11,True,1380.0,2400.0
20250731_151,DI,57,2,TTX,treatment,combined,coact,baseline_floor,11,23,81.17647058823529,0.2833333333333333,38,11,11,11,True,1380.0,2400.0
20250731_151,DI,57,2,TTX,treatment,combined,chorus_norm,unfloored,0,35,123.52941176470588,0.2833333333333333,38,11,11,11,True,1380.0,2400.0
20250731_151,DI,57,2,TTX,treatment,combined,chorus_norm,own_floor,11,21,74.11764705882354,0.2833333333333333,38,11,11,11,True,1380.0,2400.0
20250731_151,DI,57,2,TTX,treatment,combined,chorus_norm,baseline_floor,11,21,74.11764705882354,0.2833333333333333,38,11,11,11,True,1380.0,2400.0
20250731_151,DI,57,2,TTX,treatment,combined,chorus_gain_norm,unfloored,0,35,123.52941176470588,0.2833333333333333,38,11,11,11,True,1380.0,2400.0
20250731_151,DI,57,2,TTX,treatment,combined,chorus_gain_norm,own_floor,11,21,74.11764705882354,0.2833333333333333,38,11,11,11,True,1380.0,2400.0
20250731_151,DI,57,2,TTX,treatment,combined,chorus_gain_norm,baseline_floor,11,21,74.11764705882354,0.2833333333333333,38,11,11,11,True,1380.0,2400.0
20250731_151,DI,57,3,wash,treatment,fast,coact,tuned,3,8,24.0,0.3333333333333333,38,4,10,4,True,2520.0,3720.0
20250731_151,DI,57,3,wash,treatment,fast,coact,own_floor,4,2,6.0,0.3333333333333333,38,4,10,4,True,2520.0,3720.0
20250731_151,DI,57,3,wash,treatment,fast,coact,baseline_floor,10,0,0.0,0.3333333333333333,38,4,10,4,True,2520.0,3720.0
20250731_151,DI,57,3,wash,treatment,fast,chorus_norm,unfloored,0,4,12.0,0.3333333333333333,38,4,10,4,True,2520.0,3720.0
20250731_151,DI,57,3,wash,treatment,fast,chorus_norm,own_floor,4,1,3.0,0.3333333333333333,38,4,10,4,True,2520.0,3720.0
20250731_151,DI,57,3,wash,treatment,fast,chorus_norm,baseline_floor,10,0,0.0,0.3333333333333333,38,4,10,4,True,2520.0,3720.0
20250731_151,DI,57,3,wash,treatment,fast,chorus_gain_norm,unfloored,0,5,15.0,0.3333333333333333,38,4,10,4,True,2520.0,3720.0
20250731_151,DI,57,3,wash,treatment,fast,chorus_gain_norm,own_floor,4,1,3.0,0.3333333333333333,38,4,10,4,True,2520.0,3720.0
20250731_151,DI,57,3,wash,treatment,fast,chorus_gain_norm,baseline_floor,10,0,0.0,0.3333333333333333,38,4,10,4,True,2520.0,3720.0
20250731_151,DI,57,3,wash,treatment,slow,coact,tuned,6,15,45.0,0.3333333333333333,38,7,8,7,True,2520.0,3720.0
20250731_151,DI,57,3,wash,treatment,slow,coact,own_floor,7,11,33.0,0.3333333333333333,38,7,8,7,True,2520.0,3720.0
20250731_151,DI,57,3,wash,treatment,slow,coact,baseline_floor,8,10,30.0,0.3333333333333333,38,7,8,7,True,2520.0,3720.0
20250731_151,DI,57,3,wash,treatment,slow,chorus_norm,unfloored,0,15,45.0,0.3333333333333333,38,7,8,7,True,2520.0,3720.0
20250731_151,DI,57,3,wash,treatment,slow,chorus_norm,own_floor,7,10,30.0,0.3333333333333333,38,7,8,7,True,2520.0,3720.0
20250731_151,DI,57,3,wash,treatment,slow,chorus_norm,baseline_floor,8,10,30.0,0.3333333333333333,38,7,8,7,True,2520.0,3720.0
20250731_151,DI,57,3,wash,treatment,slow,chorus_gain_norm,unfloored,0,15,45.0,0.3333333333333333,38,7,8,7,True,2520.0,3720.0
20250731_151,DI,57,3,wash,treatment,slow,chorus_gain_norm,own_floor,7,10,30.0,0.3333333333333333,38,7,8,7,True,2520.0,3720.0
20250731_151,DI,57,3,wash,treatment,slow,chorus_gain_norm,baseline_floor,8,9,27.0,0.3333333333333333,38,7,8,7,True,2520.0,3720.0
20250731_151,DI,57,3,wash,treatment,combined,coact,tuned,4,22,66.0,0.3333333333333333,38,7,11,7,True,2520.0,3720.0
20250731_151,DI,57,3,wash,treatment,combined,coact,own_floor,7,14,42.0,0.3333333333333333,38,7,11,7,True,2520.0,3720.0
20250731_151,DI,57,3,wash,treatment,combined,coact,baseline_floor,11,8,24.0,0.3333333333333333,38,7,11,7,True,2520.0,3720.0
20250731_151,DI,57,3,wash,treatment,combined,chorus_norm,unfloored,0,20,60.0,0.3333333333333333,38,7,11,7,True,2520.0,3720.0
20250731_151,DI,57,3,wash,treatment,combined,chorus_norm,own_floor,7,12,36.0,0.3333333333333333,38,7,11,7,True,2520.0,3720.0
20250731_151,DI,57,3,wash,treatment,combined,chorus_norm,baseline_floor,11,7,21.0,0.3333333333333333,38,7,11,7,True,2520.0,3720.0
20250731_151,DI,57,3,wash,treatment,combined,chorus_gain_norm,unfloored,0,21,63.0,0.3333333333333333,38,7,11,7,True,2520.0,3720.0
20250731_151,DI,57,3,wash,treatment,combined,chorus_gain_norm,own_floor,7,13,39.0,0.3333333333333333,38,7,11,7,True,2520.0,3720.0
20250731_151,DI,57,3,wash,treatment,combined,chorus_gain_norm,baseline_floor,11,7,21.0,0.3333333333333333,38,7,11,7,True,2520.0,3720.0
20250731_151,DI,57,4,high K+,treatment,fast,coact,tuned,3,2,12.001784265260776,0.16664188888888878,38,7,10,7,True,4200.0,4799.9108
20250731_151,DI,57,4,high K+,treatment,fast,coact,own_floor,7,0,0.0,0.16664188888888878,38,7,10,7,True,4200.0,4799.9108
20250731_151,DI,57,4,high K+,treatment,fast,coact,baseline_floor,10,0,0.0,0.16664188888888878,38,7,10,7,True,4200.0,4799.9108
20250731_151,DI,57,4,high K+,treatment,fast,chorus_norm,unfloored,0,2,12.001784265260776,0.16664188888888878,38,7,10,7,True,4200.0,4799.9108
20250731_151,DI,57,4,high K+,treatment,fast,chorus_norm,own_floor,7,0,0.0,0.16664188888888878,38,7,10,7,True,4200.0,4799.9108
20250731_151,DI,57,4,high K+,treatment,fast,chorus_norm,baseline_floor,10,0,0.0,0.16664188888888878,38,7,10,7,True,4200.0,4799.9108
20250731_151,DI,57,4,high K+,treatment,fast,chorus_gain_norm,unfloored,0,1,6.000892132630388,0.16664188888888878,38,7,10,7,True,4200.0,4799.9108
20250731_151,DI,57,4,high K+,treatment,fast,chorus_gain_norm,own_floor,7,0,0.0,0.16664188888888878,38,7,10,7,True,4200.0,4799.9108
20250731_151,DI,57,4,high K+,treatment,fast,chorus_gain_norm,baseline_floor,10,0,0.0,0.16664188888888878,38,7,10,7,True,4200.0,4799.9108
20250731_151,DI,57,4,high K+,treatment,slow,coact,tuned,6,4,24.00356853052155,0.16664188888888878,38,8,8,8,True,4200.0,4799.9108
20250731_151,DI,57,4,high K+,treatment,slow,coact,own_floor,8,1,6.000892132630388,0.16664188888888878,38,8,8,8,True,4200.0,4799.9108
20250731_151,DI,57,4,high K+,treatment,slow,coact,baseline_floor,8,1,6.000892132630388,0.16664188888888878,38,8,8,8,True,4200.0,4799.9108
20250731_151,DI,57,4,high K+,treatment,slow,chorus_norm,unfloored,0,3,18.002676397891165,0.16664188888888878,38,8,8,8,True,4200.0,4799.9108
20250731_151,DI,57,4,high K+,treatment,slow,chorus_norm,own_floor,8,1,6.000892132630388,0.16664188888888878,38,8,8,8,True,4200.0,4799.9108
20250731_151,DI,57,4,high K+,treatment,slow,chorus_norm,baseline_floor,8,1,6.000892132630388,0.16664188888888878,38,8,8,8,True,4200.0,4799.9108
20250731_151,DI,57,4,high K+,treatment,slow,chorus_gain_norm,unfloored,0,3,18.002676397891165,0.16664188888888878,38,8,8,8,True,4200.0,4799.9108
20250731_151,DI,57,4,high K+,treatment,slow,chorus_gain_norm,own_floor,8,1,6.000892132630388,0.16664188888888878,38,8,8,8,True,4200.0,4799.9108
20250731_151,DI,57,4,high K+,treatment,slow,chorus_gain_norm,baseline_floor,8,1,6.000892132630388,0.16664188888888878,38,8,8,8,True,4200.0,4799.9108
20250731_151,DI,57,4,high K+,treatment,combined,coact,tuned,4,4,24.00356853052155,0.16664188888888878,38,8,11,8,True,4200.0,4799.9108
20250731_151,DI,57,4,high K+,treatment,combined,coact,own_floor,8,1,6.000892132630388,0.16664188888888878,38,8,11,8,True,4200.0,4799.9108
20250731_151,DI,57,4,high K+,treatment,combined,coact,baseline_floor,11,1,6.000892132630388,0.16664188888888878,38,8,11,8,True,4200.0,4799.9108
20250731_151,DI,57,4,high K+,treatment,combined,chorus_norm,unfloored,0,4,24.00356853052155,0.16664188888888878,38,8,11,8,True,4200.0,4799.9108
20250731_151,DI,57,4,high K+,treatment,combined,chorus_norm,own_floor,8,1,6.000892132630388,0.16664188888888878,38,8,11,8,True,4200.0,4799.9108
20250731_151,DI,57,4,high K+,treatment,combined,chorus_norm,baseline_floor,11,1,6.000892132630388,0.16664188888888878,38,8,11,8,True,4200.0,4799.9108
20250731_151,DI,57,4,high K+,treatment,combined,chorus_gain_norm,unfloored,0,5,30.004460663151942,0.16664188888888878,38,8,11,8,True,4200.0,4799.9108
20250731_151,DI,57,4,high K+,treatment,combined,chorus_gain_norm,own_floor,8,1,6.000892132630388,0.16664188888888878,38,8,11,8,True,4200.0,4799.9108
20250731_151,DI,57,4,high K+,treatment,combined,chorus_gain_norm,baseline_floor,11,1,6.000892132630388,0.16664188888888878,38,8,11,8,True,4200.0,4799.9108
20250806_174,ORX,58,1,baseline,baseline,fast,coact,tuned,3,12,36.0,0.3333333333333333,36,6,6,6,True,0.0,1200.0
20250806_174,ORX,58,1,baseline,baseline,fast,coact,own_floor,6,7,21.0,0.3333333333333333,36,6,6,6,True,0.0,1200.0
20250806_174,ORX,58,1,baseline,baseline,fast,coact,baseline_floor,6,7,21.0,0.3333333333333333,36,6,6,6,True,0.0,1200.0
20250806_174,ORX,58,1,baseline,baseline,fast,chorus_norm,unfloored,0,16,48.0,0.3333333333333333,36,6,6,6,True,0.0,1200.0
20250806_174,ORX,58,1,baseline,baseline,fast,chorus_norm,own_floor,6,6,18.0,0.3333333333333333,36,6,6,6,True,0.0,1200.0
20250806_174,ORX,58,1,baseline,baseline,fast,chorus_norm,baseline_floor,6,6,18.0,0.3333333333333333,36,6,6,6,True,0.0,1200.0
20250806_174,ORX,58,1,baseline,baseline,fast,chorus_gain_norm,unfloored,0,17,51.0,0.3333333333333333,36,6,6,6,True,0.0,1200.0
20250806_174,ORX,58,1,baseline,baseline,fast,chorus_gain_norm,own_floor,6,6,18.0,0.3333333333333333,36,6,6,6,True,0.0,1200.0
20250806_174,ORX,58,1,baseline,baseline,fast,chorus_gain_norm,baseline_floor,6,6,18.0,0.3333333333333333,36,6,6,6,True,0.0,1200.0
20250806_174,ORX,58,1,baseline,baseline,slow,coact,tuned,6,10,30.0,0.3333333333333333,36,10,10,10,True,0.0,1200.0
20250806_174,ORX,58,1,baseline,baseline,slow,coact,own_floor,10,9,27.0,0.3333333333333333,36,10,10,10,True,0.0,1200.0
20250806_174,ORX,58,1,baseline,baseline,slow,coact,baseline_floor,10,9,27.0,0.3333333333333333,36,10,10,10,True,0.0,1200.0
20250806_174,ORX,58,1,baseline,baseline,slow,chorus_norm,unfloored,0,13,39.0,0.3333333333333333,36,10,10,10,True,0.0,1200.0
20250806_174,ORX,58,1,baseline,baseline,slow,chorus_norm,own_floor,10,10,30.0,0.3333333333333333,36,10,10,10,True,0.0,1200.0
20250806_174,ORX,58,1,baseline,baseline,slow,chorus_norm,baseline_floor,10,10,30.0,0.3333333333333333,36,10,10,10,True,0.0,1200.0
20250806_174,ORX,58,1,baseline,baseline,slow,chorus_gain_norm,unfloored,0,14,42.0,0.3333333333333333,36,10,10,10,True,0.0,1200.0
20250806_174,ORX,58,1,baseline,baseline,slow,chorus_gain_norm,own_floor,10,9,27.0,0.3333333333333333,36,10,10,10,True,0.0,1200.0
20250806_174,ORX,58,1,baseline,baseline,slow,chorus_gain_norm,baseline_floor,10,9,27.0,0.3333333333333333,36,10,10,10,True,0.0,1200.0
20250806_174,ORX,58,1,baseline,baseline,combined,coact,tuned,4,20,60.0,0.3333333333333333,36,11,11,11,True,0.0,1200.0
20250806_174,ORX,58,1,baseline,baseline,combined,coact,own_floor,11,10,30.0,0.3333333333333333,36,11,11,11,True,0.0,1200.0
20250806_174,ORX,58,1,baseline,baseline,combined,coact,baseline_floor,11,10,30.0,0.3333333333333333,36,11,11,11,True,0.0,1200.0
20250806_174,ORX,58,1,baseline,baseline,combined,chorus_norm,unfloored,0,25,75.0,0.3333333333333333,36,11,11,11,True,0.0,1200.0
20250806_174,ORX,58,1,baseline,baseline,combined,chorus_norm,own_floor,11,12,36.0,0.3333333333333333,36,11,11,11,True,0.0,1200.0
20250806_174,ORX,58,1,baseline,baseline,combined,chorus_norm,baseline_floor,11,12,36.0,0.3333333333333333,36,11,11,11,True,0.0,1200.0
20250806_174,ORX,58,1,baseline,baseline,combined,chorus_gain_norm,unfloored,0,24,72.0,0.3333333333333333,36,11,11,11,True,0.0,1200.0
20250806_174,ORX,58,1,baseline,baseline,combined,chorus_gain_norm,own_floor,11,11,33.0,0.3333333333333333,36,11,11,11,True,0.0,1200.0
20250806_174,ORX,58,1,baseline,baseline,combined,chorus_gain_norm,baseline_floor,11,11,33.0,0.3333333333333333,36,11,11,11,True,0.0,1200.0
20250806_174,ORX,58,2,TTX,treatment,fast,coact,tuned,3,25,83.33333333333334,0.3,36,10,6,10,True,1320.0,2400.0
20250806_174,ORX,58,2,TTX,treatment,fast,coact,own_floor,10,14,46.66666666666667,0.3,36,10,6,10,True,1320.0,2400.0
20250806_174,ORX,58,2,TTX,treatment,fast,coact,baseline_floor,6,24,80.0,0.3,36,10,6,10,True,1320.0,2400.0
20250806_174,ORX,58,2,TTX,treatment,fast,chorus_norm,unfloored,0,23,76.66666666666667,0.3,36,10,6,10,True,1320.0,2400.0
20250806_174,ORX,58,2,TTX,treatment,fast,chorus_norm,own_floor,10,10,33.333333333333336,0.3,36,10,6,10,True,1320.0,2400.0
20250806_174,ORX,58,2,TTX,treatment,fast,chorus_norm,baseline_floor,6,15,50.0,0.3,36,10,6,10,True,1320.0,2400.0
20250806_174,ORX,58,2,TTX,treatment,fast,chorus_gain_norm,unfloored,0,15,50.0,0.3,36,10,6,10,True,1320.0,2400.0
20250806_174,ORX,58,2,TTX,treatment,fast,chorus_gain_norm,own_floor,10,5,16.666666666666668,0.3,36,10,6,10,True,1320.0,2400.0
20250806_174,ORX,58,2,TTX,treatment,fast,chorus_gain_norm,baseline_floor,6,8,26.666666666666668,0.3,36,10,6,10,True,1320.0,2400.0
20250806_174,ORX,58,2,TTX,treatment,slow,coact,tuned,6,36,120.0,0.3,36,12,10,12,True,1320.0,2400.0
20250806_174,ORX,58,2,TTX,treatment,slow,coact,own_floor,12,33,110.0,0.3,36,12,10,12,True,1320.0,2400.0
20250806_174,ORX,58,2,TTX,treatment,slow,coact,baseline_floor,10,33,110.0,0.3,36,12,10,12,True,1320.0,2400.0
20250806_174,ORX,58,2,TTX,treatment,slow,chorus_norm,unfloored,0,39,130.0,0.3,36,12,10,12,True,1320.0,2400.0
20250806_174,ORX,58,2,TTX,treatment,slow,chorus_norm,own_floor,12,35,116.66666666666667,0.3,36,12,10,12,True,1320.0,2400.0
20250806_174,ORX,58,2,TTX,treatment,slow,chorus_norm,baseline_floor,10,38,126.66666666666667,0.3,36,12,10,12,True,1320.0,2400.0
20250806_174,ORX,58,2,TTX,treatment,slow,chorus_gain_norm,unfloored,0,33,110.0,0.3,36,12,10,12,True,1320.0,2400.0
20250806_174,ORX,58,2,TTX,treatment,slow,chorus_gain_norm,own_floor,12,27,90.0,0.3,36,12,10,12,True,1320.0,2400.0
20250806_174,ORX,58,2,TTX,treatment,slow,chorus_gain_norm,baseline_floor,10,31,103.33333333333334,0.3,36,12,10,12,True,1320.0,2400.0
20250806_174,ORX,58,2,TTX,treatment,combined,coact,tuned,4,35,116.66666666666667,0.3,36,15,11,15,True,1320.0,2400.0
20250806_174,ORX,58,2,TTX,treatment,combined,coact,own_floor,15,31,103.33333333333334,0.3,36,15,11,15,True,1320.0,2400.0
20250806_174,ORX,58,2,TTX,treatment,combined,coact,baseline_floor,11,34,113.33333333333334,0.3,36,15,11,15,True,1320.0,2400.0
20250806_174,ORX,58,2,TTX,treatment,combined,chorus_norm,unfloored,0,50,166.66666666666669,0.3,36,15,11,15,True,1320.0,2400.0
20250806_174,ORX,58,2,TTX,treatment,combined,chorus_norm,own_floor,15,35,116.66666666666667,0.3,36,15,11,15,True,1320.0,2400.0
20250806_174,ORX,58,2,TTX,treatment,combined,chorus_norm,baseline_floor,11,42,140.0,0.3,36,15,11,15,True,1320.0,2400.0
20250806_174,ORX,58,2,TTX,treatment,combined,chorus_gain_norm,unfloored,0,46,153.33333333333334,0.3,36,15,11,15,True,1320.0,2400.0
20250806_174,ORX,58,2,TTX,treatment,combined,chorus_gain_norm,own_floor,15,33,110.0,0.3,36,15,11,15,True,1320.0,2400.0
20250806_174,ORX,58,2,TTX,treatment,combined,chorus_gain_norm,baseline_floor,11,38,126.66666666666667,0.3,36,15,11,15,True,1320.0,2400.0
20250806_174,ORX,58,3,wash,treatment,fast,coact,tuned,3,9,27.0,0.3333333333333333,36,5,6,5,True,2520.0,3720.0
20250806_174,ORX,58,3,wash,treatment,fast,coact,own_floor,5,6,18.0,0.3333333333333333,36,5,6,5,True,2520.0,3720.0
20250806_174,ORX,58,3,wash,treatment,fast,coact,baseline_floor,6,5,15.0,0.3333333333333333,36,5,6,5,True,2520.0,3720.0
20250806_174,ORX,58,3,wash,treatment,fast,chorus_norm,unfloored,0,7,21.0,0.3333333333333333,36,5,6,5,True,2520.0,3720.0
20250806_174,ORX,58,3,wash,treatment,fast,chorus_norm,own_floor,5,5,15.0,0.3333333333333333,36,5,6,5,True,2520.0,3720.0
20250806_174,ORX,58,3,wash,treatment,fast,chorus_norm,baseline_floor,6,3,9.0,0.3333333333333333,36,5,6,5,True,2520.0,3720.0
20250806_174,ORX,58,3,wash,treatment,fast,chorus_gain_norm,unfloored,0,7,21.0,0.3333333333333333,36,5,6,5,True,2520.0,3720.0
20250806_174,ORX,58,3,wash,treatment,fast,chorus_gain_norm,own_floor,5,5,15.0,0.3333333333333333,36,5,6,5,True,2520.0,3720.0
20250806_174,ORX,58,3,wash,treatment,fast,chorus_gain_norm,baseline_floor,6,3,9.0,0.3333333333333333,36,5,6,5,True,2520.0,3720.0
20250806_174,ORX,58,3,wash,treatment,slow,coact,tuned,6,16,48.0,0.3333333333333333,36,7,10,7,True,2520.0,3720.0
20250806_174,ORX,58,3,wash,treatment,slow,coact,own_floor,7,15,45.0,0.3333333333333333,36,7,10,7,True,2520.0,3720.0
20250806_174,ORX,58,3,wash,treatment,slow,coact,baseline_floor,10,11,33.0,0.3333333333333333,36,7,10,7,True,2520.0,3720.0
20250806_174,ORX,58,3,wash,treatment,slow,chorus_norm,unfloored,0,17,51.0,0.3333333333333333,36,7,10,7,True,2520.0,3720.0
20250806_174,ORX,58,3,wash,treatment,slow,chorus_norm,own_floor,7,14,42.0,0.3333333333333333,36,7,10,7,True,2520.0,3720.0
20250806_174,ORX,58,3,wash,treatment,slow,chorus_norm,baseline_floor,10,11,33.0,0.3333333333333333,36,7,10,7,True,2520.0,3720.0
20250806_174,ORX,58,3,wash,treatment,slow,chorus_gain_norm,unfloored,0,16,48.0,0.3333333333333333,36,7,10,7,True,2520.0,3720.0
20250806_174,ORX,58,3,wash,treatment,slow,chorus_gain_norm,own_floor,7,12,36.0,0.3333333333333333,36,7,10,7,True,2520.0,3720.0
20250806_174,ORX,58,3,wash,treatment,slow,chorus_gain_norm,baseline_floor,10,10,30.0,0.3333333333333333,36,7,10,7,True,2520.0,3720.0
20250806_174,ORX,58,3,wash,treatment,combined,coact,tuned,4,18,54.0,0.3333333333333333,36,8,11,8,True,2520.0,3720.0
20250806_174,ORX,58,3,wash,treatment,combined,coact,own_floor,8,14,42.0,0.3333333333333333,36,8,11,8,True,2520.0,3720.0
20250806_174,ORX,58,3,wash,treatment,combined,coact,baseline_floor,11,10,30.0,0.3333333333333333,36,8,11,8,True,2520.0,3720.0
20250806_174,ORX,58,3,wash,treatment,combined,chorus_norm,unfloored,0,18,54.0,0.3333333333333333,36,8,11,8,True,2520.0,3720.0
20250806_174,ORX,58,3,wash,treatment,combined,chorus_norm,own_floor,8,13,39.0,0.3333333333333333,36,8,11,8,True,2520.0,3720.0
20250806_174,ORX,58,3,wash,treatment,combined,chorus_norm,baseline_floor,11,10,30.0,0.3333333333333333,36,8,11,8,True,2520.0,3720.0
20250806_174,ORX,58,3,wash,treatment,combined,chorus_gain_norm,unfloored,0,20,60.0,0.3333333333333333,36,8,11,8,True,2520.0,3720.0
20250806_174,ORX,58,3,wash,treatment,combined,chorus_gain_norm,own_floor,8,13,39.0,0.3333333333333333,36,8,11,8,True,2520.0,3720.0
20250806_174,ORX,58,3,wash,treatment,combined,chorus_gain_norm,baseline_floor,11,10,30.0,0.3333333333333333,36,8,11,8,True,2520.0,3720.0
20250806_176,ORX,58,1,baseline,baseline,fast,coact,tuned,3,1,3.0,0.3333333333333333,19,4,4,4,True,0.0,1200.0
20250806_176,ORX,58,1,baseline,baseline,fast,coact,own_floor,4,0,0.0,0.3333333333333333,19,4,4,4,True,0.0,1200.0
20250806_176,ORX,58,1,baseline,baseline,fast,coact,baseline_floor,4,0,0.0,0.3333333333333333,19,4,4,4,True,0.0,1200.0
20250806_176,ORX,58,1,baseline,baseline,fast,chorus_norm,unfloored,0,0,0.0,0.3333333333333333,19,4,4,4,True,0.0,1200.0
20250806_176,ORX,58,1,baseline,baseline,fast,chorus_norm,own_floor,4,0,0.0,0.3333333333333333,19,4,4,4,True,0.0,1200.0
20250806_176,ORX,58,1,baseline,baseline,fast,chorus_norm,baseline_floor,4,0,0.0,0.3333333333333333,19,4,4,4,True,0.0,1200.0
20250806_176,ORX,58,1,baseline,baseline,fast,chorus_gain_norm,unfloored,0,0,0.0,0.3333333333333333,19,4,4,4,True,0.0,1200.0
20250806_176,ORX,58,1,baseline,baseline,fast,chorus_gain_norm,own_floor,4,0,0.0,0.3333333333333333,19,4,4,4,True,0.0,1200.0
20250806_176,ORX,58,1,baseline,baseline,fast,chorus_gain_norm,baseline_floor,4,0,0.0,0.3333333333333333,19,4,4,4,True,0.0,1200.0
20250806_176,ORX,58,1,baseline,baseline,slow,coact,tuned,6,0,0.0,0.3333333333333333,19,3,3,3,True,0.0,1200.0
20250806_176,ORX,58,1,baseline,baseline,slow,coact,own_floor,3,0,0.0,0.3333333333333333,19,3,3,3,True,0.0,1200.0
20250806_176,ORX,58,1,baseline,baseline,slow,coact,baseline_floor,3,0,0.0,0.3333333333333333,19,3,3,3,True,0.0,1200.0
20250806_176,ORX,58,1,baseline,baseline,slow,chorus_norm,unfloored,0,0,0.0,0.3333333333333333,19,3,3,3,True,0.0,1200.0
20250806_176,ORX,58,1,baseline,baseline,slow,chorus_norm,own_floor,3,0,0.0,0.3333333333333333,19,3,3,3,True,0.0,1200.0
20250806_176,ORX,58,1,baseline,baseline,slow,chorus_norm,baseline_floor,3,0,0.0,0.3333333333333333,19,3,3,3,True,0.0,1200.0
20250806_176,ORX,58,1,baseline,baseline,slow,chorus_gain_norm,unfloored,0,0,0.0,0.3333333333333333,19,3,3,3,True,0.0,1200.0
20250806_176,ORX,58,1,baseline,baseline,slow,chorus_gain_norm,own_floor,3,0,0.0,0.3333333333333333,19,3,3,3,True,0.0,1200.0
20250806_176,ORX,58,1,baseline,baseline,slow,chorus_gain_norm,baseline_floor,3,0,0.0,0.3333333333333333,19,3,3,3,True,0.0,1200.0
20250806_176,ORX,58,1,baseline,baseline,combined,coact,tuned,4,0,0.0,0.3333333333333333,19,4,4,4,True,0.0,1200.0
20250806_176,ORX,58,1,baseline,baseline,combined,coact,own_floor,4,0,0.0,0.3333333333333333,19,4,4,4,True,0.0,1200.0
20250806_176,ORX,58,1,baseline,baseline,combined,coact,baseline_floor,4,0,0.0,0.3333333333333333,19,4,4,4,True,0.0,1200.0
20250806_176,ORX,58,1,baseline,baseline,combined,chorus_norm,unfloored,0,0,0.0,0.3333333333333333,19,4,4,4,True,0.0,1200.0
20250806_176,ORX,58,1,baseline,baseline,combined,chorus_norm,own_floor,4,0,0.0,0.3333333333333333,19,4,4,4,True,0.0,1200.0
20250806_176,ORX,58,1,baseline,baseline,combined,chorus_norm,baseline_floor,4,0,0.0,0.3333333333333333,19,4,4,4,True,0.0,1200.0
20250806_176,ORX,58,1,baseline,baseline,combined,chorus_gain_norm,unfloored,0,0,0.0,0.3333333333333333,19,4,4,4,True,0.0,1200.0
20250806_176,ORX,58,1,baseline,baseline,combined,chorus_gain_norm,own_floor,4,0,0.0,0.3333333333333333,19,4,4,4,True,0.0,1200.0
20250806_176,ORX,58,1,baseline,baseline,combined,chorus_gain_norm,baseline_floor,4,0,0.0,0.3333333333333333,19,4,4,4,True,0.0,1200.0
20250806_176,ORX,58,2,TTX,treatment,fast,coact,tuned,3,1,3.3333333333333335,0.3,19,3,4,3,True,1320.0,2400.0
20250806_176,ORX,58,2,TTX,treatment,fast,coact,own_floor,3,1,3.3333333333333335,0.3,19,3,4,3,True,1320.0,2400.0
20250806_176,ORX,58,2,TTX,treatment,fast,coact,baseline_floor,4,0,0.0,0.3,19,3,4,3,True,1320.0,2400.0
20250806_176,ORX,58,2,TTX,treatment,fast,chorus_norm,unfloored,0,1,3.3333333333333335,0.3,19,3,4,3,True,1320.0,2400.0
20250806_176,ORX,58,2,TTX,treatment,fast,chorus_norm,own_floor,3,1,3.3333333333333335,0.3,19,3,4,3,True,1320.0,2400.0
20250806_176,ORX,58,2,TTX,treatment,fast,chorus_norm,baseline_floor,4,0,0.0,0.3,19,3,4,3,True,1320.0,2400.0
20250806_176,ORX,58,2,TTX,treatment,fast,chorus_gain_norm,unfloored,0,0,0.0,0.3,19,3,4,3,True,1320.0,2400.0
20250806_176,ORX,58,2,TTX,treatment,fast,chorus_gain_norm,own_floor,3,0,0.0,0.3,19,3,4,3,True,1320.0,2400.0
20250806_176,ORX,58,2,TTX,treatment,fast,chorus_gain_norm,baseline_floor,4,0,0.0,0.3,19,3,4,3,True,1320.0,2400.0
20250806_176,ORX,58,2,TTX,treatment,slow,coact,tuned,6,0,0.0,0.3,19,4,3,4,True,1320.0,2400.0
20250806_176,ORX,58,2,TTX,treatment,slow,coact,own_floor,4,0,0.0,0.3,19,4,3,4,True,1320.0,2400.0
20250806_176,ORX,58,2,TTX,treatment,slow,coact,baseline_floor,3,1,3.3333333333333335,0.3,19,4,3,4,True,1320.0,2400.0
20250806_176,ORX,58,2,TTX,treatment,slow,chorus_norm,unfloored,0,0,0.0,0.3,19,4,3,4,True,1320.0,2400.0
20250806_176,ORX,58,2,TTX,treatment,slow,chorus_norm,own_floor,4,0,0.0,0.3,19,4,3,4,True,1320.0,2400.0
20250806_176,ORX,58,2,TTX,treatment,slow,chorus_norm,baseline_floor,3,0,0.0,0.3,19,4,3,4,True,1320.0,2400.0
20250806_176,ORX,58,2,TTX,treatment,slow,chorus_gain_norm,unfloored,0,0,0.0,0.3,19,4,3,4,True,1320.0,2400.0
20250806_176,ORX,58,2,TTX,treatment,slow,chorus_gain_norm,own_floor,4,0,0.0,0.3,19,4,3,4,True,1320.0,2400.0
20250806_176,ORX,58,2,TTX,treatment,slow,chorus_gain_norm,baseline_floor,3,0,0.0,0.3,19,4,3,4,True,1320.0,2400.0
20250806_176,ORX,58,2,TTX,treatment,combined,coact,tuned,4,1,3.3333333333333335,0.3,19,4,4,4,True,1320.0,2400.0
20250806_176,ORX,58,2,TTX,treatment,combined,coact,own_floor,4,1,3.3333333333333335,0.3,19,4,4,4,True,1320.0,2400.0
20250806_176,ORX,58,2,TTX,treatment,combined,coact,baseline_floor,4,1,3.3333333333333335,0.3,19,4,4,4,True,1320.0,2400.0
20250806_176,ORX,58,2,TTX,treatment,combined,chorus_norm,unfloored,0,1,3.3333333333333335,0.3,19,4,4,4,True,1320.0,2400.0
20250806_176,ORX,58,2,TTX,treatment,combined,chorus_norm,own_floor,4,0,0.0,0.3,19,4,4,4,True,1320.0,2400.0
20250806_176,ORX,58,2,TTX,treatment,combined,chorus_norm,baseline_floor,4,0,0.0,0.3,19,4,4,4,True,1320.0,2400.0
20250806_176,ORX,58,2,TTX,treatment,combined,chorus_gain_norm,unfloored,0,0,0.0,0.3,19,4,4,4,True,1320.0,2400.0
20250806_176,ORX,58,2,TTX,treatment,combined,chorus_gain_norm,own_floor,4,0,0.0,0.3,19,4,4,4,True,1320.0,2400.0
20250806_176,ORX,58,2,TTX,treatment,combined,chorus_gain_norm,baseline_floor,4,0,0.0,0.3,19,4,4,4,True,1320.0,2400.0
20250806_176,ORX,58,3,wash,treatment,fast,coact,tuned,3,5,15.0,0.3333333333333333,19,4,4,4,True,2520.0,3720.0
20250806_176,ORX,58,3,wash,treatment,fast,coact,own_floor,4,1,3.0,0.3333333333333333,19,4,4,4,True,2520.0,3720.0
20250806_176,ORX,58,3,wash,treatment,fast,coact,baseline_floor,4,1,3.0,0.3333333333333333,19,4,4,4,True,2520.0,3720.0
20250806_176,ORX,58,3,wash,treatment,fast,chorus_norm,unfloored,0,6,18.0,0.3333333333333333,19,4,4,4,True,2520.0,3720.0
20250806_176,ORX,58,3,wash,treatment,fast,chorus_norm,own_floor,4,1,3.0,0.3333333333333333,19,4,4,4,True,2520.0,3720.0
20250806_176,ORX,58,3,wash,treatment,fast,chorus_norm,baseline_floor,4,1,3.0,0.3333333333333333,19,4,4,4,True,2520.0,3720.0
20250806_176,ORX,58,3,wash,treatment,fast,chorus_gain_norm,unfloored,0,3,9.0,0.3333333333333333,19,4,4,4,True,2520.0,3720.0
20250806_176,ORX,58,3,wash,treatment,fast,chorus_gain_norm,own_floor,4,1,3.0,0.3333333333333333,19,4,4,4,True,2520.0,3720.0
20250806_176,ORX,58,3,wash,treatment,fast,chorus_gain_norm,baseline_floor,4,1,3.0,0.3333333333333333,19,4,4,4,True,2520.0,3720.0
20250806_176,ORX,58,3,wash,treatment,slow,coact,tuned,6,4,12.0,0.3333333333333333,19,5,3,5,True,2520.0,3720.0
20250806_176,ORX,58,3,wash,treatment,slow,coact,own_floor,5,6,18.0,0.3333333333333333,19,5,3,5,True,2520.0,3720.0
20250806_176,ORX,58,3,wash,treatment,slow,coact,baseline_floor,3,11,33.0,0.3333333333333333,19,5,3,5,True,2520.0,3720.0
20250806_176,ORX,58,3,wash,treatment,slow,chorus_norm,unfloored,0,9,27.0,0.3333333333333333,19,5,3,5,True,2520.0,3720.0
20250806_176,ORX,58,3,wash,treatment,slow,chorus_norm,own_floor,5,4,12.0,0.3333333333333333,19,5,3,5,True,2520.0,3720.0
20250806_176,ORX,58,3,wash,treatment,slow,chorus_norm,baseline_floor,3,9,27.0,0.3333333333333333,19,5,3,5,True,2520.0,3720.0
20250806_176,ORX,58,3,wash,treatment,slow,chorus_gain_norm,unfloored,0,9,27.0,0.3333333333333333,19,5,3,5,True,2520.0,3720.0
20250806_176,ORX,58,3,wash,treatment,slow,chorus_gain_norm,own_floor,5,4,12.0,0.3333333333333333,19,5,3,5,True,2520.0,3720.0
20250806_176,ORX,58,3,wash,treatment,slow,chorus_gain_norm,baseline_floor,3,8,24.0,0.3333333333333333,19,5,3,5,True,2520.0,3720.0
20250806_176,ORX,58,3,wash,treatment,combined,coact,tuned,4,11,33.0,0.3333333333333333,19,6,4,6,True,2520.0,3720.0
20250806_176,ORX,58,3,wash,treatment,combined,coact,own_floor,6,6,18.0,0.3333333333333333,19,6,4,6,True,2520.0,3720.0
20250806_176,ORX,58,3,wash,treatment,combined,coact,baseline_floor,4,11,33.0,0.3333333333333333,19,6,4,6,True,2520.0,3720.0
20250806_176,ORX,58,3,wash,treatment,combined,chorus_norm,unfloored,0,10,30.0,0.3333333333333333,19,6,4,6,True,2520.0,3720.0
20250806_176,ORX,58,3,wash,treatment,combined,chorus_norm,own_floor,6,5,15.0,0.3333333333333333,19,6,4,6,True,2520.0,3720.0
20250806_176,ORX,58,3,wash,treatment,combined,chorus_norm,baseline_floor,4,9,27.0,0.3333333333333333,19,6,4,6,True,2520.0,3720.0
20250806_176,ORX,58,3,wash,treatment,combined,chorus_gain_norm,unfloored,0,9,27.0,0.3333333333333333,19,6,4,6,True,2520.0,3720.0
20250806_176,ORX,58,3,wash,treatment,combined,chorus_gain_norm,own_floor,6,5,15.0,0.3333333333333333,19,6,4,6,True,2520.0,3720.0
20250806_176,ORX,58,3,wash,treatment,combined,chorus_gain_norm,baseline_floor,4,9,27.0,0.3333333333333333,19,6,4,6,True,2520.0,3720.0
20250807_178,MALE,59,1,baseline,baseline,fast,coact,tuned,3,3,9.0,0.3333333333333333,46,5,5,5,True,0.0,1200.0
20250807_178,MALE,59,1,baseline,baseline,fast,coact,own_floor,5,3,9.0,0.3333333333333333,46,5,5,5,True,0.0,1200.0
20250807_178,MALE,59,1,baseline,baseline,fast,coact,baseline_floor,5,3,9.0,0.3333333333333333,46,5,5,5,True,0.0,1200.0
20250807_178,MALE,59,1,baseline,baseline,fast,chorus_norm,unfloored,0,3,9.0,0.3333333333333333,46,5,5,5,True,0.0,1200.0
20250807_178,MALE,59,1,baseline,baseline,fast,chorus_norm,own_floor,5,3,9.0,0.3333333333333333,46,5,5,5,True,0.0,1200.0
20250807_178,MALE,59,1,baseline,baseline,fast,chorus_norm,baseline_floor,5,3,9.0,0.3333333333333333,46,5,5,5,True,0.0,1200.0
20250807_178,MALE,59,1,baseline,baseline,fast,chorus_gain_norm,unfloored,0,2,6.0,0.3333333333333333,46,5,5,5,True,0.0,1200.0
20250807_178,MALE,59,1,baseline,baseline,fast,chorus_gain_norm,own_floor,5,2,6.0,0.3333333333333333,46,5,5,5,True,0.0,1200.0
20250807_178,MALE,59,1,baseline,baseline,fast,chorus_gain_norm,baseline_floor,5,2,6.0,0.3333333333333333,46,5,5,5,True,0.0,1200.0
20250807_178,MALE,59,1,baseline,baseline,slow,coact,tuned,6,2,6.0,0.3333333333333333,46,5,5,5,True,0.0,1200.0
20250807_178,MALE,59,1,baseline,baseline,slow,coact,own_floor,5,2,6.0,0.3333333333333333,46,5,5,5,True,0.0,1200.0
20250807_178,MALE,59,1,baseline,baseline,slow,coact,baseline_floor,5,2,6.0,0.3333333333333333,46,5,5,5,True,0.0,1200.0
20250807_178,MALE,59,1,baseline,baseline,slow,chorus_norm,unfloored,0,2,6.0,0.3333333333333333,46,5,5,5,True,0.0,1200.0
20250807_178,MALE,59,1,baseline,baseline,slow,chorus_norm,own_floor,5,2,6.0,0.3333333333333333,46,5,5,5,True,0.0,1200.0
20250807_178,MALE,59,1,baseline,baseline,slow,chorus_norm,baseline_floor,5,2,6.0,0.3333333333333333,46,5,5,5,True,0.0,1200.0
20250807_178,MALE,59,1,baseline,baseline,slow,chorus_gain_norm,unfloored,0,2,6.0,0.3333333333333333,46,5,5,5,True,0.0,1200.0
20250807_178,MALE,59,1,baseline,baseline,slow,chorus_gain_norm,own_floor,5,2,6.0,0.3333333333333333,46,5,5,5,True,0.0,1200.0
20250807_178,MALE,59,1,baseline,baseline,slow,chorus_gain_norm,baseline_floor,5,2,6.0,0.3333333333333333,46,5,5,5,True,0.0,1200.0
20250807_178,MALE,59,1,baseline,baseline,combined,coact,tuned,4,3,9.0,0.3333333333333333,46,7,7,7,True,0.0,1200.0
20250807_178,MALE,59,1,baseline,baseline,combined,coact,own_floor,7,3,9.0,0.3333333333333333,46,7,7,7,True,0.0,1200.0
20250807_178,MALE,59,1,baseline,baseline,combined,coact,baseline_floor,7,3,9.0,0.3333333333333333,46,7,7,7,True,0.0,1200.0
20250807_178,MALE,59,1,baseline,baseline,combined,chorus_norm,unfloored,0,2,6.0,0.3333333333333333,46,7,7,7,True,0.0,1200.0
20250807_178,MALE,59,1,baseline,baseline,combined,chorus_norm,own_floor,7,2,6.0,0.3333333333333333,46,7,7,7,True,0.0,1200.0
20250807_178,MALE,59,1,baseline,baseline,combined,chorus_norm,baseline_floor,7,2,6.0,0.3333333333333333,46,7,7,7,True,0.0,1200.0
20250807_178,MALE,59,1,baseline,baseline,combined,chorus_gain_norm,unfloored,0,3,9.0,0.3333333333333333,46,7,7,7,True,0.0,1200.0
20250807_178,MALE,59,1,baseline,baseline,combined,chorus_gain_norm,own_floor,7,3,9.0,0.3333333333333333,46,7,7,7,True,0.0,1200.0
20250807_178,MALE,59,1,baseline,baseline,combined,chorus_gain_norm,baseline_floor,7,3,9.0,0.3333333333333333,46,7,7,7,True,0.0,1200.0
20250807_178,MALE,59,2,TTX,treatment,fast,coact,tuned,3,12,40.0,0.3,46,5,5,5,True,1320.0,2400.0
20250807_178,MALE,59,2,TTX,treatment,fast,coact,own_floor,5,4,13.333333333333334,0.3,46,5,5,5,True,1320.0,2400.0
20250807_178,MALE,59,2,TTX,treatment,fast,coact,baseline_floor,5,4,13.333333333333334,0.3,46,5,5,5,True,1320.0,2400.0
20250807_178,MALE,59,2,TTX,treatment,fast,chorus_norm,unfloored,0,8,26.666666666666668,0.3,46,5,5,5,True,1320.0,2400.0
20250807_178,MALE,59,2,TTX,treatment,fast,chorus_norm,own_floor,5,2,6.666666666666667,0.3,46,5,5,5,True,1320.0,2400.0
20250807_178,MALE,59,2,TTX,treatment,fast,chorus_norm,baseline_floor,5,2,6.666666666666667,0.3,46,5,5,5,True,1320.0,2400.0
20250807_178,MALE,59,2,TTX,treatment,fast,chorus_gain_norm,unfloored,0,8,26.666666666666668,0.3,46,5,5,5,True,1320.0,2400.0
20250807_178,MALE,59,2,TTX,treatment,fast,chorus_gain_norm,own_floor,5,3,10.0,0.3,46,5,5,5,True,1320.0,2400.0
20250807_178,MALE,59,2,TTX,treatment,fast,chorus_gain_norm,baseline_floor,5,3,10.0,0.3,46,5,5,5,True,1320.0,2400.0
20250807_178,MALE,59,2,TTX,treatment,slow,coact,tuned,6,12,40.0,0.3,46,8,5,8,True,1320.0,2400.0
20250807_178,MALE,59,2,TTX,treatment,slow,coact,own_floor,8,8,26.666666666666668,0.3,46,8,5,8,True,1320.0,2400.0
20250807_178,MALE,59,2,TTX,treatment,slow,coact,baseline_floor,5,13,43.333333333333336,0.3,46,8,5,8,True,1320.0,2400.0
20250807_178,MALE,59,2,TTX,treatment,slow,chorus_norm,unfloored,0,12,40.0,0.3,46,8,5,8,True,1320.0,2400.0
20250807_178,MALE,59,2,TTX,treatment,slow,chorus_norm,own_floor,8,8,26.666666666666668,0.3,46,8,5,8,True,1320.0,2400.0
20250807_178,MALE,59,2,TTX,treatment,slow,chorus_norm,baseline_floor,5,11,36.66666666666667,0.3,46,8,5,8,True,1320.0,2400.0
20250807_178,MALE,59,2,TTX,treatment,slow,chorus_gain_norm,unfloored,0,12,40.0,0.3,46,8,5,8,True,1320.0,2400.0
20250807_178,MALE,59,2,TTX,treatment,slow,chorus_gain_norm,own_floor,8,7,23.333333333333336,0.3,46,8,5,8,True,1320.0,2400.0
20250807_178,MALE,59,2,TTX,treatment,slow,chorus_gain_norm,baseline_floor,5,11,36.66666666666667,0.3,46,8,5,8,True,1320.0,2400.0
20250807_178,MALE,59,2,TTX,treatment,combined,coact,tuned,4,16,53.333333333333336,0.3,46,8,7,8,True,1320.0,2400.0
20250807_178,MALE,59,2,TTX,treatment,combined,coact,own_floor,8,12,40.0,0.3,46,8,7,8,True,1320.0,2400.0
20250807_178,MALE,59,2,TTX,treatment,combined,coact,baseline_floor,7,13,43.333333333333336,0.3,46,8,7,8,True,1320.0,2400.0
20250807_178,MALE,59,2,TTX,treatment,combined,chorus_norm,unfloored,0,17,56.66666666666667,0.3,46,8,7,8,True,1320.0,2400.0
20250807_178,MALE,59,2,TTX,treatment,combined,chorus_norm,own_floor,8,11,36.66666666666667,0.3,46,8,7,8,True,1320.0,2400.0
20250807_178,MALE,59,2,TTX,treatment,combined,chorus_norm,baseline_floor,7,12,40.0,0.3,46,8,7,8,True,1320.0,2400.0
20250807_178,MALE,59,2,TTX,treatment,combined,chorus_gain_norm,unfloored,0,16,53.333333333333336,0.3,46,8,7,8,True,1320.0,2400.0
20250807_178,MALE,59,2,TTX,treatment,combined,chorus_gain_norm,own_floor,8,11,36.66666666666667,0.3,46,8,7,8,True,1320.0,2400.0
20250807_178,MALE,59,2,TTX,treatment,combined,chorus_gain_norm,baseline_floor,7,12,40.0,0.3,46,8,7,8,True,1320.0,2400.0
20250807_178,MALE,59,3,wash,treatment,fast,coact,tuned,3,12,40.0,0.3,46,6,5,6,True,2520.0,3600.0
20250807_178,MALE,59,3,wash,treatment,fast,coact,own_floor,6,8,26.666666666666668,0.3,46,6,5,6,True,2520.0,3600.0
20250807_178,MALE,59,3,wash,treatment,fast,coact,baseline_floor,5,8,26.666666666666668,0.3,46,6,5,6,True,2520.0,3600.0
20250807_178,MALE,59,3,wash,treatment,fast,chorus_norm,unfloored,0,10,33.333333333333336,0.3,46,6,5,6,True,2520.0,3600.0
20250807_178,MALE,59,3,wash,treatment,fast,chorus_norm,own_floor,6,7,23.333333333333336,0.3,46,6,5,6,True,2520.0,3600.0
20250807_178,MALE,59,3,wash,treatment,fast,chorus_norm,baseline_floor,5,8,26.666666666666668,0.3,46,6,5,6,True,2520.0,3600.0
20250807_178,MALE,59,3,wash,treatment,fast,chorus_gain_norm,unfloored,0,11,36.66666666666667,0.3,46,6,5,6,True,2520.0,3600.0
20250807_178,MALE,59,3,wash,treatment,fast,chorus_gain_norm,own_floor,6,8,26.666666666666668,0.3,46,6,5,6,True,2520.0,3600.0
20250807_178,MALE,59,3,wash,treatment,fast,chorus_gain_norm,baseline_floor,5,8,26.666666666666668,0.3,46,6,5,6,True,2520.0,3600.0
20250807_178,MALE,59,3,wash,treatment,slow,coact,tuned,6,22,73.33333333333334,0.3,46,9,5,9,True,2520.0,3600.0
20250807_178,MALE,59,3,wash,treatment,slow,coact,own_floor,9,19,63.333333333333336,0.3,46,9,5,9,True,2520.0,3600.0
20250807_178,MALE,59,3,wash,treatment,slow,coact,baseline_floor,5,25,83.33333333333334,0.3,46,9,5,9,True,2520.0,3600.0
20250807_178,MALE,59,3,wash,treatment,slow,chorus_norm,unfloored,0,19,63.333333333333336,0.3,46,9,5,9,True,2520.0,3600.0
20250807_178,MALE,59,3,wash,treatment,slow,chorus_norm,own_floor,9,15,50.0,0.3,46,9,5,9,True,2520.0,3600.0
20250807_178,MALE,59,3,wash,treatment,slow,chorus_norm,baseline_floor,5,18,60.0,0.3,46,9,5,9,True,2520.0,3600.0
20250807_178,MALE,59,3,wash,treatment,slow,chorus_gain_norm,unfloored,0,18,60.0,0.3,46,9,5,9,True,2520.0,3600.0
20250807_178,MALE,59,3,wash,treatment,slow,chorus_gain_norm,own_floor,9,13,43.333333333333336,0.3,46,9,5,9,True,2520.0,3600.0
20250807_178,MALE,59,3,wash,treatment,slow,chorus_gain_norm,baseline_floor,5,16,53.333333333333336,0.3,46,9,5,9,True,2520.0,3600.0
20250807_178,MALE,59,3,wash,treatment,combined,coact,tuned,4,23,76.66666666666667,0.3,46,10,7,10,True,2520.0,3600.0
20250807_178,MALE,59,3,wash,treatment,combined,coact,own_floor,10,19,63.333333333333336,0.3,46,10,7,10,True,2520.0,3600.0
20250807_178,MALE,59,3,wash,treatment,combined,coact,baseline_floor,7,21,70.0,0.3,46,10,7,10,True,2520.0,3600.0
20250807_178,MALE,59,3,wash,treatment,combined,chorus_norm,unfloored,0,23,76.66666666666667,0.3,46,10,7,10,True,2520.0,3600.0
20250807_178,MALE,59,3,wash,treatment,combined,chorus_norm,own_floor,10,18,60.0,0.3,46,10,7,10,True,2520.0,3600.0
20250807_178,MALE,59,3,wash,treatment,combined,chorus_norm,baseline_floor,7,20,66.66666666666667,0.3,46,10,7,10,True,2520.0,3600.0
20250807_178,MALE,59,3,wash,treatment,combined,chorus_gain_norm,unfloored,0,26,86.66666666666667,0.3,46,10,7,10,True,2520.0,3600.0
20250807_178,MALE,59,3,wash,treatment,combined,chorus_gain_norm,own_floor,10,18,60.0,0.3,46,10,7,10,True,2520.0,3600.0
20250807_178,MALE,59,3,wash,treatment,combined,chorus_gain_norm,baseline_floor,7,20,66.66666666666667,0.3,46,10,7,10,True,2520.0,3600.0
20250807_178,MALE,59,4,high K+,treatment,fast,coact,tuned,3,2,18.376216228914014,0.10883633361111113,46,4,5,4,True,3600.0,3991.810801
20250807_178,MALE,59,4,high K+,treatment,fast,coact,own_floor,4,0,0.0,0.10883633361111113,46,4,5,4,True,3600.0,3991.810801
20250807_178,MALE,59,4,high K+,treatment,fast,coact,baseline_floor,5,0,0.0,0.10883633361111113,46,4,5,4,True,3600.0,3991.810801
20250807_178,MALE,59,4,high K+,treatment,fast,chorus_norm,unfloored,0,1,9.188108114457007,0.10883633361111113,46,4,5,4,True,3600.0,3991.810801
20250807_178,MALE,59,4,high K+,treatment,fast,chorus_norm,own_floor,4,0,0.0,0.10883633361111113,46,4,5,4,True,3600.0,3991.810801
20250807_178,MALE,59,4,high K+,treatment,fast,chorus_norm,baseline_floor,5,0,0.0,0.10883633361111113,46,4,5,4,True,3600.0,3991.810801
20250807_178,MALE,59,4,high K+,treatment,fast,chorus_gain_norm,unfloored,0,1,9.188108114457007,0.10883633361111113,46,4,5,4,True,3600.0,3991.810801
20250807_178,MALE,59,4,high K+,treatment,fast,chorus_gain_norm,own_floor,4,0,0.0,0.10883633361111113,46,4,5,4,True,3600.0,3991.810801
20250807_178,MALE,59,4,high K+,treatment,fast,chorus_gain_norm,baseline_floor,5,0,0.0,0.10883633361111113,46,4,5,4,True,3600.0,3991.810801
20250807_178,MALE,59,4,high K+,treatment,slow,coact,tuned,6,6,55.12864868674204,0.10883633361111113,46,10,5,10,True,3600.0,3991.810801
20250807_178,MALE,59,4,high K+,treatment,slow,coact,own_floor,10,5,45.94054057228503,0.10883633361111113,46,10,5,10,True,3600.0,3991.810801
20250807_178,MALE,59,4,high K+,treatment,slow,coact,baseline_floor,5,8,73.50486491565606,0.10883633361111113,46,10,5,10,True,3600.0,3991.810801
20250807_178,MALE,59,4,high K+,treatment,slow,chorus_norm,unfloored,0,3,27.56432434337102,0.10883633361111113,46,10,5,10,True,3600.0,3991.810801
20250807_178,MALE,59,4,high K+,treatment,slow,chorus_norm,own_floor,10,1,9.188108114457007,0.10883633361111113,46,10,5,10,True,3600.0,3991.810801
20250807_178,MALE,59,4,high K+,treatment,slow,chorus_norm,baseline_floor,5,2,18.376216228914014,0.10883633361111113,46,10,5,10,True,3600.0,3991.810801
20250807_178,MALE,59,4,high K+,treatment,slow,chorus_gain_norm,unfloored,0,2,18.376216228914014,0.10883633361111113,46,10,5,10,True,3600.0,3991.810801
20250807_178,MALE,59,4,high K+,treatment,slow,chorus_gain_norm,own_floor,10,1,9.188108114457007,0.10883633361111113,46,10,5,10,True,3600.0,3991.810801
20250807_178,MALE,59,4,high K+,treatment,slow,chorus_gain_norm,baseline_floor,5,1,9.188108114457007,0.10883633361111113,46,10,5,10,True,3600.0,3991.810801
20250807_178,MALE,59,4,high K+,treatment,combined,coact,tuned,4,8,73.50486491565606,0.10883633361111113,46,10,7,10,True,3600.0,3991.810801
20250807_178,MALE,59,4,high K+,treatment,combined,coact,own_floor,10,5,45.94054057228503,0.10883633361111113,46,10,7,10,True,3600.0,3991.810801
20250807_178,MALE,59,4,high K+,treatment,combined,coact,baseline_floor,7,6,55.12864868674204,0.10883633361111113,46,10,7,10,True,3600.0,3991.810801
20250807_178,MALE,59,4,high K+,treatment,combined,chorus_norm,unfloored,0,8,73.50486491565606,0.10883633361111113,46,10,7,10,True,3600.0,3991.810801
20250807_178,MALE,59,4,high K+,treatment,combined,chorus_norm,own_floor,10,4,36.75243245782803,0.10883633361111113,46,10,7,10,True,3600.0,3991.810801
20250807_178,MALE,59,4,high K+,treatment,combined,chorus_norm,baseline_floor,7,5,45.94054057228503,0.10883633361111113,46,10,7,10,True,3600.0,3991.810801
20250807_178,MALE,59,4,high K+,treatment,combined,chorus_gain_norm,unfloored,0,10,91.88108114457006,0.10883633361111113,46,10,7,10,True,3600.0,3991.810801
20250807_178,MALE,59,4,high K+,treatment,combined,chorus_gain_norm,own_floor,10,4,36.75243245782803,0.10883633361111113,46,10,7,10,True,3600.0,3991.810801
20250807_178,MALE,59,4,high K+,treatment,combined,chorus_gain_norm,baseline_floor,7,6,55.12864868674204,0.10883633361111113,46,10,7,10,True,3600.0,3991.810801
20250807_181,MALE,59,1,baseline,baseline,fast,coact,tuned,3,1,3.0,0.3333333333333333,32,9,9,9,True,0.0,1200.0
20250807_181,MALE,59,1,baseline,baseline,fast,coact,own_floor,9,1,3.0,0.3333333333333333,32,9,9,9,True,0.0,1200.0
20250807_181,MALE,59,1,baseline,baseline,fast,coact,baseline_floor,9,1,3.0,0.3333333333333333,32,9,9,9,True,0.0,1200.0
20250807_181,MALE,59,1,baseline,baseline,fast,chorus_norm,unfloored,0,7,21.0,0.3333333333333333,32,9,9,9,True,0.0,1200.0
20250807_181,MALE,59,1,baseline,baseline,fast,chorus_norm,own_floor,9,0,0.0,0.3333333333333333,32,9,9,9,True,0.0,1200.0
20250807_181,MALE,59,1,baseline,baseline,fast,chorus_norm,baseline_floor,9,0,0.0,0.3333333333333333,32,9,9,9,True,0.0,1200.0
20250807_181,MALE,59,1,baseline,baseline,fast,chorus_gain_norm,unfloored,0,6,18.0,0.3333333333333333,32,9,9,9,True,0.0,1200.0
20250807_181,MALE,59,1,baseline,baseline,fast,chorus_gain_norm,own_floor,9,0,0.0,0.3333333333333333,32,9,9,9,True,0.0,1200.0
20250807_181,MALE,59,1,baseline,baseline,fast,chorus_gain_norm,baseline_floor,9,0,0.0,0.3333333333333333,32,9,9,9,True,0.0,1200.0
20250807_181,MALE,59,1,baseline,baseline,slow,coact,tuned,6,5,15.0,0.3333333333333333,32,8,8,8,True,0.0,1200.0
20250807_181,MALE,59,1,baseline,baseline,slow,coact,own_floor,8,4,12.0,0.3333333333333333,32,8,8,8,True,0.0,1200.0
20250807_181,MALE,59,1,baseline,baseline,slow,coact,baseline_floor,8,4,12.0,0.3333333333333333,32,8,8,8,True,0.0,1200.0
20250807_181,MALE,59,1,baseline,baseline,slow,chorus_norm,unfloored,0,3,9.0,0.3333333333333333,32,8,8,8,True,0.0,1200.0
20250807_181,MALE,59,1,baseline,baseline,slow,chorus_norm,own_floor,8,2,6.0,0.3333333333333333,32,8,8,8,True,0.0,1200.0
20250807_181,MALE,59,1,baseline,baseline,slow,chorus_norm,baseline_floor,8,2,6.0,0.3333333333333333,32,8,8,8,True,0.0,1200.0
20250807_181,MALE,59,1,baseline,baseline,slow,chorus_gain_norm,unfloored,0,3,9.0,0.3333333333333333,32,8,8,8,True,0.0,1200.0
20250807_181,MALE,59,1,baseline,baseline,slow,chorus_gain_norm,own_floor,8,2,6.0,0.3333333333333333,32,8,8,8,True,0.0,1200.0
20250807_181,MALE,59,1,baseline,baseline,slow,chorus_gain_norm,baseline_floor,8,2,6.0,0.3333333333333333,32,8,8,8,True,0.0,1200.0
20250807_181,MALE,59,1,baseline,baseline,combined,coact,tuned,4,7,21.0,0.3333333333333333,32,11,11,11,True,0.0,1200.0
20250807_181,MALE,59,1,baseline,baseline,combined,coact,own_floor,11,4,12.0,0.3333333333333333,32,11,11,11,True,0.0,1200.0
20250807_181,MALE,59,1,baseline,baseline,combined,coact,baseline_floor,11,4,12.0,0.3333333333333333,32,11,11,11,True,0.0,1200.0
20250807_181,MALE,59,1,baseline,baseline,combined,chorus_norm,unfloored,0,18,54.0,0.3333333333333333,32,11,11,11,True,0.0,1200.0
20250807_181,MALE,59,1,baseline,baseline,combined,chorus_norm,own_floor,11,4,12.0,0.3333333333333333,32,11,11,11,True,0.0,1200.0
20250807_181,MALE,59,1,baseline,baseline,combined,chorus_norm,baseline_floor,11,4,12.0,0.3333333333333333,32,11,11,11,True,0.0,1200.0
20250807_181,MALE,59,1,baseline,baseline,combined,chorus_gain_norm,unfloored,0,22,66.0,0.3333333333333333,32,11,11,11,True,0.0,1200.0
20250807_181,MALE,59,1,baseline,baseline,combined,chorus_gain_norm,own_floor,11,3,9.0,0.3333333333333333,32,11,11,11,True,0.0,1200.0
20250807_181,MALE,59,1,baseline,baseline,combined,chorus_gain_norm,baseline_floor,11,3,9.0,0.3333333333333333,32,11,11,11,True,0.0,1200.0
20250807_181,MALE,59,2,TTX,treatment,fast,coact,tuned,3,8,26.666666666666668,0.3,32,7,9,7,True,1320.0,2400.0
20250807_181,MALE,59,2,TTX,treatment,fast,coact,own_floor,7,4,13.333333333333334,0.3,32,7,9,7,True,1320.0,2400.0
20250807_181,MALE,59,2,TTX,treatment,fast,coact,baseline_floor,9,2,6.666666666666667,0.3,32,7,9,7,True,1320.0,2400.0
20250807_181,MALE,59,2,TTX,treatment,fast,chorus_norm,unfloored,0,12,40.0,0.3,32,7,9,7,True,1320.0,2400.0
20250807_181,MALE,59,2,TTX,treatment,fast,chorus_norm,own_floor,7,1,3.3333333333333335,0.3,32,7,9,7,True,1320.0,2400.0
20250807_181,MALE,59,2,TTX,treatment,fast,chorus_norm,baseline_floor,9,1,3.3333333333333335,0.3,32,7,9,7,True,1320.0,2400.0
20250807_181,MALE,59,2,TTX,treatment,fast,chorus_gain_norm,unfloored,0,12,40.0,0.3,32,7,9,7,True,1320.0,2400.0
20250807_181,MALE,59,2,TTX,treatment,fast,chorus_gain_norm,own_floor,7,2,6.666666666666667,0.3,32,7,9,7,True,1320.0,2400.0
20250807_181,MALE,59,2,TTX,treatment,fast,chorus_gain_norm,baseline_floor,9,2,6.666666666666667,0.3,32,7,9,7,True,1320.0,2400.0
20250807_181,MALE,59,2,TTX,treatment,slow,coact,tuned,6,19,63.333333333333336,0.3,32,8,8,8,True,1320.0,2400.0
20250807_181,MALE,59,2,TTX,treatment,slow,coact,own_floor,8,14,46.66666666666667,0.3,32,8,8,8,True,1320.0,2400.0
20250807_181,MALE,59,2,TTX,treatment,slow,coact,baseline_floor,8,14,46.66666666666667,0.3,32,8,8,8,True,1320.0,2400.0
20250807_181,MALE,59,2,TTX,treatment,slow,chorus_norm,unfloored,0,13,43.333333333333336,0.3,32,8,8,8,True,1320.0,2400.0
20250807_181,MALE,59,2,TTX,treatment,slow,chorus_norm,own_floor,8,9,30.0,0.3,32,8,8,8,True,1320.0,2400.0
20250807_181,MALE,59,2,TTX,treatment,slow,chorus_norm,baseline_floor,8,9,30.0,0.3,32,8,8,8,True,1320.0,2400.0
20250807_181,MALE,59,2,TTX,treatment,slow,chorus_gain_norm,unfloored,0,13,43.333333333333336,0.3,32,8,8,8,True,1320.0,2400.0
20250807_181,MALE,59,2,TTX,treatment,slow,chorus_gain_norm,own_floor,8,7,23.333333333333336,0.3,32,8,8,8,True,1320.0,2400.0
20250807_181,MALE,59,2,TTX,treatment,slow,chorus_gain_norm,baseline_floor,8,7,23.333333333333336,0.3,32,8,8,8,True,1320.0,2400.0
20250807_181,MALE,59,2,TTX,treatment,combined,coact,tuned,4,24,80.0,0.3,32,10,11,10,True,1320.0,2400.0
20250807_181,MALE,59,2,TTX,treatment,combined,coact,own_floor,10,14,46.66666666666667,0.3,32,10,11,10,True,1320.0,2400.0
20250807_181,MALE,59,2,TTX,treatment,combined,coact,baseline_floor,11,12,40.0,0.3,32,10,11,10,True,1320.0,2400.0
20250807_181,MALE,59,2,TTX,treatment,combined,chorus_norm,unfloored,0,27,90.0,0.3,32,10,11,10,True,1320.0,2400.0
20250807_181,MALE,59,2,TTX,treatment,combined,chorus_norm,own_floor,10,10,33.333333333333336,0.3,32,10,11,10,True,1320.0,2400.0
20250807_181,MALE,59,2,TTX,treatment,combined,chorus_norm,baseline_floor,11,8,26.666666666666668,0.3,32,10,11,10,True,1320.0,2400.0
20250807_181,MALE,59,2,TTX,treatment,combined,chorus_gain_norm,unfloored,0,25,83.33333333333334,0.3,32,10,11,10,True,1320.0,2400.0
20250807_181,MALE,59,2,TTX,treatment,combined,chorus_gain_norm,own_floor,10,10,33.333333333333336,0.3,32,10,11,10,True,1320.0,2400.0
20250807_181,MALE,59,2,TTX,treatment,combined,chorus_gain_norm,baseline_floor,11,6,20.0,0.3,32,10,11,10,True,1320.0,2400.0
20250807_181,MALE,59,3,wash,treatment,fast,coact,tuned,3,1,3.3333333333333335,0.3,32,4,9,4,False,2520.0,3600.0
20250807_181,MALE,59,3,wash,treatment,fast,coact,own_floor,4,1,3.3333333333333335,0.3,32,4,9,4,False,2520.0,3600.0
20250807_181,MALE,59,3,wash,treatment,fast,coact,baseline_floor,9,0,0.0,0.3,32,4,9,4,False,2520.0,3600.0
20250807_181,MALE,59,3,wash,treatment,fast,chorus_norm,unfloored,0,2,6.666666666666667,0.3,32,4,9,4,False,2520.0,3600.0
20250807_181,MALE,59,3,wash,treatment,fast,chorus_norm,own_floor,4,1,3.3333333333333335,0.3,32,4,9,4,False,2520.0,3600.0
20250807_181,MALE,59,3,wash,treatment,fast,chorus_norm,baseline_floor,9,0,0.0,0.3,32,4,9,4,False,2520.0,3600.0
20250807_181,MALE,59,3,wash,treatment,fast,chorus_gain_norm,unfloored,0,2,6.666666666666667,0.3,32,4,9,4,False,2520.0,3600.0
20250807_181,MALE,59,3,wash,treatment,fast,chorus_gain_norm,own_floor,4,1,3.3333333333333335,0.3,32,4,9,4,False,2520.0,3600.0
20250807_181,MALE,59,3,wash,treatment,fast,chorus_gain_norm,baseline_floor,9,0,0.0,0.3,32,4,9,4,False,2520.0,3600.0
20250807_181,MALE,59,3,wash,treatment,slow,coact,tuned,6,1,3.3333333333333335,0.3,32,4,8,4,True,2520.0,3600.0
20250807_181,MALE,59,3,wash,treatment,slow,coact,own_floor,4,3,10.0,0.3,32,4,8,4,True,2520.0,3600.0
20250807_181,MALE,59,3,wash,treatment,slow,coact,baseline_floor,8,1,3.3333333333333335,0.3,32,4,8,4,True,2520.0,3600.0
20250807_181,MALE,59,3,wash,treatment,slow,chorus_norm,unfloored,0,1,3.3333333333333335,0.3,32,4,8,4,True,2520.0,3600.0
20250807_181,MALE,59,3,wash,treatment,slow,chorus_norm,own_floor,4,1,3.3333333333333335,0.3,32,4,8,4,True,2520.0,3600.0
20250807_181,MALE,59,3,wash,treatment,slow,chorus_norm,baseline_floor,8,1,3.3333333333333335,0.3,32,4,8,4,True,2520.0,3600.0
20250807_181,MALE,59,3,wash,treatment,slow,chorus_gain_norm,unfloored,0,1,3.3333333333333335,0.3,32,4,8,4,True,2520.0,3600.0
20250807_181,MALE,59,3,wash,treatment,slow,chorus_gain_norm,own_floor,4,1,3.3333333333333335,0.3,32,4,8,4,True,2520.0,3600.0
20250807_181,MALE,59,3,wash,treatment,slow,chorus_gain_norm,baseline_floor,8,1,3.3333333333333335,0.3,32,4,8,4,True,2520.0,3600.0
20250807_181,MALE,59,3,wash,treatment,combined,coact,tuned,4,3,10.0,0.3,32,5,11,5,True,2520.0,3600.0
20250807_181,MALE,59,3,wash,treatment,combined,coact,own_floor,5,1,3.3333333333333335,0.3,32,5,11,5,True,2520.0,3600.0
20250807_181,MALE,59,3,wash,treatment,combined,coact,baseline_floor,11,0,0.0,0.3,32,5,11,5,True,2520.0,3600.0
20250807_181,MALE,59,3,wash,treatment,combined,chorus_norm,unfloored,0,4,13.333333333333334,0.3,32,5,11,5,True,2520.0,3600.0
20250807_181,MALE,59,3,wash,treatment,combined,chorus_norm,own_floor,5,1,3.3333333333333335,0.3,32,5,11,5,True,2520.0,3600.0
20250807_181,MALE,59,3,wash,treatment,combined,chorus_norm,baseline_floor,11,0,0.0,0.3,32,5,11,5,True,2520.0,3600.0
20250807_181,MALE,59,3,wash,treatment,combined,chorus_gain_norm,unfloored,0,1,3.3333333333333335,0.3,32,5,11,5,True,2520.0,3600.0
20250807_181,MALE,59,3,wash,treatment,combined,chorus_gain_norm,own_floor,5,1,3.3333333333333335,0.3,32,5,11,5,True,2520.0,3600.0
20250807_181,MALE,59,3,wash,treatment,combined,chorus_gain_norm,baseline_floor,11,0,0.0,0.3,32,5,11,5,True,2520.0,3600.0
20250807_181,MALE,59,4,high K+,treatment,fast,coact,tuned,3,0,0.0,0.18939188916666658,32,3,9,2,True,3600.0,4281.810801
20250807_181,MALE,59,4,high K+,treatment,fast,coact,own_floor,3,0,0.0,0.18939188916666658,32,3,9,2,True,3600.0,4281.810801
20250807_181,MALE,59,4,high K+,treatment,fast,coact,baseline_floor,9,0,0.0,0.18939188916666658,32,3,9,2,True,3600.0,4281.810801
20250807_181,MALE,59,4,high K+,treatment,fast,chorus_norm,unfloored,0,0,0.0,0.18939188916666658,32,3,9,2,True,3600.0,4281.810801
20250807_181,MALE,59,4,high K+,treatment,fast,chorus_norm,own_floor,3,0,0.0,0.18939188916666658,32,3,9,2,True,3600.0,4281.810801
20250807_181,MALE,59,4,high K+,treatment,fast,chorus_norm,baseline_floor,9,0,0.0,0.18939188916666658,32,3,9,2,True,3600.0,4281.810801
20250807_181,MALE,59,4,high K+,treatment,fast,chorus_gain_norm,unfloored,0,0,0.0,0.18939188916666658,32,3,9,2,True,3600.0,4281.810801
20250807_181,MALE,59,4,high K+,treatment,fast,chorus_gain_norm,own_floor,3,0,0.0,0.18939188916666658,32,3,9,2,True,3600.0,4281.810801
20250807_181,MALE,59,4,high K+,treatment,fast,chorus_gain_norm,baseline_floor,9,0,0.0,0.18939188916666658,32,3,9,2,True,3600.0,4281.810801
20250807_181,MALE,59,4,high K+,treatment,slow,coact,tuned,6,0,0.0,0.18939188916666658,32,5,8,5,True,3600.0,4281.810801
20250807_181,MALE,59,4,high K+,treatment,slow,coact,own_floor,5,0,0.0,0.18939188916666658,32,5,8,5,True,3600.0,4281.810801
20250807_181,MALE,59,4,high K+,treatment,slow,coact,baseline_floor,8,0,0.0,0.18939188916666658,32,5,8,5,True,3600.0,4281.810801
20250807_181,MALE,59,4,high K+,treatment,slow,chorus_norm,unfloored,0,0,0.0,0.18939188916666658,32,5,8,5,True,3600.0,4281.810801
20250807_181,MALE,59,4,high K+,treatment,slow,chorus_norm,own_floor,5,0,0.0,0.18939188916666658,32,5,8,5,True,3600.0,4281.810801
20250807_181,MALE,59,4,high K+,treatment,slow,chorus_norm,baseline_floor,8,0,0.0,0.18939188916666658,32,5,8,5,True,3600.0,4281.810801
20250807_181,MALE,59,4,high K+,treatment,slow,chorus_gain_norm,unfloored,0,0,0.0,0.18939188916666658,32,5,8,5,True,3600.0,4281.810801
20250807_181,MALE,59,4,high K+,treatment,slow,chorus_gain_norm,own_floor,5,0,0.0,0.18939188916666658,32,5,8,5,True,3600.0,4281.810801
20250807_181,MALE,59,4,high K+,treatment,slow,chorus_gain_norm,baseline_floor,8,0,0.0,0.18939188916666658,32,5,8,5,True,3600.0,4281.810801
20250807_181,MALE,59,4,high K+,treatment,combined,coact,tuned,4,0,0.0,0.18939188916666658,32,5,11,5,True,3600.0,4281.810801
20250807_181,MALE,59,4,high K+,treatment,combined,coact,own_floor,5,0,0.0,0.18939188916666658,32,5,11,5,True,3600.0,4281.810801
20250807_181,MALE,59,4,high K+,treatment,combined,coact,baseline_floor,11,0,0.0,0.18939188916666658,32,5,11,5,True,3600.0,4281.810801
20250807_181,MALE,59,4,high K+,treatment,combined,chorus_norm,unfloored,0,1,5.2800571576747455,0.18939188916666658,32,5,11,5,True,3600.0,4281.810801
20250807_181,MALE,59,4,high K+,treatment,combined,chorus_norm,own_floor,5,0,0.0,0.18939188916666658,32,5,11,5,True,3600.0,4281.810801
20250807_181,MALE,59,4,high K+,treatment,combined,chorus_norm,baseline_floor,11,0,0.0,0.18939188916666658,32,5,11,5,True,3600.0,4281.810801
20250807_181,MALE,59,4,high K+,treatment,combined,chorus_gain_norm,unfloored,0,0,0.0,0.18939188916666658,32,5,11,5,True,3600.0,4281.810801
20250807_181,MALE,59,4,high K+,treatment,combined,chorus_gain_norm,own_floor,5,0,0.0,0.18939188916666658,32,5,11,5,True,3600.0,4281.810801
20250807_181,MALE,59,4,high K+,treatment,combined,chorus_gain_norm,baseline_floor,11,0,0.0,0.18939188916666658,32,5,11,5,True,3600.0,4281.810801
20250808_183,ORX,60,1,baseline,baseline,fast,coact,tuned,3,3,9.0,0.3333333333333333,61,5,5,5,True,0.0,1200.0
20250808_183,ORX,60,1,baseline,baseline,fast,coact,own_floor,5,0,0.0,0.3333333333333333,61,5,5,5,True,0.0,1200.0
20250808_183,ORX,60,1,baseline,baseline,fast,coact,baseline_floor,5,0,0.0,0.3333333333333333,61,5,5,5,True,0.0,1200.0
20250808_183,ORX,60,1,baseline,baseline,fast,chorus_norm,unfloored,0,1,3.0,0.3333333333333333,61,5,5,5,True,0.0,1200.0
20250808_183,ORX,60,1,baseline,baseline,fast,chorus_norm,own_floor,5,0,0.0,0.3333333333333333,61,5,5,5,True,0.0,1200.0
20250808_183,ORX,60,1,baseline,baseline,fast,chorus_norm,baseline_floor,5,0,0.0,0.3333333333333333,61,5,5,5,True,0.0,1200.0
20250808_183,ORX,60,1,baseline,baseline,fast,chorus_gain_norm,unfloored,0,1,3.0,0.3333333333333333,61,5,5,5,True,0.0,1200.0
20250808_183,ORX,60,1,baseline,baseline,fast,chorus_gain_norm,own_floor,5,0,0.0,0.3333333333333333,61,5,5,5,True,0.0,1200.0
20250808_183,ORX,60,1,baseline,baseline,fast,chorus_gain_norm,baseline_floor,5,0,0.0,0.3333333333333333,61,5,5,5,True,0.0,1200.0
20250808_183,ORX,60,1,baseline,baseline,slow,coact,tuned,6,0,0.0,0.3333333333333333,61,5,5,5,True,0.0,1200.0
20250808_183,ORX,60,1,baseline,baseline,slow,coact,own_floor,5,0,0.0,0.3333333333333333,61,5,5,5,True,0.0,1200.0
20250808_183,ORX,60,1,baseline,baseline,slow,coact,baseline_floor,5,0,0.0,0.3333333333333333,61,5,5,5,True,0.0,1200.0
20250808_183,ORX,60,1,baseline,baseline,slow,chorus_norm,unfloored,0,0,0.0,0.3333333333333333,61,5,5,5,True,0.0,1200.0
20250808_183,ORX,60,1,baseline,baseline,slow,chorus_norm,own_floor,5,0,0.0,0.3333333333333333,61,5,5,5,True,0.0,1200.0
20250808_183,ORX,60,1,baseline,baseline,slow,chorus_norm,baseline_floor,5,0,0.0,0.3333333333333333,61,5,5,5,True,0.0,1200.0
20250808_183,ORX,60,1,baseline,baseline,slow,chorus_gain_norm,unfloored,0,0,0.0,0.3333333333333333,61,5,5,5,True,0.0,1200.0
20250808_183,ORX,60,1,baseline,baseline,slow,chorus_gain_norm,own_floor,5,0,0.0,0.3333333333333333,61,5,5,5,True,0.0,1200.0
20250808_183,ORX,60,1,baseline,baseline,slow,chorus_gain_norm,baseline_floor,5,0,0.0,0.3333333333333333,61,5,5,5,True,0.0,1200.0
20250808_183,ORX,60,1,baseline,baseline,combined,coact,tuned,4,3,9.0,0.3333333333333333,61,6,6,6,True,0.0,1200.0
20250808_183,ORX,60,1,baseline,baseline,combined,coact,own_floor,6,1,3.0,0.3333333333333333,61,6,6,6,True,0.0,1200.0
20250808_183,ORX,60,1,baseline,baseline,combined,coact,baseline_floor,6,1,3.0,0.3333333333333333,61,6,6,6,True,0.0,1200.0
20250808_183,ORX,60,1,baseline,baseline,combined,chorus_norm,unfloored,0,1,3.0,0.3333333333333333,61,6,6,6,True,0.0,1200.0
20250808_183,ORX,60,1,baseline,baseline,combined,chorus_norm,own_floor,6,0,0.0,0.3333333333333333,61,6,6,6,True,0.0,1200.0
20250808_183,ORX,60,1,baseline,baseline,combined,chorus_norm,baseline_floor,6,0,0.0,0.3333333333333333,61,6,6,6,True,0.0,1200.0
20250808_183,ORX,60,1,baseline,baseline,combined,chorus_gain_norm,unfloored,0,1,3.0,0.3333333333333333,61,6,6,6,True,0.0,1200.0
20250808_183,ORX,60,1,baseline,baseline,combined,chorus_gain_norm,own_floor,6,0,0.0,0.3333333333333333,61,6,6,6,True,0.0,1200.0
20250808_183,ORX,60,1,baseline,baseline,combined,chorus_gain_norm,baseline_floor,6,0,0.0,0.3333333333333333,61,6,6,6,True,0.0,1200.0
20250808_183,ORX,60,2,TTX,treatment,fast,coact,tuned,3,1,3.3333333333333335,0.3,61,3,5,2,True,1320.0,2400.0
20250808_183,ORX,60,2,TTX,treatment,fast,coact,own_floor,3,1,3.3333333333333335,0.3,61,3,5,2,True,1320.0,2400.0
20250808_183,ORX,60,2,TTX,treatment,fast,coact,baseline_floor,5,0,0.0,0.3,61,3,5,2,True,1320.0,2400.0
20250808_183,ORX,60,2,TTX,treatment,fast,chorus_norm,unfloored,0,0,0.0,0.3,61,3,5,2,True,1320.0,2400.0
20250808_183,ORX,60,2,TTX,treatment,fast,chorus_norm,own_floor,3,0,0.0,0.3,61,3,5,2,True,1320.0,2400.0
20250808_183,ORX,60,2,TTX,treatment,fast,chorus_norm,baseline_floor,5,0,0.0,0.3,61,3,5,2,True,1320.0,2400.0
20250808_183,ORX,60,2,TTX,treatment,fast,chorus_gain_norm,unfloored,0,0,0.0,0.3,61,3,5,2,True,1320.0,2400.0
20250808_183,ORX,60,2,TTX,treatment,fast,chorus_gain_norm,own_floor,3,0,0.0,0.3,61,3,5,2,True,1320.0,2400.0
20250808_183,ORX,60,2,TTX,treatment,fast,chorus_gain_norm,baseline_floor,5,0,0.0,0.3,61,3,5,2,True,1320.0,2400.0
20250808_183,ORX,60,2,TTX,treatment,slow,coact,tuned,6,0,0.0,0.3,61,3,5,3,True,1320.0,2400.0
20250808_183,ORX,60,2,TTX,treatment,slow,coact,own_floor,3,1,3.3333333333333335,0.3,61,3,5,3,True,1320.0,2400.0
20250808_183,ORX,60,2,TTX,treatment,slow,coact,baseline_floor,5,0,0.0,0.3,61,3,5,3,True,1320.0,2400.0
20250808_183,ORX,60,2,TTX,treatment,slow,chorus_norm,unfloored,0,0,0.0,0.3,61,3,5,3,True,1320.0,2400.0
20250808_183,ORX,60,2,TTX,treatment,slow,chorus_norm,own_floor,3,0,0.0,0.3,61,3,5,3,True,1320.0,2400.0
20250808_183,ORX,60,2,TTX,treatment,slow,chorus_norm,baseline_floor,5,0,0.0,0.3,61,3,5,3,True,1320.0,2400.0
20250808_183,ORX,60,2,TTX,treatment,slow,chorus_gain_norm,unfloored,0,0,0.0,0.3,61,3,5,3,True,1320.0,2400.0
20250808_183,ORX,60,2,TTX,treatment,slow,chorus_gain_norm,own_floor,3,0,0.0,0.3,61,3,5,3,True,1320.0,2400.0
20250808_183,ORX,60,2,TTX,treatment,slow,chorus_gain_norm,baseline_floor,5,0,0.0,0.3,61,3,5,3,True,1320.0,2400.0
20250808_183,ORX,60,2,TTX,treatment,combined,coact,tuned,4,1,3.3333333333333335,0.3,61,3,6,3,True,1320.0,2400.0
20250808_183,ORX,60,2,TTX,treatment,combined,coact,own_floor,3,2,6.666666666666667,0.3,61,3,6,3,True,1320.0,2400.0
20250808_183,ORX,60,2,TTX,treatment,combined,coact,baseline_floor,6,0,0.0,0.3,61,3,6,3,True,1320.0,2400.0
20250808_183,ORX,60,2,TTX,treatment,combined,chorus_norm,unfloored,0,1,3.3333333333333335,0.3,61,3,6,3,True,1320.0,2400.0
20250808_183,ORX,60,2,TTX,treatment,combined,chorus_norm,own_floor,3,0,0.0,0.3,61,3,6,3,True,1320.0,2400.0
20250808_183,ORX,60,2,TTX,treatment,combined,chorus_norm,baseline_floor,6,0,0.0,0.3,61,3,6,3,True,1320.0,2400.0
20250808_183,ORX,60,2,TTX,treatment,combined,chorus_gain_norm,unfloored,0,1,3.3333333333333335,0.3,61,3,6,3,True,1320.0,2400.0
20250808_183,ORX,60,2,TTX,treatment,combined,chorus_gain_norm,own_floor,3,1,3.3333333333333335,0.3,61,3,6,3,True,1320.0,2400.0
20250808_183,ORX,60,2,TTX,treatment,combined,chorus_gain_norm,baseline_floor,6,0,0.0,0.3,61,3,6,3,True,1320.0,2400.0
20250808_183,ORX,60,3,wash,treatment,fast,coact,tuned,3,0,0.0,0.3,61,4,5,4,True,2520.0,3600.0
20250808_183,ORX,60,3,wash,treatment,fast,coact,own_floor,4,0,0.0,0.3,61,4,5,4,True,2520.0,3600.0
20250808_183,ORX,60,3,wash,treatment,fast,coact,baseline_floor,5,0,0.0,0.3,61,4,5,4,True,2520.0,3600.0
20250808_183,ORX,60,3,wash,treatment,fast,chorus_norm,unfloored,0,0,0.0,0.3,61,4,5,4,True,2520.0,3600.0
20250808_183,ORX,60,3,wash,treatment,fast,chorus_norm,own_floor,4,0,0.0,0.3,61,4,5,4,True,2520.0,3600.0
20250808_183,ORX,60,3,wash,treatment,fast,chorus_norm,baseline_floor,5,0,0.0,0.3,61,4,5,4,True,2520.0,3600.0
20250808_183,ORX,60,3,wash,treatment,fast,chorus_gain_norm,unfloored,0,0,0.0,0.3,61,4,5,4,True,2520.0,3600.0
20250808_183,ORX,60,3,wash,treatment,fast,chorus_gain_norm,own_floor,4,0,0.0,0.3,61,4,5,4,True,2520.0,3600.0
20250808_183,ORX,60,3,wash,treatment,fast,chorus_gain_norm,baseline_floor,5,0,0.0,0.3,61,4,5,4,True,2520.0,3600.0
20250808_183,ORX,60,3,wash,treatment,slow,coact,tuned,6,0,0.0,0.3,61,4,5,4,True,2520.0,3600.0
20250808_183,ORX,60,3,wash,treatment,slow,coact,own_floor,4,1,3.3333333333333335,0.3,61,4,5,4,True,2520.0,3600.0
20250808_183,ORX,60,3,wash,treatment,slow,coact,baseline_floor,5,0,0.0,0.3,61,4,5,4,True,2520.0,3600.0
20250808_183,ORX,60,3,wash,treatment,slow,chorus_norm,unfloored,0,0,0.0,0.3,61,4,5,4,True,2520.0,3600.0
20250808_183,ORX,60,3,wash,treatment,slow,chorus_norm,own_floor,4,0,0.0,0.3,61,4,5,4,True,2520.0,3600.0
20250808_183,ORX,60,3,wash,treatment,slow,chorus_norm,baseline_floor,5,0,0.0,0.3,61,4,5,4,True,2520.0,3600.0
20250808_183,ORX,60,3,wash,treatment,slow,chorus_gain_norm,unfloored,0,0,0.0,0.3,61,4,5,4,True,2520.0,3600.0
20250808_183,ORX,60,3,wash,treatment,slow,chorus_gain_norm,own_floor,4,0,0.0,0.3,61,4,5,4,True,2520.0,3600.0
20250808_183,ORX,60,3,wash,treatment,slow,chorus_gain_norm,baseline_floor,5,0,0.0,0.3,61,4,5,4,True,2520.0,3600.0
20250808_183,ORX,60,3,wash,treatment,combined,coact,tuned,4,2,6.666666666666667,0.3,61,5,6,5,True,2520.0,3600.0
20250808_183,ORX,60,3,wash,treatment,combined,coact,own_floor,5,0,0.0,0.3,61,5,6,5,True,2520.0,3600.0
20250808_183,ORX,60,3,wash,treatment,combined,coact,baseline_floor,6,0,0.0,0.3,61,5,6,5,True,2520.0,3600.0
20250808_183,ORX,60,3,wash,treatment,combined,chorus_norm,unfloored,0,0,0.0,0.3,61,5,6,5,True,2520.0,3600.0
20250808_183,ORX,60,3,wash,treatment,combined,chorus_norm,own_floor,5,0,0.0,0.3,61,5,6,5,True,2520.0,3600.0
20250808_183,ORX,60,3,wash,treatment,combined,chorus_norm,baseline_floor,6,0,0.0,0.3,61,5,6,5,True,2520.0,3600.0
20250808_183,ORX,60,3,wash,treatment,combined,chorus_gain_norm,unfloored,0,0,0.0,0.3,61,5,6,5,True,2520.0,3600.0
20250808_183,ORX,60,3,wash,treatment,combined,chorus_gain_norm,own_floor,5,0,0.0,0.3,61,5,6,5,True,2520.0,3600.0
20250808_183,ORX,60,3,wash,treatment,combined,chorus_gain_norm,baseline_floor,6,0,0.0,0.3,61,5,6,5,True,2520.0,3600.0
20250808_183,ORX,60,4,high K+,treatment,fast,coact,tuned,3,2,11.538261819285395,0.1733363336111112,61,16,5,16,True,3600.0,4224.010801
20250808_183,ORX,60,4,high K+,treatment,fast,coact,own_floor,16,0,0.0,0.1733363336111112,61,16,5,16,True,3600.0,4224.010801
20250808_183,ORX,60,4,high K+,treatment,fast,coact,baseline_floor,5,1,5.769130909642698,0.1733363336111112,61,16,5,16,True,3600.0,4224.010801
20250808_183,ORX,60,4,high K+,treatment,fast,chorus_norm,unfloored,0,2,11.538261819285395,0.1733363336111112,61,16,5,16,True,3600.0,4224.010801
20250808_183,ORX,60,4,high K+,treatment,fast,chorus_norm,own_floor,16,0,0.0,0.1733363336111112,61,16,5,16,True,3600.0,4224.010801
20250808_183,ORX,60,4,high K+,treatment,fast,chorus_norm,baseline_floor,5,1,5.769130909642698,0.1733363336111112,61,16,5,16,True,3600.0,4224.010801
20250808_183,ORX,60,4,high K+,treatment,fast,chorus_gain_norm,unfloored,0,0,0.0,0.1733363336111112,61,16,5,16,True,3600.0,4224.010801
20250808_183,ORX,60,4,high K+,treatment,fast,chorus_gain_norm,own_floor,16,0,0.0,0.1733363336111112,61,16,5,16,True,3600.0,4224.010801
20250808_183,ORX,60,4,high K+,treatment,fast,chorus_gain_norm,baseline_floor,5,0,0.0,0.1733363336111112,61,16,5,16,True,3600.0,4224.010801
20250808_183,ORX,60,4,high K+,treatment,slow,coact,tuned,6,6,34.614785457856186,0.1733363336111112,61,15,5,15,True,3600.0,4224.010801
20250808_183,ORX,60,4,high K+,treatment,slow,coact,own_floor,15,2,11.538261819285395,0.1733363336111112,61,15,5,15,True,3600.0,4224.010801
20250808_183,ORX,60,4,high K+,treatment,slow,coact,baseline_floor,5,6,34.614785457856186,0.1733363336111112,61,15,5,15,True,3600.0,4224.010801
20250808_183,ORX,60,4,high K+,treatment,slow,chorus_norm,unfloored,0,0,0.0,0.1733363336111112,61,15,5,15,True,3600.0,4224.010801
20250808_183,ORX,60,4,high K+,treatment,slow,chorus_norm,own_floor,15,0,0.0,0.1733363336111112,61,15,5,15,True,3600.0,4224.010801
20250808_183,ORX,60,4,high K+,treatment,slow,chorus_norm,baseline_floor,5,0,0.0,0.1733363336111112,61,15,5,15,True,3600.0,4224.010801
20250808_183,ORX,60,4,high K+,treatment,slow,chorus_gain_norm,unfloored,0,0,0.0,0.1733363336111112,61,15,5,15,True,3600.0,4224.010801
20250808_183,ORX,60,4,high K+,treatment,slow,chorus_gain_norm,own_floor,15,0,0.0,0.1733363336111112,61,15,5,15,True,3600.0,4224.010801
20250808_183,ORX,60,4,high K+,treatment,slow,chorus_gain_norm,baseline_floor,5,0,0.0,0.1733363336111112,61,15,5,15,True,3600.0,4224.010801
20250808_183,ORX,60,4,high K+,treatment,combined,coact,tuned,4,2,11.538261819285395,0.1733363336111112,61,22,6,22,True,3600.0,4224.010801
20250808_183,ORX,60,4,high K+,treatment,combined,coact,own_floor,22,0,0.0,0.1733363336111112,61,22,6,22,True,3600.0,4224.010801
20250808_183,ORX,60,4,high K+,treatment,combined,coact,baseline_floor,6,2,11.538261819285395,0.1733363336111112,61,22,6,22,True,3600.0,4224.010801
20250808_183,ORX,60,4,high K+,treatment,combined,chorus_norm,unfloored,0,2,11.538261819285395,0.1733363336111112,61,22,6,22,True,3600.0,4224.010801
20250808_183,ORX,60,4,high K+,treatment,combined,chorus_norm,own_floor,22,0,0.0,0.1733363336111112,61,22,6,22,True,3600.0,4224.010801
20250808_183,ORX,60,4,high K+,treatment,combined,chorus_norm,baseline_floor,6,2,11.538261819285395,0.1733363336111112,61,22,6,22,True,3600.0,4224.010801
20250808_183,ORX,60,4,high K+,treatment,combined,chorus_gain_norm,unfloored,0,2,11.538261819285395,0.1733363336111112,61,22,6,22,True,3600.0,4224.010801
20250808_183,ORX,60,4,high K+,treatment,combined,chorus_gain_norm,own_floor,22,0,0.0,0.1733363336111112,61,22,6,22,True,3600.0,4224.010801
20250808_183,ORX,60,4,high K+,treatment,combined,chorus_gain_norm,baseline_floor,6,1,5.769130909642698,0.1733363336111112,61,22,6,22,True,3600.0,4224.010801
20250808_186,ORX,60,1,baseline,baseline,fast,coact,tuned,3,0,0.0,0.3333333333333333,35,3,3,3,True,0.0,1200.0
20250808_186,ORX,60,1,baseline,baseline,fast,coact,own_floor,3,0,0.0,0.3333333333333333,35,3,3,3,True,0.0,1200.0
20250808_186,ORX,60,1,baseline,baseline,fast,coact,baseline_floor,3,0,0.0,0.3333333333333333,35,3,3,3,True,0.0,1200.0
20250808_186,ORX,60,1,baseline,baseline,fast,chorus_norm,unfloored,0,0,0.0,0.3333333333333333,35,3,3,3,True,0.0,1200.0
20250808_186,ORX,60,1,baseline,baseline,fast,chorus_norm,own_floor,3,0,0.0,0.3333333333333333,35,3,3,3,True,0.0,1200.0
20250808_186,ORX,60,1,baseline,baseline,fast,chorus_norm,baseline_floor,3,0,0.0,0.3333333333333333,35,3,3,3,True,0.0,1200.0
20250808_186,ORX,60,1,baseline,baseline,fast,chorus_gain_norm,unfloored,0,0,0.0,0.3333333333333333,35,3,3,3,True,0.0,1200.0
20250808_186,ORX,60,1,baseline,baseline,fast,chorus_gain_norm,own_floor,3,0,0.0,0.3333333333333333,35,3,3,3,True,0.0,1200.0
20250808_186,ORX,60,1,baseline,baseline,fast,chorus_gain_norm,baseline_floor,3,0,0.0,0.3333333333333333,35,3,3,3,True,0.0,1200.0
20250808_186,ORX,60,1,baseline,baseline,slow,coact,tuned,6,1,3.0,0.3333333333333333,35,5,5,5,True,0.0,1200.0
20250808_186,ORX,60,1,baseline,baseline,slow,coact,own_floor,5,1,3.0,0.3333333333333333,35,5,5,5,True,0.0,1200.0
20250808_186,ORX,60,1,baseline,baseline,slow,coact,baseline_floor,5,1,3.0,0.3333333333333333,35,5,5,5,True,0.0,1200.0
20250808_186,ORX,60,1,baseline,baseline,slow,chorus_norm,unfloored,0,0,0.0,0.3333333333333333,35,5,5,5,True,0.0,1200.0
20250808_186,ORX,60,1,baseline,baseline,slow,chorus_norm,own_floor,5,0,0.0,0.3333333333333333,35,5,5,5,True,0.0,1200.0
20250808_186,ORX,60,1,baseline,baseline,slow,chorus_norm,baseline_floor,5,0,0.0,0.3333333333333333,35,5,5,5,True,0.0,1200.0
20250808_186,ORX,60,1,baseline,baseline,slow,chorus_gain_norm,unfloored,0,0,0.0,0.3333333333333333,35,5,5,5,True,0.0,1200.0
20250808_186,ORX,60,1,baseline,baseline,slow,chorus_gain_norm,own_floor,5,0,0.0,0.3333333333333333,35,5,5,5,True,0.0,1200.0
20250808_186,ORX,60,1,baseline,baseline,slow,chorus_gain_norm,baseline_floor,5,0,0.0,0.3333333333333333,35,5,5,5,True,0.0,1200.0
20250808_186,ORX,60,1,baseline,baseline,combined,coact,tuned,4,1,3.0,0.3333333333333333,35,6,6,6,True,0.0,1200.0
20250808_186,ORX,60,1,baseline,baseline,combined,coact,own_floor,6,1,3.0,0.3333333333333333,35,6,6,6,True,0.0,1200.0
20250808_186,ORX,60,1,baseline,baseline,combined,coact,baseline_floor,6,1,3.0,0.3333333333333333,35,6,6,6,True,0.0,1200.0
20250808_186,ORX,60,1,baseline,baseline,combined,chorus_norm,unfloored,0,1,3.0,0.3333333333333333,35,6,6,6,True,0.0,1200.0
20250808_186,ORX,60,1,baseline,baseline,combined,chorus_norm,own_floor,6,1,3.0,0.3333333333333333,35,6,6,6,True,0.0,1200.0
20250808_186,ORX,60,1,baseline,baseline,combined,chorus_norm,baseline_floor,6,1,3.0,0.3333333333333333,35,6,6,6,True,0.0,1200.0
20250808_186,ORX,60,1,baseline,baseline,combined,chorus_gain_norm,unfloored,0,1,3.0,0.3333333333333333,35,6,6,6,True,0.0,1200.0
20250808_186,ORX,60,1,baseline,baseline,combined,chorus_gain_norm,own_floor,6,1,3.0,0.3333333333333333,35,6,6,6,True,0.0,1200.0
20250808_186,ORX,60,1,baseline,baseline,combined,chorus_gain_norm,baseline_floor,6,1,3.0,0.3333333333333333,35,6,6,6,True,0.0,1200.0
20250808_186,ORX,60,2,TTX,treatment,fast,coact,tuned,3,0,0.0,0.3,35,3,3,3,True,1320.0,2400.0
20250808_186,ORX,60,2,TTX,treatment,fast,coact,own_floor,3,0,0.0,0.3,35,3,3,3,True,1320.0,2400.0
20250808_186,ORX,60,2,TTX,treatment,fast,coact,baseline_floor,3,0,0.0,0.3,35,3,3,3,True,1320.0,2400.0
20250808_186,ORX,60,2,TTX,treatment,fast,chorus_norm,unfloored,0,0,0.0,0.3,35,3,3,3,True,1320.0,2400.0
20250808_186,ORX,60,2,TTX,treatment,fast,chorus_norm,own_floor,3,0,0.0,0.3,35,3,3,3,True,1320.0,2400.0
20250808_186,ORX,60,2,TTX,treatment,fast,chorus_norm,baseline_floor,3,0,0.0,0.3,35,3,3,3,True,1320.0,2400.0
20250808_186,ORX,60,2,TTX,treatment,fast,chorus_gain_norm,unfloored,0,0,0.0,0.3,35,3,3,3,True,1320.0,2400.0
20250808_186,ORX,60,2,TTX,treatment,fast,chorus_gain_norm,own_floor,3,0,0.0,0.3,35,3,3,3,True,1320.0,2400.0
20250808_186,ORX,60,2,TTX,treatment,fast,chorus_gain_norm,baseline_floor,3,0,0.0,0.3,35,3,3,3,True,1320.0,2400.0
20250808_186,ORX,60,2,TTX,treatment,slow,coact,tuned,6,0,0.0,0.3,35,3,5,2,True,1320.0,2400.0
20250808_186,ORX,60,2,TTX,treatment,slow,coact,own_floor,3,0,0.0,0.3,35,3,5,2,True,1320.0,2400.0
20250808_186,ORX,60,2,TTX,treatment,slow,coact,baseline_floor,5,0,0.0,0.3,35,3,5,2,True,1320.0,2400.0
20250808_186,ORX,60,2,TTX,treatment,slow,chorus_norm,unfloored,0,0,0.0,0.3,35,3,5,2,True,1320.0,2400.0
20250808_186,ORX,60,2,TTX,treatment,slow,chorus_norm,own_floor,3,0,0.0,0.3,35,3,5,2,True,1320.0,2400.0
20250808_186,ORX,60,2,TTX,treatment,slow,chorus_norm,baseline_floor,5,0,0.0,0.3,35,3,5,2,True,1320.0,2400.0
20250808_186,ORX,60,2,TTX,treatment,slow,chorus_gain_norm,unfloored,0,0,0.0,0.3,35,3,5,2,True,1320.0,2400.0
20250808_186,ORX,60,2,TTX,treatment,slow,chorus_gain_norm,own_floor,3,0,0.0,0.3,35,3,5,2,True,1320.0,2400.0
20250808_186,ORX,60,2,TTX,treatment,slow,chorus_gain_norm,baseline_floor,5,0,0.0,0.3,35,3,5,2,True,1320.0,2400.0
20250808_186,ORX,60,2,TTX,treatment,combined,coact,tuned,4,0,0.0,0.3,35,3,6,3,True,1320.0,2400.0
20250808_186,ORX,60,2,TTX,treatment,combined,coact,own_floor,3,0,0.0,0.3,35,3,6,3,True,1320.0,2400.0
20250808_186,ORX,60,2,TTX,treatment,combined,coact,baseline_floor,6,0,0.0,0.3,35,3,6,3,True,1320.0,2400.0
20250808_186,ORX,60,2,TTX,treatment,combined,chorus_norm,unfloored,0,0,0.0,0.3,35,3,6,3,True,1320.0,2400.0
20250808_186,ORX,60,2,TTX,treatment,combined,chorus_norm,own_floor,3,0,0.0,0.3,35,3,6,3,True,1320.0,2400.0
20250808_186,ORX,60,2,TTX,treatment,combined,chorus_norm,baseline_floor,6,0,0.0,0.3,35,3,6,3,True,1320.0,2400.0
20250808_186,ORX,60,2,TTX,treatment,combined,chorus_gain_norm,unfloored,0,0,0.0,0.3,35,3,6,3,True,1320.0,2400.0
20250808_186,ORX,60,2,TTX,treatment,combined,chorus_gain_norm,own_floor,3,0,0.0,0.3,35,3,6,3,True,1320.0,2400.0
20250808_186,ORX,60,2,TTX,treatment,combined,chorus_gain_norm,baseline_floor,6,0,0.0,0.3,35,3,6,3,True,1320.0,2400.0
20250808_186,ORX,60,3,wash,treatment,fast,coact,tuned,3,12,40.0,0.3,35,7,3,7,True,2520.0,3600.0
20250808_186,ORX,60,3,wash,treatment,fast,coact,own_floor,7,5,16.666666666666668,0.3,35,7,3,7,True,2520.0,3600.0
20250808_186,ORX,60,3,wash,treatment,fast,coact,baseline_floor,3,12,40.0,0.3,35,7,3,7,True,2520.0,3600.0
20250808_186,ORX,60,3,wash,treatment,fast,chorus_norm,unfloored,0,14,46.66666666666667,0.3,35,7,3,7,True,2520.0,3600.0
20250808_186,ORX,60,3,wash,treatment,fast,chorus_norm,own_floor,7,5,16.666666666666668,0.3,35,7,3,7,True,2520.0,3600.0
20250808_186,ORX,60,3,wash,treatment,fast,chorus_norm,baseline_floor,3,13,43.333333333333336,0.3,35,7,3,7,True,2520.0,3600.0
20250808_186,ORX,60,3,wash,treatment,fast,chorus_gain_norm,unfloored,0,13,43.333333333333336,0.3,35,7,3,7,True,2520.0,3600.0
20250808_186,ORX,60,3,wash,treatment,fast,chorus_gain_norm,own_floor,7,5,16.666666666666668,0.3,35,7,3,7,True,2520.0,3600.0
20250808_186,ORX,60,3,wash,treatment,fast,chorus_gain_norm,baseline_floor,3,13,43.333333333333336,0.3,35,7,3,7,True,2520.0,3600.0
20250808_186,ORX,60,3,wash,treatment,slow,coact,tuned,6,27,90.0,0.3,35,11,5,11,True,2520.0,3600.0
20250808_186,ORX,60,3,wash,treatment,slow,coact,own_floor,11,22,73.33333333333334,0.3,35,11,5,11,True,2520.0,3600.0
20250808_186,ORX,60,3,wash,treatment,slow,coact,baseline_floor,5,27,90.0,0.3,35,11,5,11,True,2520.0,3600.0
20250808_186,ORX,60,3,wash,treatment,slow,chorus_norm,unfloored,0,27,90.0,0.3,35,11,5,11,True,2520.0,3600.0
20250808_186,ORX,60,3,wash,treatment,slow,chorus_norm,own_floor,11,16,53.333333333333336,0.3,35,11,5,11,True,2520.0,3600.0
20250808_186,ORX,60,3,wash,treatment,slow,chorus_norm,baseline_floor,5,27,90.0,0.3,35,11,5,11,True,2520.0,3600.0
20250808_186,ORX,60,3,wash,treatment,slow,chorus_gain_norm,unfloored,0,23,76.66666666666667,0.3,35,11,5,11,True,2520.0,3600.0
20250808_186,ORX,60,3,wash,treatment,slow,chorus_gain_norm,own_floor,11,12,40.0,0.3,35,11,5,11,True,2520.0,3600.0
20250808_186,ORX,60,3,wash,treatment,slow,chorus_gain_norm,baseline_floor,5,23,76.66666666666667,0.3,35,11,5,11,True,2520.0,3600.0
20250808_186,ORX,60,3,wash,treatment,combined,coact,tuned,4,28,93.33333333333334,0.3,35,12,6,12,False,2520.0,3600.0
20250808_186,ORX,60,3,wash,treatment,combined,coact,own_floor,12,23,76.66666666666667,0.3,35,12,6,12,False,2520.0,3600.0
20250808_186,ORX,60,3,wash,treatment,combined,coact,baseline_floor,6,26,86.66666666666667,0.3,35,12,6,12,False,2520.0,3600.0
20250808_186,ORX,60,3,wash,treatment,combined,chorus_norm,unfloored,0,38,126.66666666666667,0.3,35,12,6,12,False,2520.0,3600.0
20250808_186,ORX,60,3,wash,treatment,combined,chorus_norm,own_floor,12,26,86.66666666666667,0.3,35,12,6,12,False,2520.0,3600.0
20250808_186,ORX,60,3,wash,treatment,combined,chorus_norm,baseline_floor,6,36,120.0,0.3,35,12,6,12,False,2520.0,3600.0
20250808_186,ORX,60,3,wash,treatment,combined,chorus_gain_norm,unfloored,0,36,120.0,0.3,35,12,6,12,False,2520.0,3600.0
20250808_186,ORX,60,3,wash,treatment,combined,chorus_gain_norm,own_floor,12,25,83.33333333333334,0.3,35,12,6,12,False,2520.0,3600.0
20250808_186,ORX,60,3,wash,treatment,combined,chorus_gain_norm,baseline_floor,6,33,110.0,0.3,35,12,6,12,False,2520.0,3600.0
20250808_186,ORX,60,4,high K+,treatment,fast,coact,tuned,3,15,72.16252916279907,0.20786411138888877,35,14,3,14,True,3600.0,4348.310801
20250808_186,ORX,60,4,high K+,treatment,fast,coact,own_floor,14,2,9.621670555039875,0.20786411138888877,35,14,3,14,True,3600.0,4348.310801
20250808_186,ORX,60,4,high K+,treatment,fast,coact,baseline_floor,3,15,72.16252916279907,0.20786411138888877,35,14,3,14,True,3600.0,4348.310801
20250808_186,ORX,60,4,high K+,treatment,fast,chorus_norm,unfloored,0,11,52.91918805271931,0.20786411138888877,35,14,3,14,True,3600.0,4348.310801
20250808_186,ORX,60,4,high K+,treatment,fast,chorus_norm,own_floor,14,0,0.0,0.20786411138888877,35,14,3,14,True,3600.0,4348.310801
20250808_186,ORX,60,4,high K+,treatment,fast,chorus_norm,baseline_floor,3,11,52.91918805271931,0.20786411138888877,35,14,3,14,True,3600.0,4348.310801
20250808_186,ORX,60,4,high K+,treatment,fast,chorus_gain_norm,unfloored,0,8,38.4866822201595,0.20786411138888877,35,14,3,14,True,3600.0,4348.310801
20250808_186,ORX,60,4,high K+,treatment,fast,chorus_gain_norm,own_floor,14,0,0.0,0.20786411138888877,35,14,3,14,True,3600.0,4348.310801
20250808_186,ORX,60,4,high K+,treatment,fast,chorus_gain_norm,baseline_floor,3,8,38.4866822201595,0.20786411138888877,35,14,3,14,True,3600.0,4348.310801
20250808_186,ORX,60,4,high K+,treatment,slow,coact,tuned,6,24,115.46004666047851,0.20786411138888877,35,11,5,11,True,3600.0,4348.310801
20250808_186,ORX,60,4,high K+,treatment,slow,coact,own_floor,11,17,81.78419971783894,0.20786411138888877,35,11,5,11,True,3600.0,4348.310801
20250808_186,ORX,60,4,high K+,treatment,slow,coact,baseline_floor,5,24,115.46004666047851,0.20786411138888877,35,11,5,11,True,3600.0,4348.310801
20250808_186,ORX,60,4,high K+,treatment,slow,chorus_norm,unfloored,0,9,43.29751749767944,0.20786411138888877,35,11,5,11,True,3600.0,4348.310801
20250808_186,ORX,60,4,high K+,treatment,slow,chorus_norm,own_floor,11,8,38.4866822201595,0.20786411138888877,35,11,5,11,True,3600.0,4348.310801
20250808_186,ORX,60,4,high K+,treatment,slow,chorus_norm,baseline_floor,5,9,43.29751749767944,0.20786411138888877,35,11,5,11,True,3600.0,4348.310801
20250808_186,ORX,60,4,high K+,treatment,slow,chorus_gain_norm,unfloored,0,10,48.10835277519938,0.20786411138888877,35,11,5,11,True,3600.0,4348.310801
20250808_186,ORX,60,4,high K+,treatment,slow,chorus_gain_norm,own_floor,11,6,28.865011665119628,0.20786411138888877,35,11,5,11,True,3600.0,4348.310801
20250808_186,ORX,60,4,high K+,treatment,slow,chorus_gain_norm,baseline_floor,5,9,43.29751749767944,0.20786411138888877,35,11,5,11,True,3600.0,4348.310801
20250808_186,ORX,60,4,high K+,treatment,combined,coact,tuned,4,24,115.46004666047851,0.20786411138888877,35,17,6,17,True,3600.0,4348.310801
20250808_186,ORX,60,4,high K+,treatment,combined,coact,own_floor,17,15,72.16252916279907,0.20786411138888877,35,17,6,17,True,3600.0,4348.310801
20250808_186,ORX,60,4,high K+,treatment,combined,coact,baseline_floor,6,24,115.46004666047851,0.20786411138888877,35,17,6,17,True,3600.0,4348.310801
20250808_186,ORX,60,4,high K+,treatment,combined,chorus_norm,unfloored,0,22,105.83837610543863,0.20786411138888877,35,17,6,17,True,3600.0,4348.310801
20250808_186,ORX,60,4,high K+,treatment,combined,chorus_norm,own_floor,17,11,52.91918805271931,0.20786411138888877,35,17,6,17,True,3600.0,4348.310801
20250808_186,ORX,60,4,high K+,treatment,combined,chorus_norm,baseline_floor,6,22,105.83837610543863,0.20786411138888877,35,17,6,17,True,3600.0,4348.310801
20250808_186,ORX,60,4,high K+,treatment,combined,chorus_gain_norm,unfloored,0,27,129.89255249303832,0.20786411138888877,35,17,6,17,True,3600.0,4348.310801
20250808_186,ORX,60,4,high K+,treatment,combined,chorus_gain_norm,own_floor,17,9,43.29751749767944,0.20786411138888877,35,17,6,17,True,3600.0,4348.310801
20250808_186,ORX,60,4,high K+,treatment,combined,chorus_gain_norm,baseline_floor,6,23,110.64921138295857,0.20786411138888877,35,17,6,17,True,3600.0,4348.310801
20250826_190,MALE,61,1,baseline,baseline,fast,coact,tuned,3,2,7.0588235294117645,0.2833333333333333,15,3,3,3,True,0.0,1020.0
20250826_190,MALE,61,1,baseline,baseline,fast,coact,own_floor,3,2,7.0588235294117645,0.2833333333333333,15,3,3,3,True,0.0,1020.0
20250826_190,MALE,61,1,baseline,baseline,fast,coact,baseline_floor,3,2,7.0588235294117645,0.2833333333333333,15,3,3,3,True,0.0,1020.0
20250826_190,MALE,61,1,baseline,baseline,fast,chorus_norm,unfloored,0,3,10.588235294117647,0.2833333333333333,15,3,3,3,True,0.0,1020.0
20250826_190,MALE,61,1,baseline,baseline,fast,chorus_norm,own_floor,3,2,7.0588235294117645,0.2833333333333333,15,3,3,3,True,0.0,1020.0
20250826_190,MALE,61,1,baseline,baseline,fast,chorus_norm,baseline_floor,3,2,7.0588235294117645,0.2833333333333333,15,3,3,3,True,0.0,1020.0
20250826_190,MALE,61,1,baseline,baseline,fast,chorus_gain_norm,unfloored,0,1,3.5294117647058822,0.2833333333333333,15,3,3,3,True,0.0,1020.0
20250826_190,MALE,61,1,baseline,baseline,fast,chorus_gain_norm,own_floor,3,1,3.5294117647058822,0.2833333333333333,15,3,3,3,True,0.0,1020.0
20250826_190,MALE,61,1,baseline,baseline,fast,chorus_gain_norm,baseline_floor,3,1,3.5294117647058822,0.2833333333333333,15,3,3,3,True,0.0,1020.0
20250826_190,MALE,61,1,baseline,baseline,slow,coact,tuned,6,0,0.0,0.2833333333333333,15,3,3,3,True,0.0,1020.0
20250826_190,MALE,61,1,baseline,baseline,slow,coact,own_floor,3,2,7.0588235294117645,0.2833333333333333,15,3,3,3,True,0.0,1020.0
20250826_190,MALE,61,1,baseline,baseline,slow,coact,baseline_floor,3,2,7.0588235294117645,0.2833333333333333,15,3,3,3,True,0.0,1020.0
20250826_190,MALE,61,1,baseline,baseline,slow,chorus_norm,unfloored,0,2,7.0588235294117645,0.2833333333333333,15,3,3,3,True,0.0,1020.0
20250826_190,MALE,61,1,baseline,baseline,slow,chorus_norm,own_floor,3,2,7.0588235294117645,0.2833333333333333,15,3,3,3,True,0.0,1020.0
20250826_190,MALE,61,1,baseline,baseline,slow,chorus_norm,baseline_floor,3,2,7.0588235294117645,0.2833333333333333,15,3,3,3,True,0.0,1020.0
20250826_190,MALE,61,1,baseline,baseline,slow,chorus_gain_norm,unfloored,0,1,3.5294117647058822,0.2833333333333333,15,3,3,3,True,0.0,1020.0
20250826_190,MALE,61,1,baseline,baseline,slow,chorus_gain_norm,own_floor,3,1,3.5294117647058822,0.2833333333333333,15,3,3,3,True,0.0,1020.0
20250826_190,MALE,61,1,baseline,baseline,slow,chorus_gain_norm,baseline_floor,3,1,3.5294117647058822,0.2833333333333333,15,3,3,3,True,0.0,1020.0
20250826_190,MALE,61,1,baseline,baseline,combined,coact,tuned,4,3,10.588235294117647,0.2833333333333333,15,3,3,3,True,0.0,1020.0
20250826_190,MALE,61,1,baseline,baseline,combined,coact,own_floor,3,3,10.588235294117647,0.2833333333333333,15,3,3,3,True,0.0,1020.0
20250826_190,MALE,61,1,baseline,baseline,combined,coact,baseline_floor,3,3,10.588235294117647,0.2833333333333333,15,3,3,3,True,0.0,1020.0
20250826_190,MALE,61,1,baseline,baseline,combined,chorus_norm,unfloored,0,3,10.588235294117647,0.2833333333333333,15,3,3,3,True,0.0,1020.0
20250826_190,MALE,61,1,baseline,baseline,combined,chorus_norm,own_floor,3,2,7.0588235294117645,0.2833333333333333,15,3,3,3,True,0.0,1020.0
20250826_190,MALE,61,1,baseline,baseline,combined,chorus_norm,baseline_floor,3,2,7.0588235294117645,0.2833333333333333,15,3,3,3,True,0.0,1020.0
20250826_190,MALE,61,1,baseline,baseline,combined,chorus_gain_norm,unfloored,0,3,10.588235294117647,0.2833333333333333,15,3,3,3,True,0.0,1020.0
20250826_190,MALE,61,1,baseline,baseline,combined,chorus_gain_norm,own_floor,3,3,10.588235294117647,0.2833333333333333,15,3,3,3,True,0.0,1020.0
20250826_190,MALE,61,1,baseline,baseline,combined,chorus_gain_norm,baseline_floor,3,3,10.588235294117647,0.2833333333333333,15,3,3,3,True,0.0,1020.0
20250826_190,MALE,61,2,TTX,treatment,fast,coact,tuned,3,0,0.0,0.26666666666666666,15,3,3,1,True,1140.0,2100.0
20250826_190,MALE,61,2,TTX,treatment,fast,coact,own_floor,3,0,0.0,0.26666666666666666,15,3,3,1,True,1140.0,2100.0
20250826_190,MALE,61,2,TTX,treatment,fast,coact,baseline_floor,3,0,0.0,0.26666666666666666,15,3,3,1,True,1140.0,2100.0
20250826_190,MALE,61,2,TTX,treatment,fast,chorus_norm,unfloored,0,0,0.0,0.26666666666666666,15,3,3,1,True,1140.0,2100.0
20250826_190,MALE,61,2,TTX,treatment,fast,chorus_norm,own_floor,3,0,0.0,0.26666666666666666,15,3,3,1,True,1140.0,2100.0
20250826_190,MALE,61,2,TTX,treatment,fast,chorus_norm,baseline_floor,3,0,0.0,0.26666666666666666,15,3,3,1,True,1140.0,2100.0
20250826_190,MALE,61,2,TTX,treatment,fast,chorus_gain_norm,unfloored,0,0,0.0,0.26666666666666666,15,3,3,1,True,1140.0,2100.0
20250826_190,MALE,61,2,TTX,treatment,fast,chorus_gain_norm,own_floor,3,0,0.0,0.26666666666666666,15,3,3,1,True,1140.0,2100.0
20250826_190,MALE,61,2,TTX,treatment,fast,chorus_gain_norm,baseline_floor,3,0,0.0,0.26666666666666666,15,3,3,1,True,1140.0,2100.0
20250826_190,MALE,61,2,TTX,treatment,slow,coact,tuned,6,0,0.0,0.26666666666666666,15,3,3,1,True,1140.0,2100.0
20250826_190,MALE,61,2,TTX,treatment,slow,coact,own_floor,3,0,0.0,0.26666666666666666,15,3,3,1,True,1140.0,2100.0
20250826_190,MALE,61,2,TTX,treatment,slow,coact,baseline_floor,3,0,0.0,0.26666666666666666,15,3,3,1,True,1140.0,2100.0
20250826_190,MALE,61,2,TTX,treatment,slow,chorus_norm,unfloored,0,0,0.0,0.26666666666666666,15,3,3,1,True,1140.0,2100.0
20250826_190,MALE,61,2,TTX,treatment,slow,chorus_norm,own_floor,3,0,0.0,0.26666666666666666,15,3,3,1,True,1140.0,2100.0
20250826_190,MALE,61,2,TTX,treatment,slow,chorus_norm,baseline_floor,3,0,0.0,0.26666666666666666,15,3,3,1,True,1140.0,2100.0
20250826_190,MALE,61,2,TTX,treatment,slow,chorus_gain_norm,unfloored,0,0,0.0,0.26666666666666666,15,3,3,1,True,1140.0,2100.0
20250826_190,MALE,61,2,TTX,treatment,slow,chorus_gain_norm,own_floor,3,0,0.0,0.26666666666666666,15,3,3,1,True,1140.0,2100.0
20250826_190,MALE,61,2,TTX,treatment,slow,chorus_gain_norm,baseline_floor,3,0,0.0,0.26666666666666666,15,3,3,1,True,1140.0,2100.0
20250826_190,MALE,61,2,TTX,treatment,combined,coact,tuned,4,0,0.0,0.26666666666666666,15,3,3,1,True,1140.0,2100.0
20250826_190,MALE,61,2,TTX,treatment,combined,coact,own_floor,3,0,0.0,0.26666666666666666,15,3,3,1,True,1140.0,2100.0
20250826_190,MALE,61,2,TTX,treatment,combined,coact,baseline_floor,3,0,0.0,0.26666666666666666,15,3,3,1,True,1140.0,2100.0
20250826_190,MALE,61,2,TTX,treatment,combined,chorus_norm,unfloored,0,0,0.0,0.26666666666666666,15,3,3,1,True,1140.0,2100.0
20250826_190,MALE,61,2,TTX,treatment,combined,chorus_norm,own_floor,3,0,0.0,0.26666666666666666,15,3,3,1,True,1140.0,2100.0
20250826_190,MALE,61,2,TTX,treatment,combined,chorus_norm,baseline_floor,3,0,0.0,0.26666666666666666,15,3,3,1,True,1140.0,2100.0
20250826_190,MALE,61,2,TTX,treatment,combined,chorus_gain_norm,unfloored,0,0,0.0,0.26666666666666666,15,3,3,1,True,1140.0,2100.0
20250826_190,MALE,61,2,TTX,treatment,combined,chorus_gain_norm,own_floor,3,0,0.0,0.26666666666666666,15,3,3,1,True,1140.0,2100.0
20250826_190,MALE,61,2,TTX,treatment,combined,chorus_gain_norm,baseline_floor,3,0,0.0,0.26666666666666666,15,3,3,1,True,1140.0,2100.0
20250826_190,MALE,61,3,high K+,treatment,fast,coact,tuned,3,0,0.0,0.1368918891666667,15,3,3,2,True,2100.0,2592.810801
20250826_190,MALE,61,3,high K+,treatment,fast,coact,own_floor,3,0,0.0,0.1368918891666667,15,3,3,2,True,2100.0,2592.810801
20250826_190,MALE,61,3,high K+,treatment,fast,coact,baseline_floor,3,0,0.0,0.1368918891666667,15,3,3,2,True,2100.0,2592.810801
20250826_190,MALE,61,3,high K+,treatment,fast,chorus_norm,unfloored,0,0,0.0,0.1368918891666667,15,3,3,2,True,2100.0,2592.810801
20250826_190,MALE,61,3,high K+,treatment,fast,chorus_norm,own_floor,3,0,0.0,0.1368918891666667,15,3,3,2,True,2100.0,2592.810801
20250826_190,MALE,61,3,high K+,treatment,fast,chorus_norm,baseline_floor,3,0,0.0,0.1368918891666667,15,3,3,2,True,2100.0,2592.810801
20250826_190,MALE,61,3,high K+,treatment,fast,chorus_gain_norm,unfloored,0,0,0.0,0.1368918891666667,15,3,3,2,True,2100.0,2592.810801
20250826_190,MALE,61,3,high K+,treatment,fast,chorus_gain_norm,own_floor,3,0,0.0,0.1368918891666667,15,3,3,2,True,2100.0,2592.810801
20250826_190,MALE,61,3,high K+,treatment,fast,chorus_gain_norm,baseline_floor,3,0,0.0,0.1368918891666667,15,3,3,2,True,2100.0,2592.810801
20250826_190,MALE,61,3,high K+,treatment,slow,coact,tuned,6,0,0.0,0.1368918891666667,15,3,3,2,True,2100.0,2592.810801
20250826_190,MALE,61,3,high K+,treatment,slow,coact,own_floor,3,0,0.0,0.1368918891666667,15,3,3,2,True,2100.0,2592.810801
20250826_190,MALE,61,3,high K+,treatment,slow,coact,baseline_floor,3,0,0.0,0.1368918891666667,15,3,3,2,True,2100.0,2592.810801
20250826_190,MALE,61,3,high K+,treatment,slow,chorus_norm,unfloored,0,0,0.0,0.1368918891666667,15,3,3,2,True,2100.0,2592.810801
20250826_190,MALE,61,3,high K+,treatment,slow,chorus_norm,own_floor,3,0,0.0,0.1368918891666667,15,3,3,2,True,2100.0,2592.810801
20250826_190,MALE,61,3,high K+,treatment,slow,chorus_norm,baseline_floor,3,0,0.0,0.1368918891666667,15,3,3,2,True,2100.0,2592.810801
20250826_190,MALE,61,3,high K+,treatment,slow,chorus_gain_norm,unfloored,0,0,0.0,0.1368918891666667,15,3,3,2,True,2100.0,2592.810801
20250826_190,MALE,61,3,high K+,treatment,slow,chorus_gain_norm,own_floor,3,0,0.0,0.1368918891666667,15,3,3,2,True,2100.0,2592.810801
20250826_190,MALE,61,3,high K+,treatment,slow,chorus_gain_norm,baseline_floor,3,0,0.0,0.1368918891666667,15,3,3,2,True,2100.0,2592.810801
20250826_190,MALE,61,3,high K+,treatment,combined,coact,tuned,4,0,0.0,0.1368918891666667,15,3,3,2,True,2100.0,2592.810801
20250826_190,MALE,61,3,high K+,treatment,combined,coact,own_floor,3,0,0.0,0.1368918891666667,15,3,3,2,True,2100.0,2592.810801
20250826_190,MALE,61,3,high K+,treatment,combined,coact,baseline_floor,3,0,0.0,0.1368918891666667,15,3,3,2,True,2100.0,2592.810801
20250826_190,MALE,61,3,high K+,treatment,combined,chorus_norm,unfloored,0,0,0.0,0.1368918891666667,15,3,3,2,True,2100.0,2592.810801
20250826_190,MALE,61,3,high K+,treatment,combined,chorus_norm,own_floor,3,0,0.0,0.1368918891666667,15,3,3,2,True,2100.0,2592.810801
20250826_190,MALE,61,3,high K+,treatment,combined,chorus_norm,baseline_floor,3,0,0.0,0.1368918891666667,15,3,3,2,True,2100.0,2592.810801
20250826_190,MALE,61,3,high K+,treatment,combined,chorus_gain_norm,unfloored,0,0,0.0,0.1368918891666667,15,3,3,2,True,2100.0,2592.810801
20250826_190,MALE,61,3,high K+,treatment,combined,chorus_gain_norm,own_floor,3,0,0.0,0.1368918891666667,15,3,3,2,True,2100.0,2592.810801
20250826_190,MALE,61,3,high K+,treatment,combined,chorus_gain_norm,baseline_floor,3,0,0.0,0.1368918891666667,15,3,3,2,True,2100.0,2592.810801
20250826_192,MALE,61,1,baseline,baseline,fast,coact,tuned,3,6,18.947368421052634,0.31666666666666665,30,6,6,6,True,0.0,1140.0
20250826_192,MALE,61,1,baseline,baseline,fast,coact,own_floor,6,3,9.473684210526317,0.31666666666666665,30,6,6,6,True,0.0,1140.0
20250826_192,MALE,61,1,baseline,baseline,fast,coact,baseline_floor,6,3,9.473684210526317,0.31666666666666665,30,6,6,6,True,0.0,1140.0
20250826_192,MALE,61,1,baseline,baseline,fast,chorus_norm,unfloored,0,7,22.105263157894736,0.31666666666666665,30,6,6,6,True,0.0,1140.0
20250826_192,MALE,61,1,baseline,baseline,fast,chorus_norm,own_floor,6,3,9.473684210526317,0.31666666666666665,30,6,6,6,True,0.0,1140.0
20250826_192,MALE,61,1,baseline,baseline,fast,chorus_norm,baseline_floor,6,3,9.473684210526317,0.31666666666666665,30,6,6,6,True,0.0,1140.0
20250826_192,MALE,61,1,baseline,baseline,fast,chorus_gain_norm,unfloored,0,6,18.947368421052634,0.31666666666666665,30,6,6,6,True,0.0,1140.0
20250826_192,MALE,61,1,baseline,baseline,fast,chorus_gain_norm,own_floor,6,3,9.473684210526317,0.31666666666666665,30,6,6,6,True,0.0,1140.0
20250826_192,MALE,61,1,baseline,baseline,fast,chorus_gain_norm,baseline_floor,6,3,9.473684210526317,0.31666666666666665,30,6,6,6,True,0.0,1140.0
20250826_192,MALE,61,1,baseline,baseline,slow,coact,tuned,6,7,22.105263157894736,0.31666666666666665,30,8,8,8,True,0.0,1140.0
20250826_192,MALE,61,1,baseline,baseline,slow,coact,own_floor,8,5,15.789473684210527,0.31666666666666665,30,8,8,8,True,0.0,1140.0
20250826_192,MALE,61,1,baseline,baseline,slow,coact,baseline_floor,8,5,15.789473684210527,0.31666666666666665,30,8,8,8,True,0.0,1140.0
20250826_192,MALE,61,1,baseline,baseline,slow,chorus_norm,unfloored,0,8,25.263157894736842,0.31666666666666665,30,8,8,8,True,0.0,1140.0
20250826_192,MALE,61,1,baseline,baseline,slow,chorus_norm,own_floor,8,5,15.789473684210527,0.31666666666666665,30,8,8,8,True,0.0,1140.0
20250826_192,MALE,61,1,baseline,baseline,slow,chorus_norm,baseline_floor,8,5,15.789473684210527,0.31666666666666665,30,8,8,8,True,0.0,1140.0
20250826_192,MALE,61,1,baseline,baseline,slow,chorus_gain_norm,unfloored,0,7,22.105263157894736,0.31666666666666665,30,8,8,8,True,0.0,1140.0
20250826_192,MALE,61,1,baseline,baseline,slow,chorus_gain_norm,own_floor,8,5,15.789473684210527,0.31666666666666665,30,8,8,8,True,0.0,1140.0
20250826_192,MALE,61,1,baseline,baseline,slow,chorus_gain_norm,baseline_floor,8,5,15.789473684210527,0.31666666666666665,30,8,8,8,True,0.0,1140.0
20250826_192,MALE,61,1,baseline,baseline,combined,coact,tuned,4,8,25.263157894736842,0.31666666666666665,30,9,9,9,True,0.0,1140.0
20250826_192,MALE,61,1,baseline,baseline,combined,coact,own_floor,9,6,18.947368421052634,0.31666666666666665,30,9,9,9,True,0.0,1140.0
20250826_192,MALE,61,1,baseline,baseline,combined,coact,baseline_floor,9,6,18.947368421052634,0.31666666666666665,30,9,9,9,True,0.0,1140.0
20250826_192,MALE,61,1,baseline,baseline,combined,chorus_norm,unfloored,0,10,31.578947368421055,0.31666666666666665,30,9,9,9,True,0.0,1140.0
20250826_192,MALE,61,1,baseline,baseline,combined,chorus_norm,own_floor,9,9,28.42105263157895,0.31666666666666665,30,9,9,9,True,0.0,1140.0
20250826_192,MALE,61,1,baseline,baseline,combined,chorus_norm,baseline_floor,9,9,28.42105263157895,0.31666666666666665,30,9,9,9,True,0.0,1140.0
20250826_192,MALE,61,1,baseline,baseline,combined,chorus_gain_norm,unfloored,0,8,25.263157894736842,0.31666666666666665,30,9,9,9,True,0.0,1140.0
20250826_192,MALE,61,1,baseline,baseline,combined,chorus_gain_norm,own_floor,9,7,22.105263157894736,0.31666666666666665,30,9,9,9,True,0.0,1140.0
20250826_192,MALE,61,1,baseline,baseline,combined,chorus_gain_norm,baseline_floor,9,7,22.105263157894736,0.31666666666666665,30,9,9,9,True,0.0,1140.0
20250826_192,MALE,61,2,senktide,treatment,fast,coact,tuned,3,6,18.0,0.3333333333333333,30,6,6,6,False,1260.0,2460.0
20250826_192,MALE,61,2,senktide,treatment,fast,coact,own_floor,6,4,12.0,0.3333333333333333,30,6,6,6,False,1260.0,2460.0
20250826_192,MALE,61,2,senktide,treatment,fast,coact,baseline_floor,6,4,12.0,0.3333333333333333,30,6,6,6,False,1260.0,2460.0
20250826_192,MALE,61,2,senktide,treatment,fast,chorus_norm,unfloored,0,6,18.0,0.3333333333333333,30,6,6,6,False,1260.0,2460.0
20250826_192,MALE,61,2,senktide,treatment,fast,chorus_norm,own_floor,6,1,3.0,0.3333333333333333,30,6,6,6,False,1260.0,2460.0
20250826_192,MALE,61,2,senktide,treatment,fast,chorus_norm,baseline_floor,6,1,3.0,0.3333333333333333,30,6,6,6,False,1260.0,2460.0
20250826_192,MALE,61,2,senktide,treatment,fast,chorus_gain_norm,unfloored,0,6,18.0,0.3333333333333333,30,6,6,6,False,1260.0,2460.0
20250826_192,MALE,61,2,senktide,treatment,fast,chorus_gain_norm,own_floor,6,1,3.0,0.3333333333333333,30,6,6,6,False,1260.0,2460.0
20250826_192,MALE,61,2,senktide,treatment,fast,chorus_gain_norm,baseline_floor,6,1,3.0,0.3333333333333333,30,6,6,6,False,1260.0,2460.0
20250826_192,MALE,61,2,senktide,treatment,slow,coact,tuned,6,12,36.0,0.3333333333333333,30,9,8,9,True,1260.0,2460.0
20250826_192,MALE,61,2,senktide,treatment,slow,coact,own_floor,9,10,30.0,0.3333333333333333,30,9,8,9,True,1260.0,2460.0
20250826_192,MALE,61,2,senktide,treatment,slow,coact,baseline_floor,8,11,33.0,0.3333333333333333,30,9,8,9,True,1260.0,2460.0
20250826_192,MALE,61,2,senktide,treatment,slow,chorus_norm,unfloored,0,12,36.0,0.3333333333333333,30,9,8,9,True,1260.0,2460.0
20250826_192,MALE,61,2,senktide,treatment,slow,chorus_norm,own_floor,9,6,18.0,0.3333333333333333,30,9,8,9,True,1260.0,2460.0
20250826_192,MALE,61,2,senktide,treatment,slow,chorus_norm,baseline_floor,8,7,21.0,0.3333333333333333,30,9,8,9,True,1260.0,2460.0
20250826_192,MALE,61,2,senktide,treatment,slow,chorus_gain_norm,unfloored,0,9,27.0,0.3333333333333333,30,9,8,9,True,1260.0,2460.0
20250826_192,MALE,61,2,senktide,treatment,slow,chorus_gain_norm,own_floor,9,4,12.0,0.3333333333333333,30,9,8,9,True,1260.0,2460.0
20250826_192,MALE,61,2,senktide,treatment,slow,chorus_gain_norm,baseline_floor,8,4,12.0,0.3333333333333333,30,9,8,9,True,1260.0,2460.0
20250826_192,MALE,61,2,senktide,treatment,combined,coact,tuned,4,16,48.0,0.3333333333333333,30,10,9,10,True,1260.0,2460.0
20250826_192,MALE,61,2,senktide,treatment,combined,coact,own_floor,10,8,24.0,0.3333333333333333,30,10,9,10,True,1260.0,2460.0
20250826_192,MALE,61,2,senktide,treatment,combined,coact,baseline_floor,9,10,30.0,0.3333333333333333,30,10,9,10,True,1260.0,2460.0
20250826_192,MALE,61,2,senktide,treatment,combined,chorus_norm,unfloored,0,21,63.0,0.3333333333333333,30,10,9,10,True,1260.0,2460.0
20250826_192,MALE,61,2,senktide,treatment,combined,chorus_norm,own_floor,10,6,18.0,0.3333333333333333,30,10,9,10,True,1260.0,2460.0
20250826_192,MALE,61,2,senktide,treatment,combined,chorus_norm,baseline_floor,9,8,24.0,0.3333333333333333,30,10,9,10,True,1260.0,2460.0
20250826_192,MALE,61,2,senktide,treatment,combined,chorus_gain_norm,unfloored,0,15,45.0,0.3333333333333333,30,10,9,10,True,1260.0,2460.0
20250826_192,MALE,61,2,senktide,treatment,combined,chorus_gain_norm,own_floor,10,7,21.0,0.3333333333333333,30,10,9,10,True,1260.0,2460.0
20250826_192,MALE,61,2,senktide,treatment,combined,chorus_gain_norm,baseline_floor,9,8,24.0,0.3333333333333333,30,10,9,10,True,1260.0,2460.0
20250826_192,MALE,61,3,high K+,treatment,fast,coact,tuned,3,1,11.661399563405617,0.08575300027777782,30,5,6,5,True,2700.0,3008.710801
20250826_192,MALE,61,3,high K+,treatment,fast,coact,own_floor,5,0,0.0,0.08575300027777782,30,5,6,5,True,2700.0,3008.710801
20250826_192,MALE,61,3,high K+,treatment,fast,coact,baseline_floor,6,0,0.0,0.08575300027777782,30,5,6,5,True,2700.0,3008.710801
20250826_192,MALE,61,3,high K+,treatment,fast,chorus_norm,unfloored,0,0,0.0,0.08575300027777782,30,5,6,5,True,2700.0,3008.710801
20250826_192,MALE,61,3,high K+,treatment,fast,chorus_norm,own_floor,5,0,0.0,0.08575300027777782,30,5,6,5,True,2700.0,3008.710801
20250826_192,MALE,61,3,high K+,treatment,fast,chorus_norm,baseline_floor,6,0,0.0,0.08575300027777782,30,5,6,5,True,2700.0,3008.710801
20250826_192,MALE,61,3,high K+,treatment,fast,chorus_gain_norm,unfloored,0,0,0.0,0.08575300027777782,30,5,6,5,True,2700.0,3008.710801
20250826_192,MALE,61,3,high K+,treatment,fast,chorus_gain_norm,own_floor,5,0,0.0,0.08575300027777782,30,5,6,5,True,2700.0,3008.710801
20250826_192,MALE,61,3,high K+,treatment,fast,chorus_gain_norm,baseline_floor,6,0,0.0,0.08575300027777782,30,5,6,5,True,2700.0,3008.710801
20250826_192,MALE,61,3,high K+,treatment,slow,coact,tuned,6,0,0.0,0.08575300027777782,30,6,8,6,True,2700.0,3008.710801
20250826_192,MALE,61,3,high K+,treatment,slow,coact,own_floor,6,0,0.0,0.08575300027777782,30,6,8,6,True,2700.0,3008.710801
20250826_192,MALE,61,3,high K+,treatment,slow,coact,baseline_floor,8,0,0.0,0.08575300027777782,30,6,8,6,True,2700.0,3008.710801
20250826_192,MALE,61,3,high K+,treatment,slow,chorus_norm,unfloored,0,0,0.0,0.08575300027777782,30,6,8,6,True,2700.0,3008.710801
20250826_192,MALE,61,3,high K+,treatment,slow,chorus_norm,own_floor,6,0,0.0,0.08575300027777782,30,6,8,6,True,2700.0,3008.710801
20250826_192,MALE,61,3,high K+,treatment,slow,chorus_norm,baseline_floor,8,0,0.0,0.08575300027777782,30,6,8,6,True,2700.0,3008.710801
20250826_192,MALE,61,3,high K+,treatment,slow,chorus_gain_norm,unfloored,0,0,0.0,0.08575300027777782,30,6,8,6,True,2700.0,3008.710801
20250826_192,MALE,61,3,high K+,treatment,slow,chorus_gain_norm,own_floor,6,0,0.0,0.08575300027777782,30,6,8,6,True,2700.0,3008.710801
20250826_192,MALE,61,3,high K+,treatment,slow,chorus_gain_norm,baseline_floor,8,0,0.0,0.08575300027777782,30,6,8,6,True,2700.0,3008.710801
20250826_192,MALE,61,3,high K+,treatment,combined,coact,tuned,4,3,34.98419869021685,0.08575300027777782,30,7,9,7,True,2700.0,3008.710801
20250826_192,MALE,61,3,high K+,treatment,combined,coact,own_floor,7,0,0.0,0.08575300027777782,30,7,9,7,True,2700.0,3008.710801
20250826_192,MALE,61,3,high K+,treatment,combined,coact,baseline_floor,9,0,0.0,0.08575300027777782,30,7,9,7,True,2700.0,3008.710801
20250826_192,MALE,61,3,high K+,treatment,combined,chorus_norm,unfloored,0,1,11.661399563405617,0.08575300027777782,30,7,9,7,True,2700.0,3008.710801
20250826_192,MALE,61,3,high K+,treatment,combined,chorus_norm,own_floor,7,0,0.0,0.08575300027777782,30,7,9,7,True,2700.0,3008.710801
20250826_192,MALE,61,3,high K+,treatment,combined,chorus_norm,baseline_floor,9,0,0.0,0.08575300027777782,30,7,9,7,True,2700.0,3008.710801
20250826_192,MALE,61,3,high K+,treatment,combined,chorus_gain_norm,unfloored,0,0,0.0,0.08575300027777782,30,7,9,7,True,2700.0,3008.710801
20250826_192,MALE,61,3,high K+,treatment,combined,chorus_gain_norm,own_floor,7,0,0.0,0.08575300027777782,30,7,9,7,True,2700.0,3008.710801
20250826_192,MALE,61,3,high K+,treatment,combined,chorus_gain_norm,baseline_floor,9,0,0.0,0.08575300027777782,30,7,9,7,True,2700.0,3008.710801
20250827_196,MALE,62,1,baseline,baseline,fast,coact,tuned,3,7,21.0,0.3333333333333333,27,5,5,5,True,0.0,1200.0
20250827_196,MALE,62,1,baseline,baseline,fast,coact,own_floor,5,3,9.0,0.3333333333333333,27,5,5,5,True,0.0,1200.0
20250827_196,MALE,62,1,baseline,baseline,fast,coact,baseline_floor,5,3,9.0,0.3333333333333333,27,5,5,5,True,0.0,1200.0
20250827_196,MALE,62,1,baseline,baseline,fast,chorus_norm,unfloored,0,11,33.0,0.3333333333333333,27,5,5,5,True,0.0,1200.0
20250827_196,MALE,62,1,baseline,baseline,fast,chorus_norm,own_floor,5,3,9.0,0.3333333333333333,27,5,5,5,True,0.0,1200.0
20250827_196,MALE,62,1,baseline,baseline,fast,chorus_norm,baseline_floor,5,3,9.0,0.3333333333333333,27,5,5,5,True,0.0,1200.0
20250827_196,MALE,62,1,baseline,baseline,fast,chorus_gain_norm,unfloored,0,9,27.0,0.3333333333333333,27,5,5,5,True,0.0,1200.0
20250827_196,MALE,62,1,baseline,baseline,fast,chorus_gain_norm,own_floor,5,2,6.0,0.3333333333333333,27,5,5,5,True,0.0,1200.0
20250827_196,MALE,62,1,baseline,baseline,fast,chorus_gain_norm,baseline_floor,5,2,6.0,0.3333333333333333,27,5,5,5,True,0.0,1200.0
20250827_196,MALE,62,1,baseline,baseline,slow,coact,tuned,6,15,45.0,0.3333333333333333,27,9,9,9,True,0.0,1200.0
20250827_196,MALE,62,1,baseline,baseline,slow,coact,own_floor,9,10,30.0,0.3333333333333333,27,9,9,9,True,0.0,1200.0
20250827_196,MALE,62,1,baseline,baseline,slow,coact,baseline_floor,9,10,30.0,0.3333333333333333,27,9,9,9,True,0.0,1200.0
20250827_196,MALE,62,1,baseline,baseline,slow,chorus_norm,unfloored,0,13,39.0,0.3333333333333333,27,9,9,9,True,0.0,1200.0
20250827_196,MALE,62,1,baseline,baseline,slow,chorus_norm,own_floor,9,8,24.0,0.3333333333333333,27,9,9,9,True,0.0,1200.0
20250827_196,MALE,62,1,baseline,baseline,slow,chorus_norm,baseline_floor,9,8,24.0,0.3333333333333333,27,9,9,9,True,0.0,1200.0
20250827_196,MALE,62,1,baseline,baseline,slow,chorus_gain_norm,unfloored,0,13,39.0,0.3333333333333333,27,9,9,9,True,0.0,1200.0
20250827_196,MALE,62,1,baseline,baseline,slow,chorus_gain_norm,own_floor,9,8,24.0,0.3333333333333333,27,9,9,9,True,0.0,1200.0
20250827_196,MALE,62,1,baseline,baseline,slow,chorus_gain_norm,baseline_floor,9,8,24.0,0.3333333333333333,27,9,9,9,True,0.0,1200.0
20250827_196,MALE,62,1,baseline,baseline,combined,coact,tuned,4,16,48.0,0.3333333333333333,27,10,10,10,True,0.0,1200.0
20250827_196,MALE,62,1,baseline,baseline,combined,coact,own_floor,10,13,39.0,0.3333333333333333,27,10,10,10,True,0.0,1200.0
20250827_196,MALE,62,1,baseline,baseline,combined,coact,baseline_floor,10,13,39.0,0.3333333333333333,27,10,10,10,True,0.0,1200.0
20250827_196,MALE,62,1,baseline,baseline,combined,chorus_norm,unfloored,0,21,63.0,0.3333333333333333,27,10,10,10,True,0.0,1200.0
20250827_196,MALE,62,1,baseline,baseline,combined,chorus_norm,own_floor,10,13,39.0,0.3333333333333333,27,10,10,10,True,0.0,1200.0
20250827_196,MALE,62,1,baseline,baseline,combined,chorus_norm,baseline_floor,10,13,39.0,0.3333333333333333,27,10,10,10,True,0.0,1200.0
20250827_196,MALE,62,1,baseline,baseline,combined,chorus_gain_norm,unfloored,0,19,57.0,0.3333333333333333,27,10,10,10,True,0.0,1200.0
20250827_196,MALE,62,1,baseline,baseline,combined,chorus_gain_norm,own_floor,10,12,36.0,0.3333333333333333,27,10,10,10,True,0.0,1200.0
20250827_196,MALE,62,1,baseline,baseline,combined,chorus_gain_norm,baseline_floor,10,12,36.0,0.3333333333333333,27,10,10,10,True,0.0,1200.0
20250827_196,MALE,62,2,senktide,treatment,fast,coact,tuned,3,8,24.0,0.3333333333333333,27,5,5,5,True,1320.0,2520.0
20250827_196,MALE,62,2,senktide,treatment,fast,coact,own_floor,5,4,12.0,0.3333333333333333,27,5,5,5,True,1320.0,2520.0
20250827_196,MALE,62,2,senktide,treatment,fast,coact,baseline_floor,5,4,12.0,0.3333333333333333,27,5,5,5,True,1320.0,2520.0
20250827_196,MALE,62,2,senktide,treatment,fast,chorus_norm,unfloored,0,7,21.0,0.3333333333333333,27,5,5,5,True,1320.0,2520.0
20250827_196,MALE,62,2,senktide,treatment,fast,chorus_norm,own_floor,5,3,9.0,0.3333333333333333,27,5,5,5,True,1320.0,2520.0
20250827_196,MALE,62,2,senktide,treatment,fast,chorus_norm,baseline_floor,5,3,9.0,0.3333333333333333,27,5,5,5,True,1320.0,2520.0
20250827_196,MALE,62,2,senktide,treatment,fast,chorus_gain_norm,unfloored,0,5,15.0,0.3333333333333333,27,5,5,5,True,1320.0,2520.0
20250827_196,MALE,62,2,senktide,treatment,fast,chorus_gain_norm,own_floor,5,3,9.0,0.3333333333333333,27,5,5,5,True,1320.0,2520.0
20250827_196,MALE,62,2,senktide,treatment,fast,chorus_gain_norm,baseline_floor,5,3,9.0,0.3333333333333333,27,5,5,5,True,1320.0,2520.0
20250827_196,MALE,62,2,senktide,treatment,slow,coact,tuned,6,12,36.0,0.3333333333333333,27,8,9,8,True,1320.0,2520.0
20250827_196,MALE,62,2,senktide,treatment,slow,coact,own_floor,8,10,30.0,0.3333333333333333,27,8,9,8,True,1320.0,2520.0
20250827_196,MALE,62,2,senktide,treatment,slow,coact,baseline_floor,9,9,27.0,0.3333333333333333,27,8,9,8,True,1320.0,2520.0
20250827_196,MALE,62,2,senktide,treatment,slow,chorus_norm,unfloored,0,13,39.0,0.3333333333333333,27,8,9,8,True,1320.0,2520.0
20250827_196,MALE,62,2,senktide,treatment,slow,chorus_norm,own_floor,8,9,27.0,0.3333333333333333,27,8,9,8,True,1320.0,2520.0
20250827_196,MALE,62,2,senktide,treatment,slow,chorus_norm,baseline_floor,9,8,24.0,0.3333333333333333,27,8,9,8,True,1320.0,2520.0
20250827_196,MALE,62,2,senktide,treatment,slow,chorus_gain_norm,unfloored,0,12,36.0,0.3333333333333333,27,8,9,8,True,1320.0,2520.0
20250827_196,MALE,62,2,senktide,treatment,slow,chorus_gain_norm,own_floor,8,9,27.0,0.3333333333333333,27,8,9,8,True,1320.0,2520.0
20250827_196,MALE,62,2,senktide,treatment,slow,chorus_gain_norm,baseline_floor,9,7,21.0,0.3333333333333333,27,8,9,8,True,1320.0,2520.0
20250827_196,MALE,62,2,senktide,treatment,combined,coact,tuned,4,15,45.0,0.3333333333333333,27,8,10,8,False,1320.0,2520.0
20250827_196,MALE,62,2,senktide,treatment,combined,coact,own_floor,8,10,30.0,0.3333333333333333,27,8,10,8,False,1320.0,2520.0
20250827_196,MALE,62,2,senktide,treatment,combined,coact,baseline_floor,10,9,27.0,0.3333333333333333,27,8,10,8,False,1320.0,2520.0
20250827_196,MALE,62,2,senktide,treatment,combined,chorus_norm,unfloored,0,21,63.0,0.3333333333333333,27,8,10,8,False,1320.0,2520.0
20250827_196,MALE,62,2,senktide,treatment,combined,chorus_norm,own_floor,8,10,30.0,0.3333333333333333,27,8,10,8,False,1320.0,2520.0
20250827_196,MALE,62,2,senktide,treatment,combined,chorus_norm,baseline_floor,10,9,27.0,0.3333333333333333,27,8,10,8,False,1320.0,2520.0
20250827_196,MALE,62,2,senktide,treatment,combined,chorus_gain_norm,unfloored,0,16,48.0,0.3333333333333333,27,8,10,8,False,1320.0,2520.0
20250827_196,MALE,62,2,senktide,treatment,combined,chorus_gain_norm,own_floor,8,10,30.0,0.3333333333333333,27,8,10,8,False,1320.0,2520.0
20250827_196,MALE,62,2,senktide,treatment,combined,chorus_gain_norm,baseline_floor,10,8,24.0,0.3333333333333333,27,8,10,8,False,1320.0,2520.0
20250827_199,MALE,62,1,baseline,baseline,fast,coact,tuned,3,31,93.0,0.3333333333333333,48,9,9,9,True,0.0,1200.0
20250827_199,MALE,62,1,baseline,baseline,fast,coact,own_floor,9,18,54.0,0.3333333333333333,48,9,9,9,True,0.0,1200.0
20250827_199,MALE,62,1,baseline,baseline,fast,coact,baseline_floor,9,18,54.0,0.3333333333333333,48,9,9,9,True,0.0,1200.0
20250827_199,MALE,62,1,baseline,baseline,fast,chorus_norm,unfloored,0,40,120.0,0.3333333333333333,48,9,9,9,True,0.0,1200.0
20250827_199,MALE,62,1,baseline,baseline,fast,chorus_norm,own_floor,9,15,45.0,0.3333333333333333,48,9,9,9,True,0.0,1200.0
20250827_199,MALE,62,1,baseline,baseline,fast,chorus_norm,baseline_floor,9,15,45.0,0.3333333333333333,48,9,9,9,True,0.0,1200.0
20250827_199,MALE,62,1,baseline,baseline,fast,chorus_gain_norm,unfloored,0,34,102.0,0.3333333333333333,48,9,9,9,True,0.0,1200.0
20250827_199,MALE,62,1,baseline,baseline,fast,chorus_gain_norm,own_floor,9,8,24.0,0.3333333333333333,48,9,9,9,True,0.0,1200.0
20250827_199,MALE,62,1,baseline,baseline,fast,chorus_gain_norm,baseline_floor,9,8,24.0,0.3333333333333333,48,9,9,9,True,0.0,1200.0
20250827_199,MALE,62,1,baseline,baseline,slow,coact,tuned,6,45,135.0,0.3333333333333333,48,17,17,17,False,0.0,1200.0
20250827_199,MALE,62,1,baseline,baseline,slow,coact,own_floor,17,41,123.0,0.3333333333333333,48,17,17,17,False,0.0,1200.0
20250827_199,MALE,62,1,baseline,baseline,slow,coact,baseline_floor,17,41,123.0,0.3333333333333333,48,17,17,17,False,0.0,1200.0
20250827_199,MALE,62,1,baseline,baseline,slow,chorus_norm,unfloored,0,35,105.0,0.3333333333333333,48,17,17,17,False,0.0,1200.0
20250827_199,MALE,62,1,baseline,baseline,slow,chorus_norm,own_floor,17,27,81.0,0.3333333333333333,48,17,17,17,False,0.0,1200.0
20250827_199,MALE,62,1,baseline,baseline,slow,chorus_norm,baseline_floor,17,27,81.0,0.3333333333333333,48,17,17,17,False,0.0,1200.0
20250827_199,MALE,62,1,baseline,baseline,slow,chorus_gain_norm,unfloored,0,29,87.0,0.3333333333333333,48,17,17,17,False,0.0,1200.0
20250827_199,MALE,62,1,baseline,baseline,slow,chorus_gain_norm,own_floor,17,19,57.0,0.3333333333333333,48,17,17,17,False,0.0,1200.0
20250827_199,MALE,62,1,baseline,baseline,slow,chorus_gain_norm,baseline_floor,17,19,57.0,0.3333333333333333,48,17,17,17,False,0.0,1200.0
20250827_199,MALE,62,1,baseline,baseline,combined,coact,tuned,4,43,129.0,0.3333333333333333,48,18,18,18,True,0.0,1200.0
20250827_199,MALE,62,1,baseline,baseline,combined,coact,own_floor,18,42,126.0,0.3333333333333333,48,18,18,18,True,0.0,1200.0
20250827_199,MALE,62,1,baseline,baseline,combined,coact,baseline_floor,18,42,126.0,0.3333333333333333,48,18,18,18,True,0.0,1200.0
20250827_199,MALE,62,1,baseline,baseline,combined,chorus_norm,unfloored,0,63,189.0,0.3333333333333333,48,18,18,18,True,0.0,1200.0
20250827_199,MALE,62,1,baseline,baseline,combined,chorus_norm,own_floor,18,48,144.0,0.3333333333333333,48,18,18,18,True,0.0,1200.0
20250827_199,MALE,62,1,baseline,baseline,combined,chorus_norm,baseline_floor,18,48,144.0,0.3333333333333333,48,18,18,18,True,0.0,1200.0
20250827_199,MALE,62,1,baseline,baseline,combined,chorus_gain_norm,unfloored,0,53,159.0,0.3333333333333333,48,18,18,18,True,0.0,1200.0
20250827_199,MALE,62,1,baseline,baseline,combined,chorus_gain_norm,own_floor,18,36,108.0,0.3333333333333333,48,18,18,18,True,0.0,1200.0
20250827_199,MALE,62,1,baseline,baseline,combined,chorus_gain_norm,baseline_floor,18,36,108.0,0.3333333333333333,48,18,18,18,True,0.0,1200.0
20250827_199,MALE,62,2,TTX,treatment,fast,coact,tuned,3,5,16.115879606396607,0.3102530002777778,48,4,9,4,True,1320.0,2436.910801
20250827_199,MALE,62,2,TTX,treatment,fast,coact,own_floor,4,4,12.892703685117285,0.3102530002777778,48,4,9,4,True,1320.0,2436.910801
20250827_199,MALE,62,2,TTX,treatment,fast,coact,baseline_floor,9,0,0.0,0.3102530002777778,48,4,9,4,True,1320.0,2436.910801
20250827_199,MALE,62,2,TTX,treatment,fast,chorus_norm,unfloored,0,3,9.669527763837964,0.3102530002777778,48,4,9,4,True,1320.0,2436.910801
20250827_199,MALE,62,2,TTX,treatment,fast,chorus_norm,own_floor,4,1,3.223175921279321,0.3102530002777778,48,4,9,4,True,1320.0,2436.910801
20250827_199,MALE,62,2,TTX,treatment,fast,chorus_norm,baseline_floor,9,0,0.0,0.3102530002777778,48,4,9,4,True,1320.0,2436.910801
20250827_199,MALE,62,2,TTX,treatment,fast,chorus_gain_norm,unfloored,0,4,12.892703685117285,0.3102530002777778,48,4,9,4,True,1320.0,2436.910801
20250827_199,MALE,62,2,TTX,treatment,fast,chorus_gain_norm,own_floor,4,2,6.446351842558642,0.3102530002777778,48,4,9,4,True,1320.0,2436.910801
20250827_199,MALE,62,2,TTX,treatment,fast,chorus_gain_norm,baseline_floor,9,0,0.0,0.3102530002777778,48,4,9,4,True,1320.0,2436.910801
20250827_199,MALE,62,2,TTX,treatment,slow,coact,tuned,6,9,29.00858329151389,0.3102530002777778,48,8,17,8,True,1320.0,2436.910801
20250827_199,MALE,62,2,TTX,treatment,slow,coact,own_floor,8,9,29.00858329151389,0.3102530002777778,48,8,17,8,True,1320.0,2436.910801
20250827_199,MALE,62,2,TTX,treatment,slow,coact,baseline_floor,17,2,6.446351842558642,0.3102530002777778,48,8,17,8,True,1320.0,2436.910801
20250827_199,MALE,62,2,TTX,treatment,slow,chorus_norm,unfloored,0,8,25.78540737023457,0.3102530002777778,48,8,17,8,True,1320.0,2436.910801
20250827_199,MALE,62,2,TTX,treatment,slow,chorus_norm,own_floor,8,8,25.78540737023457,0.3102530002777778,48,8,17,8,True,1320.0,2436.910801
20250827_199,MALE,62,2,TTX,treatment,slow,chorus_norm,baseline_floor,17,2,6.446351842558642,0.3102530002777778,48,8,17,8,True,1320.0,2436.910801
20250827_199,MALE,62,2,TTX,treatment,slow,chorus_gain_norm,unfloored,0,8,25.78540737023457,0.3102530002777778,48,8,17,8,True,1320.0,2436.910801
20250827_199,MALE,62,2,TTX,treatment,slow,chorus_gain_norm,own_floor,8,7,22.56223144895525,0.3102530002777778,48,8,17,8,True,1320.0,2436.910801
20250827_199,MALE,62,2,TTX,treatment,slow,chorus_gain_norm,baseline_floor,17,2,6.446351842558642,0.3102530002777778,48,8,17,8,True,1320.0,2436.910801
20250827_199,MALE,62,2,TTX,treatment,combined,coact,tuned,4,13,41.90128697663118,0.3102530002777778,48,8,18,8,True,1320.0,2436.910801
20250827_199,MALE,62,2,TTX,treatment,combined,coact,own_floor,8,9,29.00858329151389,0.3102530002777778,48,8,18,8,True,1320.0,2436.910801
20250827_199,MALE,62,2,TTX,treatment,combined,coact,baseline_floor,18,2,6.446351842558642,0.3102530002777778,48,8,18,8,True,1320.0,2436.910801
20250827_199,MALE,62,2,TTX,treatment,combined,chorus_norm,unfloored,0,13,41.90128697663118,0.3102530002777778,48,8,18,8,True,1320.0,2436.910801
20250827_199,MALE,62,2,TTX,treatment,combined,chorus_norm,own_floor,8,9,29.00858329151389,0.3102530002777778,48,8,18,8,True,1320.0,2436.910801
20250827_199,MALE,62,2,TTX,treatment,combined,chorus_norm,baseline_floor,18,2,6.446351842558642,0.3102530002777778,48,8,18,8,True,1320.0,2436.910801
20250827_199,MALE,62,2,TTX,treatment,combined,chorus_gain_norm,unfloored,0,12,38.678111055351856,0.3102530002777778,48,8,18,8,True,1320.0,2436.910801
20250827_199,MALE,62,2,TTX,treatment,combined,chorus_gain_norm,own_floor,8,8,25.78540737023457,0.3102530002777778,48,8,18,8,True,1320.0,2436.910801
20250827_199,MALE,62,2,TTX,treatment,combined,chorus_gain_norm,baseline_floor,18,2,6.446351842558642,0.3102530002777778,48,8,18,8,True,1320.0,2436.910801
20250829_204,OVX,63,1,baseline,baseline,fast,coact,tuned,3,23,69.0,0.3333333333333333,32,9,9,9,True,0.0,1200.0
20250829_204,OVX,63,1,baseline,baseline,fast,coact,own_floor,9,11,33.0,0.3333333333333333,32,9,9,9,True,0.0,1200.0
20250829_204,OVX,63,1,baseline,baseline,fast,coact,baseline_floor,9,11,33.0,0.3333333333333333,32,9,9,9,True,0.0,1200.0
20250829_204,OVX,63,1,baseline,baseline,fast,chorus_norm,unfloored,0,32,96.0,0.3333333333333333,32,9,9,9,True,0.0,1200.0
20250829_204,OVX,63,1,baseline,baseline,fast,chorus_norm,own_floor,9,7,21.0,0.3333333333333333,32,9,9,9,True,0.0,1200.0
20250829_204,OVX,63,1,baseline,baseline,fast,chorus_norm,baseline_floor,9,7,21.0,0.3333333333333333,32,9,9,9,True,0.0,1200.0
20250829_204,OVX,63,1,baseline,baseline,fast,chorus_gain_norm,unfloored,0,31,93.0,0.3333333333333333,32,9,9,9,True,0.0,1200.0
20250829_204,OVX,63,1,baseline,baseline,fast,chorus_gain_norm,own_floor,9,7,21.0,0.3333333333333333,32,9,9,9,True,0.0,1200.0
20250829_204,OVX,63,1,baseline,baseline,fast,chorus_gain_norm,baseline_floor,9,7,21.0,0.3333333333333333,32,9,9,9,True,0.0,1200.0
20250829_204,OVX,63,1,baseline,baseline,slow,coact,tuned,6,36,108.0,0.3333333333333333,32,11,11,11,True,0.0,1200.0
20250829_204,OVX,63,1,baseline,baseline,slow,coact,own_floor,11,31,93.0,0.3333333333333333,32,11,11,11,True,0.0,1200.0
20250829_204,OVX,63,1,baseline,baseline,slow,coact,baseline_floor,11,31,93.0,0.3333333333333333,32,11,11,11,True,0.0,1200.0
20250829_204,OVX,63,1,baseline,baseline,slow,chorus_norm,unfloored,0,31,93.0,0.3333333333333333,32,11,11,11,True,0.0,1200.0
20250829_204,OVX,63,1,baseline,baseline,slow,chorus_norm,own_floor,11,25,75.0,0.3333333333333333,32,11,11,11,True,0.0,1200.0
20250829_204,OVX,63,1,baseline,baseline,slow,chorus_norm,baseline_floor,11,25,75.0,0.3333333333333333,32,11,11,11,True,0.0,1200.0
20250829_204,OVX,63,1,baseline,baseline,slow,chorus_gain_norm,unfloored,0,31,93.0,0.3333333333333333,32,11,11,11,True,0.0,1200.0
20250829_204,OVX,63,1,baseline,baseline,slow,chorus_gain_norm,own_floor,11,23,69.0,0.3333333333333333,32,11,11,11,True,0.0,1200.0
20250829_204,OVX,63,1,baseline,baseline,slow,chorus_gain_norm,baseline_floor,11,23,69.0,0.3333333333333333,32,11,11,11,True,0.0,1200.0
20250829_204,OVX,63,1,baseline,baseline,combined,coact,tuned,4,35,105.0,0.3333333333333333,32,13,13,13,True,0.0,1200.0
20250829_204,OVX,63,1,baseline,baseline,combined,coact,own_floor,13,31,93.0,0.3333333333333333,32,13,13,13,True,0.0,1200.0
20250829_204,OVX,63,1,baseline,baseline,combined,coact,baseline_floor,13,31,93.0,0.3333333333333333,32,13,13,13,True,0.0,1200.0
20250829_204,OVX,63,1,baseline,baseline,combined,chorus_norm,unfloored,0,44,132.0,0.3333333333333333,32,13,13,13,True,0.0,1200.0
20250829_204,OVX,63,1,baseline,baseline,combined,chorus_norm,own_floor,13,31,93.0,0.3333333333333333,32,13,13,13,True,0.0,1200.0
20250829_204,OVX,63,1,baseline,baseline,combined,chorus_norm,baseline_floor,13,31,93.0,0.3333333333333333,32,13,13,13,True,0.0,1200.0
20250829_204,OVX,63,1,baseline,baseline,combined,chorus_gain_norm,unfloored,0,37,111.0,0.3333333333333333,32,13,13,13,True,0.0,1200.0
20250829_204,OVX,63,1,baseline,baseline,combined,chorus_gain_norm,own_floor,13,25,75.0,0.3333333333333333,32,13,13,13,True,0.0,1200.0
20250829_204,OVX,63,1,baseline,baseline,combined,chorus_gain_norm,baseline_floor,13,25,75.0,0.3333333333333333,32,13,13,13,True,0.0,1200.0
20250829_204,OVX,63,2,TTX,treatment,fast,coact,tuned,3,3,9.00216951535139,0.3332530002777778,32,5,9,5,True,1320.0,2519.710801
20250829_204,OVX,63,2,TTX,treatment,fast,coact,own_floor,5,3,9.00216951535139,0.3332530002777778,32,5,9,5,True,1320.0,2519.710801
20250829_204,OVX,63,2,TTX,treatment,fast,coact,baseline_floor,9,1,3.0007231717837968,0.3332530002777778,32,5,9,5,True,1320.0,2519.710801
20250829_204,OVX,63,2,TTX,treatment,fast,chorus_norm,unfloored,0,4,12.002892687135187,0.3332530002777778,32,5,9,5,True,1320.0,2519.710801
20250829_204,OVX,63,2,TTX,treatment,fast,chorus_norm,own_floor,5,3,9.00216951535139,0.3332530002777778,32,5,9,5,True,1320.0,2519.710801
20250829_204,OVX,63,2,TTX,treatment,fast,chorus_norm,baseline_floor,9,1,3.0007231717837968,0.3332530002777778,32,5,9,5,True,1320.0,2519.710801
20250829_204,OVX,63,2,TTX,treatment,fast,chorus_gain_norm,unfloored,0,3,9.00216951535139,0.3332530002777778,32,5,9,5,True,1320.0,2519.710801
20250829_204,OVX,63,2,TTX,treatment,fast,chorus_gain_norm,own_floor,5,3,9.00216951535139,0.3332530002777778,32,5,9,5,True,1320.0,2519.710801
20250829_204,OVX,63,2,TTX,treatment,fast,chorus_gain_norm,baseline_floor,9,1,3.0007231717837968,0.3332530002777778,32,5,9,5,True,1320.0,2519.710801
20250829_204,OVX,63,2,TTX,treatment,slow,coact,tuned,6,6,18.00433903070278,0.3332530002777778,32,8,11,8,True,1320.0,2519.710801
20250829_204,OVX,63,2,TTX,treatment,slow,coact,own_floor,8,6,18.00433903070278,0.3332530002777778,32,8,11,8,True,1320.0,2519.710801
20250829_204,OVX,63,2,TTX,treatment,slow,coact,baseline_floor,11,5,15.003615858918984,0.3332530002777778,32,8,11,8,True,1320.0,2519.710801
20250829_204,OVX,63,2,TTX,treatment,slow,chorus_norm,unfloored,0,9,27.00650854605417,0.3332530002777778,32,8,11,8,True,1320.0,2519.710801
20250829_204,OVX,63,2,TTX,treatment,slow,chorus_norm,own_floor,8,4,12.002892687135187,0.3332530002777778,32,8,11,8,True,1320.0,2519.710801
20250829_204,OVX,63,2,TTX,treatment,slow,chorus_norm,baseline_floor,11,4,12.002892687135187,0.3332530002777778,32,8,11,8,True,1320.0,2519.710801
20250829_204,OVX,63,2,TTX,treatment,slow,chorus_gain_norm,unfloored,0,6,18.00433903070278,0.3332530002777778,32,8,11,8,True,1320.0,2519.710801
20250829_204,OVX,63,2,TTX,treatment,slow,chorus_gain_norm,own_floor,8,4,12.002892687135187,0.3332530002777778,32,8,11,8,True,1320.0,2519.710801
20250829_204,OVX,63,2,TTX,treatment,slow,chorus_gain_norm,baseline_floor,11,4,12.002892687135187,0.3332530002777778,32,8,11,8,True,1320.0,2519.710801
20250829_204,OVX,63,2,TTX,treatment,combined,coact,tuned,4,11,33.007954889621764,0.3332530002777778,32,8,13,8,True,1320.0,2519.710801
20250829_204,OVX,63,2,TTX,treatment,combined,coact,own_floor,8,6,18.00433903070278,0.3332530002777778,32,8,13,8,True,1320.0,2519.710801
20250829_204,OVX,63,2,TTX,treatment,combined,coact,baseline_floor,13,4,12.002892687135187,0.3332530002777778,32,8,13,8,True,1320.0,2519.710801
20250829_204,OVX,63,2,TTX,treatment,combined,chorus_norm,unfloored,0,17,51.012293920324545,0.3332530002777778,32,8,13,8,True,1320.0,2519.710801
20250829_204,OVX,63,2,TTX,treatment,combined,chorus_norm,own_floor,8,6,18.00433903070278,0.3332530002777778,32,8,13,8,True,1320.0,2519.710801
20250829_204,OVX,63,2,TTX,treatment,combined,chorus_norm,baseline_floor,13,4,12.002892687135187,0.3332530002777778,32,8,13,8,True,1320.0,2519.710801
20250829_204,OVX,63,2,TTX,treatment,combined,chorus_gain_norm,unfloored,0,13,39.00940123318936,0.3332530002777778,32,8,13,8,True,1320.0,2519.710801
20250829_204,OVX,63,2,TTX,treatment,combined,chorus_gain_norm,own_floor,8,5,15.003615858918984,0.3332530002777778,32,8,13,8,True,1320.0,2519.710801
20250829_204,OVX,63,2,TTX,treatment,combined,chorus_gain_norm,baseline_floor,13,4,12.002892687135187,0.3332530002777778,32,8,13,8,True,1320.0,2519.710801
20250829_207,OVX,63,1,baseline,baseline,fast,coact,tuned,3,0,0.0,0.31666666666666665,53,10,10,10,True,0.0,1140.0
20250829_207,OVX,63,1,baseline,baseline,fast,coact,own_floor,10,0,0.0,0.31666666666666665,53,10,10,10,True,0.0,1140.0
20250829_207,OVX,63,1,baseline,baseline,fast,coact,baseline_floor,10,0,0.0,0.31666666666666665,53,10,10,10,True,0.0,1140.0
20250829_207,OVX,63,1,baseline,baseline,fast,chorus_norm,unfloored,0,1,3.1578947368421053,0.31666666666666665,53,10,10,10,True,0.0,1140.0
20250829_207,OVX,63,1,baseline,baseline,fast,chorus_norm,own_floor,10,0,0.0,0.31666666666666665,53,10,10,10,True,0.0,1140.0
20250829_207,OVX,63,1,baseline,baseline,fast,chorus_norm,baseline_floor,10,0,0.0,0.31666666666666665,53,10,10,10,True,0.0,1140.0
20250829_207,OVX,63,1,baseline,baseline,fast,chorus_gain_norm,unfloored,0,1,3.1578947368421053,0.31666666666666665,53,10,10,10,True,0.0,1140.0
20250829_207,OVX,63,1,baseline,baseline,fast,chorus_gain_norm,own_floor,10,0,0.0,0.31666666666666665,53,10,10,10,True,0.0,1140.0
20250829_207,OVX,63,1,baseline,baseline,fast,chorus_gain_norm,baseline_floor,10,0,0.0,0.31666666666666665,53,10,10,10,True,0.0,1140.0
20250829_207,OVX,63,1,baseline,baseline,slow,coact,tuned,6,1,3.1578947368421053,0.31666666666666665,53,5,5,5,True,0.0,1140.0
20250829_207,OVX,63,1,baseline,baseline,slow,coact,own_floor,5,1,3.1578947368421053,0.31666666666666665,53,5,5,5,True,0.0,1140.0
20250829_207,OVX,63,1,baseline,baseline,slow,coact,baseline_floor,5,1,3.1578947368421053,0.31666666666666665,53,5,5,5,True,0.0,1140.0
20250829_207,OVX,63,1,baseline,baseline,slow,chorus_norm,unfloored,0,1,3.1578947368421053,0.31666666666666665,53,5,5,5,True,0.0,1140.0
20250829_207,OVX,63,1,baseline,baseline,slow,chorus_norm,own_floor,5,0,0.0,0.31666666666666665,53,5,5,5,True,0.0,1140.0
20250829_207,OVX,63,1,baseline,baseline,slow,chorus_norm,baseline_floor,5,0,0.0,0.31666666666666665,53,5,5,5,True,0.0,1140.0
20250829_207,OVX,63,1,baseline,baseline,slow,chorus_gain_norm,unfloored,0,1,3.1578947368421053,0.31666666666666665,53,5,5,5,True,0.0,1140.0
20250829_207,OVX,63,1,baseline,baseline,slow,chorus_gain_norm,own_floor,5,0,0.0,0.31666666666666665,53,5,5,5,True,0.0,1140.0
20250829_207,OVX,63,1,baseline,baseline,slow,chorus_gain_norm,baseline_floor,5,0,0.0,0.31666666666666665,53,5,5,5,True,0.0,1140.0
20250829_207,OVX,63,1,baseline,baseline,combined,coact,tuned,4,1,3.1578947368421053,0.31666666666666665,53,10,10,10,True,0.0,1140.0
20250829_207,OVX,63,1,baseline,baseline,combined,coact,own_floor,10,0,0.0,0.31666666666666665,53,10,10,10,True,0.0,1140.0
20250829_207,OVX,63,1,baseline,baseline,combined,coact,baseline_floor,10,0,0.0,0.31666666666666665,53,10,10,10,True,0.0,1140.0
20250829_207,OVX,63,1,baseline,baseline,combined,chorus_norm,unfloored,0,3,9.473684210526317,0.31666666666666665,53,10,10,10,True,0.0,1140.0
20250829_207,OVX,63,1,baseline,baseline,combined,chorus_norm,own_floor,10,0,0.0,0.31666666666666665,53,10,10,10,True,0.0,1140.0
20250829_207,OVX,63,1,baseline,baseline,combined,chorus_norm,baseline_floor,10,0,0.0,0.31666666666666665,53,10,10,10,True,0.0,1140.0
20250829_207,OVX,63,1,baseline,baseline,combined,chorus_gain_norm,unfloored,0,13,41.05263157894737,0.31666666666666665,53,10,10,10,True,0.0,1140.0
20250829_207,OVX,63,1,baseline,baseline,combined,chorus_gain_norm,own_floor,10,0,0.0,0.31666666666666665,53,10,10,10,True,0.0,1140.0
20250829_207,OVX,63,1,baseline,baseline,combined,chorus_gain_norm,baseline_floor,10,0,0.0,0.31666666666666665,53,10,10,10,True,0.0,1140.0
20250829_207,OVX,63,2,senktide,treatment,fast,coact,tuned,3,2,6.0,0.3333333333333333,53,45,10,45,True,1260.0,2460.0
20250829_207,OVX,63,2,senktide,treatment,fast,coact,own_floor,45,1,3.0,0.3333333333333333,53,45,10,45,True,1260.0,2460.0
20250829_207,OVX,63,2,senktide,treatment,fast,coact,baseline_floor,10,2,6.0,0.3333333333333333,53,45,10,45,True,1260.0,2460.0
20250829_207,OVX,63,2,senktide,treatment,fast,chorus_norm,unfloored,0,0,0.0,0.3333333333333333,53,45,10,45,True,1260.0,2460.0
20250829_207,OVX,63,2,senktide,treatment,fast,chorus_norm,own_floor,45,0,0.0,0.3333333333333333,53,45,10,45,True,1260.0,2460.0
20250829_207,OVX,63,2,senktide,treatment,fast,chorus_norm,baseline_floor,10,0,0.0,0.3333333333333333,53,45,10,45,True,1260.0,2460.0
20250829_207,OVX,63,2,senktide,treatment,fast,chorus_gain_norm,unfloored,0,0,0.0,0.3333333333333333,53,45,10,45,True,1260.0,2460.0
20250829_207,OVX,63,2,senktide,treatment,fast,chorus_gain_norm,own_floor,45,0,0.0,0.3333333333333333,53,45,10,45,True,1260.0,2460.0
20250829_207,OVX,63,2,senktide,treatment,fast,chorus_gain_norm,baseline_floor,10,0,0.0,0.3333333333333333,53,45,10,45,True,1260.0,2460.0
20250829_207,OVX,63,2,senktide,treatment,slow,coact,tuned,6,13,39.0,0.3333333333333333,53,17,5,17,True,1260.0,2460.0
20250829_207,OVX,63,2,senktide,treatment,slow,coact,own_floor,17,2,6.0,0.3333333333333333,53,17,5,17,True,1260.0,2460.0
20250829_207,OVX,63,2,senktide,treatment,slow,coact,baseline_floor,5,13,39.0,0.3333333333333333,53,17,5,17,True,1260.0,2460.0
20250829_207,OVX,63,2,senktide,treatment,slow,chorus_norm,unfloored,0,1,3.0,0.3333333333333333,53,17,5,17,True,1260.0,2460.0
20250829_207,OVX,63,2,senktide,treatment,slow,chorus_norm,own_floor,17,0,0.0,0.3333333333333333,53,17,5,17,True,1260.0,2460.0
20250829_207,OVX,63,2,senktide,treatment,slow,chorus_norm,baseline_floor,5,1,3.0,0.3333333333333333,53,17,5,17,True,1260.0,2460.0
20250829_207,OVX,63,2,senktide,treatment,slow,chorus_gain_norm,unfloored,0,0,0.0,0.3333333333333333,53,17,5,17,True,1260.0,2460.0
20250829_207,OVX,63,2,senktide,treatment,slow,chorus_gain_norm,own_floor,17,0,0.0,0.3333333333333333,53,17,5,17,True,1260.0,2460.0
20250829_207,OVX,63,2,senktide,treatment,slow,chorus_gain_norm,baseline_floor,5,0,0.0,0.3333333333333333,53,17,5,17,True,1260.0,2460.0
20250829_207,OVX,63,2,senktide,treatment,combined,coact,tuned,4,4,12.0,0.3333333333333333,53,47,10,47,True,1260.0,2460.0
20250829_207,OVX,63,2,senktide,treatment,combined,coact,own_floor,47,0,0.0,0.3333333333333333,53,47,10,47,True,1260.0,2460.0
20250829_207,OVX,63,2,senktide,treatment,combined,coact,baseline_floor,10,4,12.0,0.3333333333333333,53,47,10,47,True,1260.0,2460.0
20250829_207,OVX,63,2,senktide,treatment,combined,chorus_norm,unfloored,0,1,3.0,0.3333333333333333,53,47,10,47,True,1260.0,2460.0
20250829_207,OVX,63,2,senktide,treatment,combined,chorus_norm,own_floor,47,0,0.0,0.3333333333333333,53,47,10,47,True,1260.0,2460.0
20250829_207,OVX,63,2,senktide,treatment,combined,chorus_norm,baseline_floor,10,1,3.0,0.3333333333333333,53,47,10,47,True,1260.0,2460.0
20250829_207,OVX,63,2,senktide,treatment,combined,chorus_gain_norm,unfloored,0,0,0.0,0.3333333333333333,53,47,10,47,True,1260.0,2460.0
20250829_207,OVX,63,2,senktide,treatment,combined,chorus_gain_norm,own_floor,47,0,0.0,0.3333333333333333,53,47,10,47,True,1260.0,2460.0
20250829_207,OVX,63,2,senktide,treatment,combined,chorus_gain_norm,baseline_floor,10,0,0.0,0.3333333333333333,53,47,10,47,True,1260.0,2460.0
20250829_207,OVX,63,3,high K+,treatment,fast,coact,tuned,3,1,5.9631200800729065,0.16769744472222228,53,45,10,45,False,2700.0,3303.710801
20250829_207,OVX,63,3,high K+,treatment,fast,coact,own_floor,45,1,5.9631200800729065,0.16769744472222228,53,45,10,45,False,2700.0,3303.710801
20250829_207,OVX,63,3,high K+,treatment,fast,coact,baseline_floor,10,1,5.9631200800729065,0.16769744472222228,53,45,10,45,False,2700.0,3303.710801
20250829_207,OVX,63,3,high K+,treatment,fast,chorus_norm,unfloored,0,0,0.0,0.16769744472222228,53,45,10,45,False,2700.0,3303.710801
20250829_207,OVX,63,3,high K+,treatment,fast,chorus_norm,own_floor,45,0,0.0,0.16769744472222228,53,45,10,45,False,2700.0,3303.710801
20250829_207,OVX,63,3,high K+,treatment,fast,chorus_norm,baseline_floor,10,0,0.0,0.16769744472222228,53,45,10,45,False,2700.0,3303.710801
20250829_207,OVX,63,3,high K+,treatment,fast,chorus_gain_norm,unfloored,0,0,0.0,0.16769744472222228,53,45,10,45,False,2700.0,3303.710801
20250829_207,OVX,63,3,high K+,treatment,fast,chorus_gain_norm,own_floor,45,0,0.0,0.16769744472222228,53,45,10,45,False,2700.0,3303.710801
20250829_207,OVX,63,3,high K+,treatment,fast,chorus_gain_norm,baseline_floor,10,0,0.0,0.16769744472222228,53,45,10,45,False,2700.0,3303.710801
20250829_207,OVX,63,3,high K+,treatment,slow,coact,tuned,6,6,35.77872048043744,0.16769744472222228,53,11,5,11,True,2700.0,3303.710801
20250829_207,OVX,63,3,high K+,treatment,slow,coact,own_floor,11,2,11.926240160145813,0.16769744472222228,53,11,5,11,True,2700.0,3303.710801
20250829_207,OVX,63,3,high K+,treatment,slow,coact,baseline_floor,5,6,35.77872048043744,0.16769744472222228,53,11,5,11,True,2700.0,3303.710801
20250829_207,OVX,63,3,high K+,treatment,slow,chorus_norm,unfloored,0,1,5.9631200800729065,0.16769744472222228,53,11,5,11,True,2700.0,3303.710801
20250829_207,OVX,63,3,high K+,treatment,slow,chorus_norm,own_floor,11,1,5.9631200800729065,0.16769744472222228,53,11,5,11,True,2700.0,3303.710801
20250829_207,OVX,63,3,high K+,treatment,slow,chorus_norm,baseline_floor,5,1,5.9631200800729065,0.16769744472222228,53,11,5,11,True,2700.0,3303.710801
20250829_207,OVX,63,3,high K+,treatment,slow,chorus_gain_norm,unfloored,0,0,0.0,0.16769744472222228,53,11,5,11,True,2700.0,3303.710801
20250829_207,OVX,63,3,high K+,treatment,slow,chorus_gain_norm,own_floor,11,0,0.0,0.16769744472222228,53,11,5,11,True,2700.0,3303.710801
20250829_207,OVX,63,3,high K+,treatment,slow,chorus_gain_norm,baseline_floor,5,0,0.0,0.16769744472222228,53,11,5,11,True,2700.0,3303.710801
20250829_207,OVX,63,3,high K+,treatment,combined,coact,tuned,4,2,11.926240160145813,0.16769744472222228,53,46,10,46,True,2700.0,3303.710801
20250829_207,OVX,63,3,high K+,treatment,combined,coact,own_floor,46,1,5.9631200800729065,0.16769744472222228,53,46,10,46,True,2700.0,3303.710801
20250829_207,OVX,63,3,high K+,treatment,combined,coact,baseline_floor,10,2,11.926240160145813,0.16769744472222228,53,46,10,46,True,2700.0,3303.710801
20250829_207,OVX,63,3,high K+,treatment,combined,chorus_norm,unfloored,0,2,11.926240160145813,0.16769744472222228,53,46,10,46,True,2700.0,3303.710801
20250829_207,OVX,63,3,high K+,treatment,combined,chorus_norm,own_floor,46,0,0.0,0.16769744472222228,53,46,10,46,True,2700.0,3303.710801
20250829_207,OVX,63,3,high K+,treatment,combined,chorus_norm,baseline_floor,10,2,11.926240160145813,0.16769744472222228,53,46,10,46,True,2700.0,3303.710801
20250829_207,OVX,63,3,high K+,treatment,combined,chorus_gain_norm,unfloored,0,6,35.77872048043744,0.16769744472222228,53,46,10,46,True,2700.0,3303.710801
20250829_207,OVX,63,3,high K+,treatment,combined,chorus_gain_norm,own_floor,46,0,0.0,0.16769744472222228,53,46,10,46,True,2700.0,3303.710801
20250829_207,OVX,63,3,high K+,treatment,combined,chorus_gain_norm,baseline_floor,10,3,17.88936024021872,0.16769744472222228,53,46,10,46,True,2700.0,3303.710801
20250904_209,OVX,64,1,baseline,baseline,fast,coact,tuned,3,1,3.1578947368421053,0.31666666666666665,23,10,10,10,True,0.0,1140.0
20250904_209,OVX,64,1,baseline,baseline,fast,coact,own_floor,10,1,3.1578947368421053,0.31666666666666665,23,10,10,10,True,0.0,1140.0
20250904_209,OVX,64,1,baseline,baseline,fast,coact,baseline_floor,10,1,3.1578947368421053,0.31666666666666665,23,10,10,10,True,0.0,1140.0
20250904_209,OVX,64,1,baseline,baseline,fast,chorus_norm,unfloored,0,7,22.105263157894736,0.31666666666666665,23,10,10,10,True,0.0,1140.0
20250904_209,OVX,64,1,baseline,baseline,fast,chorus_norm,own_floor,10,0,0.0,0.31666666666666665,23,10,10,10,True,0.0,1140.0
20250904_209,OVX,64,1,baseline,baseline,fast,chorus_norm,baseline_floor,10,0,0.0,0.31666666666666665,23,10,10,10,True,0.0,1140.0
20250904_209,OVX,64,1,baseline,baseline,fast,chorus_gain_norm,unfloored,0,1,3.1578947368421053,0.31666666666666665,23,10,10,10,True,0.0,1140.0
20250904_209,OVX,64,1,baseline,baseline,fast,chorus_gain_norm,own_floor,10,0,0.0,0.31666666666666665,23,10,10,10,True,0.0,1140.0
20250904_209,OVX,64,1,baseline,baseline,fast,chorus_gain_norm,baseline_floor,10,0,0.0,0.31666666666666665,23,10,10,10,True,0.0,1140.0
20250904_209,OVX,64,1,baseline,baseline,slow,coact,tuned,6,4,12.631578947368421,0.31666666666666665,23,6,6,6,True,0.0,1140.0
20250904_209,OVX,64,1,baseline,baseline,slow,coact,own_floor,6,4,12.631578947368421,0.31666666666666665,23,6,6,6,True,0.0,1140.0
20250904_209,OVX,64,1,baseline,baseline,slow,coact,baseline_floor,6,4,12.631578947368421,0.31666666666666665,23,6,6,6,True,0.0,1140.0
20250904_209,OVX,64,1,baseline,baseline,slow,chorus_norm,unfloored,0,0,0.0,0.31666666666666665,23,6,6,6,True,0.0,1140.0
20250904_209,OVX,64,1,baseline,baseline,slow,chorus_norm,own_floor,6,0,0.0,0.31666666666666665,23,6,6,6,True,0.0,1140.0
20250904_209,OVX,64,1,baseline,baseline,slow,chorus_norm,baseline_floor,6,0,0.0,0.31666666666666665,23,6,6,6,True,0.0,1140.0
20250904_209,OVX,64,1,baseline,baseline,slow,chorus_gain_norm,unfloored,0,2,6.315789473684211,0.31666666666666665,23,6,6,6,True,0.0,1140.0
20250904_209,OVX,64,1,baseline,baseline,slow,chorus_gain_norm,own_floor,6,0,0.0,0.31666666666666665,23,6,6,6,True,0.0,1140.0
20250904_209,OVX,64,1,baseline,baseline,slow,chorus_gain_norm,baseline_floor,6,0,0.0,0.31666666666666665,23,6,6,6,True,0.0,1140.0
20250904_209,OVX,64,1,baseline,baseline,combined,coact,tuned,4,2,6.315789473684211,0.31666666666666665,23,10,10,10,False,0.0,1140.0
20250904_209,OVX,64,1,baseline,baseline,combined,coact,own_floor,10,2,6.315789473684211,0.31666666666666665,23,10,10,10,False,0.0,1140.0
20250904_209,OVX,64,1,baseline,baseline,combined,coact,baseline_floor,10,2,6.315789473684211,0.31666666666666665,23,10,10,10,False,0.0,1140.0
20250904_209,OVX,64,1,baseline,baseline,combined,chorus_norm,unfloored,0,27,85.26315789473685,0.31666666666666665,23,10,10,10,False,0.0,1140.0
20250904_209,OVX,64,1,baseline,baseline,combined,chorus_norm,own_floor,10,1,3.1578947368421053,0.31666666666666665,23,10,10,10,False,0.0,1140.0
20250904_209,OVX,64,1,baseline,baseline,combined,chorus_norm,baseline_floor,10,1,3.1578947368421053,0.31666666666666665,23,10,10,10,False,0.0,1140.0
20250904_209,OVX,64,1,baseline,baseline,combined,chorus_gain_norm,unfloored,0,24,75.78947368421053,0.31666666666666665,23,10,10,10,False,0.0,1140.0
20250904_209,OVX,64,1,baseline,baseline,combined,chorus_gain_norm,own_floor,10,0,0.0,0.31666666666666665,23,10,10,10,False,0.0,1140.0
20250904_209,OVX,64,1,baseline,baseline,combined,chorus_gain_norm,baseline_floor,10,0,0.0,0.31666666666666665,23,10,10,10,False,0.0,1140.0
20250904_209,OVX,64,2,senktide,treatment,fast,coact,tuned,3,2,6.315789473684211,0.31666666666666665,23,17,10,17,True,1260.0,2400.0
20250904_209,OVX,64,2,senktide,treatment,fast,coact,own_floor,17,1,3.1578947368421053,0.31666666666666665,23,17,10,17,True,1260.0,2400.0
20250904_209,OVX,64,2,senktide,treatment,fast,coact,baseline_floor,10,2,6.315789473684211,0.31666666666666665,23,17,10,17,True,1260.0,2400.0
20250904_209,OVX,64,2,senktide,treatment,fast,chorus_norm,unfloored,0,5,15.789473684210527,0.31666666666666665,23,17,10,17,True,1260.0,2400.0
20250904_209,OVX,64,2,senktide,treatment,fast,chorus_norm,own_floor,17,0,0.0,0.31666666666666665,23,17,10,17,True,1260.0,2400.0
20250904_209,OVX,64,2,senktide,treatment,fast,chorus_norm,baseline_floor,10,0,0.0,0.31666666666666665,23,17,10,17,True,1260.0,2400.0
20250904_209,OVX,64,2,senktide,treatment,fast,chorus_gain_norm,unfloored,0,0,0.0,0.31666666666666665,23,17,10,17,True,1260.0,2400.0
20250904_209,OVX,64,2,senktide,treatment,fast,chorus_gain_norm,own_floor,17,0,0.0,0.31666666666666665,23,17,10,17,True,1260.0,2400.0
20250904_209,OVX,64,2,senktide,treatment,fast,chorus_gain_norm,baseline_floor,10,0,0.0,0.31666666666666665,23,17,10,17,True,1260.0,2400.0
20250904_209,OVX,64,2,senktide,treatment,slow,coact,tuned,6,8,25.263157894736842,0.31666666666666665,23,10,6,10,True,1260.0,2400.0
20250904_209,OVX,64,2,senktide,treatment,slow,coact,own_floor,10,0,0.0,0.31666666666666665,23,10,6,10,True,1260.0,2400.0
20250904_209,OVX,64,2,senktide,treatment,slow,coact,baseline_floor,6,8,25.263157894736842,0.31666666666666665,23,10,6,10,True,1260.0,2400.0
20250904_209,OVX,64,2,senktide,treatment,slow,chorus_norm,unfloored,0,5,15.789473684210527,0.31666666666666665,23,10,6,10,True,1260.0,2400.0
20250904_209,OVX,64,2,senktide,treatment,slow,chorus_norm,own_floor,10,0,0.0,0.31666666666666665,23,10,6,10,True,1260.0,2400.0
20250904_209,OVX,64,2,senktide,treatment,slow,chorus_norm,baseline_floor,6,3,9.473684210526317,0.31666666666666665,23,10,6,10,True,1260.0,2400.0
20250904_209,OVX,64,2,senktide,treatment,slow,chorus_gain_norm,unfloored,0,3,9.473684210526317,0.31666666666666665,23,10,6,10,True,1260.0,2400.0
20250904_209,OVX,64,2,senktide,treatment,slow,chorus_gain_norm,own_floor,10,0,0.0,0.31666666666666665,23,10,6,10,True,1260.0,2400.0
20250904_209,OVX,64,2,senktide,treatment,slow,chorus_gain_norm,baseline_floor,6,2,6.315789473684211,0.31666666666666665,23,10,6,10,True,1260.0,2400.0
20250904_209,OVX,64,2,senktide,treatment,combined,coact,tuned,4,2,6.315789473684211,0.31666666666666665,23,19,10,19,True,1260.0,2400.0
20250904_209,OVX,64,2,senktide,treatment,combined,coact,own_floor,19,1,3.1578947368421053,0.31666666666666665,23,19,10,19,True,1260.0,2400.0
20250904_209,OVX,64,2,senktide,treatment,combined,coact,baseline_floor,10,2,6.315789473684211,0.31666666666666665,23,19,10,19,True,1260.0,2400.0
20250904_209,OVX,64,2,senktide,treatment,combined,chorus_norm,unfloored,0,28,88.42105263157895,0.31666666666666665,23,19,10,19,True,1260.0,2400.0
20250904_209,OVX,64,2,senktide,treatment,combined,chorus_norm,own_floor,19,0,0.0,0.31666666666666665,23,19,10,19,True,1260.0,2400.0
20250904_209,OVX,64,2,senktide,treatment,combined,chorus_norm,baseline_floor,10,8,25.263157894736842,0.31666666666666665,23,19,10,19,True,1260.0,2400.0
20250904_209,OVX,64,2,senktide,treatment,combined,chorus_gain_norm,unfloored,0,23,72.63157894736842,0.31666666666666665,23,19,10,19,True,1260.0,2400.0
20250904_209,OVX,64,2,senktide,treatment,combined,chorus_gain_norm,own_floor,19,0,0.0,0.31666666666666665,23,19,10,19,True,1260.0,2400.0
20250904_209,OVX,64,2,senktide,treatment,combined,chorus_gain_norm,baseline_floor,10,2,6.315789473684211,0.31666666666666665,23,19,10,19,True,1260.0,2400.0
20250904_209,OVX,64,3,high K+,treatment,fast,coact,tuned,3,1,8.273754620032982,0.12086411138888883,23,15,10,15,True,2400.0,2835.110801
20250904_209,OVX,64,3,high K+,treatment,fast,coact,own_floor,15,1,8.273754620032982,0.12086411138888883,23,15,10,15,True,2400.0,2835.110801
20250904_209,OVX,64,3,high K+,treatment,fast,coact,baseline_floor,10,1,8.273754620032982,0.12086411138888883,23,15,10,15,True,2400.0,2835.110801
20250904_209,OVX,64,3,high K+,treatment,fast,chorus_norm,unfloored,0,1,8.273754620032982,0.12086411138888883,23,15,10,15,True,2400.0,2835.110801
20250904_209,OVX,64,3,high K+,treatment,fast,chorus_norm,own_floor,15,0,0.0,0.12086411138888883,23,15,10,15,True,2400.0,2835.110801
20250904_209,OVX,64,3,high K+,treatment,fast,chorus_norm,baseline_floor,10,0,0.0,0.12086411138888883,23,15,10,15,True,2400.0,2835.110801
20250904_209,OVX,64,3,high K+,treatment,fast,chorus_gain_norm,unfloored,0,1,8.273754620032982,0.12086411138888883,23,15,10,15,True,2400.0,2835.110801
20250904_209,OVX,64,3,high K+,treatment,fast,chorus_gain_norm,own_floor,15,0,0.0,0.12086411138888883,23,15,10,15,True,2400.0,2835.110801
20250904_209,OVX,64,3,high K+,treatment,fast,chorus_gain_norm,baseline_floor,10,0,0.0,0.12086411138888883,23,15,10,15,True,2400.0,2835.110801
20250904_209,OVX,64,3,high K+,treatment,slow,coact,tuned,6,2,16.547509240065963,0.12086411138888883,23,9,6,9,True,2400.0,2835.110801
20250904_209,OVX,64,3,high K+,treatment,slow,coact,own_floor,9,0,0.0,0.12086411138888883,23,9,6,9,True,2400.0,2835.110801
20250904_209,OVX,64,3,high K+,treatment,slow,coact,baseline_floor,6,2,16.547509240065963,0.12086411138888883,23,9,6,9,True,2400.0,2835.110801
20250904_209,OVX,64,3,high K+,treatment,slow,chorus_norm,unfloored,0,1,8.273754620032982,0.12086411138888883,23,9,6,9,True,2400.0,2835.110801
20250904_209,OVX,64,3,high K+,treatment,slow,chorus_norm,own_floor,9,0,0.0,0.12086411138888883,23,9,6,9,True,2400.0,2835.110801
20250904_209,OVX,64,3,high K+,treatment,slow,chorus_norm,baseline_floor,6,0,0.0,0.12086411138888883,23,9,6,9,True,2400.0,2835.110801
20250904_209,OVX,64,3,high K+,treatment,slow,chorus_gain_norm,unfloored,0,2,16.547509240065963,0.12086411138888883,23,9,6,9,True,2400.0,2835.110801
20250904_209,OVX,64,3,high K+,treatment,slow,chorus_gain_norm,own_floor,9,0,0.0,0.12086411138888883,23,9,6,9,True,2400.0,2835.110801
20250904_209,OVX,64,3,high K+,treatment,slow,chorus_gain_norm,baseline_floor,6,0,0.0,0.12086411138888883,23,9,6,9,True,2400.0,2835.110801
20250904_209,OVX,64,3,high K+,treatment,combined,coact,tuned,4,2,16.547509240065963,0.12086411138888883,23,16,10,16,True,2400.0,2835.110801
20250904_209,OVX,64,3,high K+,treatment,combined,coact,own_floor,16,1,8.273754620032982,0.12086411138888883,23,16,10,16,True,2400.0,2835.110801
20250904_209,OVX,64,3,high K+,treatment,combined,coact,baseline_floor,10,2,16.547509240065963,0.12086411138888883,23,16,10,16,True,2400.0,2835.110801
20250904_209,OVX,64,3,high K+,treatment,combined,chorus_norm,unfloored,0,8,66.19003696026385,0.12086411138888883,23,16,10,16,True,2400.0,2835.110801
20250904_209,OVX,64,3,high K+,treatment,combined,chorus_norm,own_floor,16,0,0.0,0.12086411138888883,23,16,10,16,True,2400.0,2835.110801
20250904_209,OVX,64,3,high K+,treatment,combined,chorus_norm,baseline_floor,10,3,24.82126386009895,0.12086411138888883,23,16,10,16,True,2400.0,2835.110801
20250904_209,OVX,64,3,high K+,treatment,combined,chorus_gain_norm,unfloored,0,10,82.73754620032983,0.12086411138888883,23,16,10,16,True,2400.0,2835.110801
20250904_209,OVX,64,3,high K+,treatment,combined,chorus_gain_norm,own_floor,16,0,0.0,0.12086411138888883,23,16,10,16,True,2400.0,2835.110801
20250904_209,OVX,64,3,high K+,treatment,combined,chorus_gain_norm,baseline_floor,10,2,16.547509240065963,0.12086411138888883,23,16,10,16,True,2400.0,2835.110801
20250904_211,OVX,64,1,baseline,baseline,fast,coact,tuned,3,2,6.0,0.3333333333333333,45,4,4,4,True,0.0,1200.0
20250904_211,OVX,64,1,baseline,baseline,fast,coact,own_floor,4,0,0.0,0.3333333333333333,45,4,4,4,True,0.0,1200.0
20250904_211,OVX,64,1,baseline,baseline,fast,coact,baseline_floor,4,0,0.0,0.3333333333333333,45,4,4,4,True,0.0,1200.0
20250904_211,OVX,64,1,baseline,baseline,fast,chorus_norm,unfloored,0,0,0.0,0.3333333333333333,45,4,4,4,True,0.0,1200.0
20250904_211,OVX,64,1,baseline,baseline,fast,chorus_norm,own_floor,4,0,0.0,0.3333333333333333,45,4,4,4,True,0.0,1200.0
20250904_211,OVX,64,1,baseline,baseline,fast,chorus_norm,baseline_floor,4,0,0.0,0.3333333333333333,45,4,4,4,True,0.0,1200.0
20250904_211,OVX,64,1,baseline,baseline,fast,chorus_gain_norm,unfloored,0,0,0.0,0.3333333333333333,45,4,4,4,True,0.0,1200.0
20250904_211,OVX,64,1,baseline,baseline,fast,chorus_gain_norm,own_floor,4,0,0.0,0.3333333333333333,45,4,4,4,True,0.0,1200.0
20250904_211,OVX,64,1,baseline,baseline,fast,chorus_gain_norm,baseline_floor,4,0,0.0,0.3333333333333333,45,4,4,4,True,0.0,1200.0
20250904_211,OVX,64,1,baseline,baseline,slow,coact,tuned,6,0,0.0,0.3333333333333333,45,3,3,3,True,0.0,1200.0
20250904_211,OVX,64,1,baseline,baseline,slow,coact,own_floor,3,0,0.0,0.3333333333333333,45,3,3,3,True,0.0,1200.0
20250904_211,OVX,64,1,baseline,baseline,slow,coact,baseline_floor,3,0,0.0,0.3333333333333333,45,3,3,3,True,0.0,1200.0
20250904_211,OVX,64,1,baseline,baseline,slow,chorus_norm,unfloored,0,0,0.0,0.3333333333333333,45,3,3,3,True,0.0,1200.0
20250904_211,OVX,64,1,baseline,baseline,slow,chorus_norm,own_floor,3,0,0.0,0.3333333333333333,45,3,3,3,True,0.0,1200.0
20250904_211,OVX,64,1,baseline,baseline,slow,chorus_norm,baseline_floor,3,0,0.0,0.3333333333333333,45,3,3,3,True,0.0,1200.0
20250904_211,OVX,64,1,baseline,baseline,slow,chorus_gain_norm,unfloored,0,0,0.0,0.3333333333333333,45,3,3,3,True,0.0,1200.0
20250904_211,OVX,64,1,baseline,baseline,slow,chorus_gain_norm,own_floor,3,0,0.0,0.3333333333333333,45,3,3,3,True,0.0,1200.0
20250904_211,OVX,64,1,baseline,baseline,slow,chorus_gain_norm,baseline_floor,3,0,0.0,0.3333333333333333,45,3,3,3,True,0.0,1200.0
20250904_211,OVX,64,1,baseline,baseline,combined,coact,tuned,4,0,0.0,0.3333333333333333,45,4,4,4,True,0.0,1200.0
20250904_211,OVX,64,1,baseline,baseline,combined,coact,own_floor,4,0,0.0,0.3333333333333333,45,4,4,4,True,0.0,1200.0
20250904_211,OVX,64,1,baseline,baseline,combined,coact,baseline_floor,4,0,0.0,0.3333333333333333,45,4,4,4,True,0.0,1200.0
20250904_211,OVX,64,1,baseline,baseline,combined,chorus_norm,unfloored,0,0,0.0,0.3333333333333333,45,4,4,4,True,0.0,1200.0
20250904_211,OVX,64,1,baseline,baseline,combined,chorus_norm,own_floor,4,0,0.0,0.3333333333333333,45,4,4,4,True,0.0,1200.0
20250904_211,OVX,64,1,baseline,baseline,combined,chorus_norm,baseline_floor,4,0,0.0,0.3333333333333333,45,4,4,4,True,0.0,1200.0
20250904_211,OVX,64,1,baseline,baseline,combined,chorus_gain_norm,unfloored,0,0,0.0,0.3333333333333333,45,4,4,4,True,0.0,1200.0
20250904_211,OVX,64,1,baseline,baseline,combined,chorus_gain_norm,own_floor,4,0,0.0,0.3333333333333333,45,4,4,4,True,0.0,1200.0
20250904_211,OVX,64,1,baseline,baseline,combined,chorus_gain_norm,baseline_floor,4,0,0.0,0.3333333333333333,45,4,4,4,True,0.0,1200.0
20250904_211,OVX,64,2,TTX,treatment,fast,coact,tuned,3,0,0.0,0.3,45,5,4,5,True,1320.0,2400.0
20250904_211,OVX,64,2,TTX,treatment,fast,coact,own_floor,5,0,0.0,0.3,45,5,4,5,True,1320.0,2400.0
20250904_211,OVX,64,2,TTX,treatment,fast,coact,baseline_floor,4,0,0.0,0.3,45,5,4,5,True,1320.0,2400.0
20250904_211,OVX,64,2,TTX,treatment,fast,chorus_norm,unfloored,0,0,0.0,0.3,45,5,4,5,True,1320.0,2400.0
20250904_211,OVX,64,2,TTX,treatment,fast,chorus_norm,own_floor,5,0,0.0,0.3,45,5,4,5,True,1320.0,2400.0
20250904_211,OVX,64,2,TTX,treatment,fast,chorus_norm,baseline_floor,4,0,0.0,0.3,45,5,4,5,True,1320.0,2400.0
20250904_211,OVX,64,2,TTX,treatment,fast,chorus_gain_norm,unfloored,0,1,3.3333333333333335,0.3,45,5,4,5,True,1320.0,2400.0
20250904_211,OVX,64,2,TTX,treatment,fast,chorus_gain_norm,own_floor,5,0,0.0,0.3,45,5,4,5,True,1320.0,2400.0
20250904_211,OVX,64,2,TTX,treatment,fast,chorus_gain_norm,baseline_floor,4,1,3.3333333333333335,0.3,45,5,4,5,True,1320.0,2400.0
20250904_211,OVX,64,2,TTX,treatment,slow,coact,tuned,6,0,0.0,0.3,45,3,3,3,True,1320.0,2400.0
20250904_211,OVX,64,2,TTX,treatment,slow,coact,own_floor,3,0,0.0,0.3,45,3,3,3,True,1320.0,2400.0
20250904_211,OVX,64,2,TTX,treatment,slow,coact,baseline_floor,3,0,0.0,0.3,45,3,3,3,True,1320.0,2400.0
20250904_211,OVX,64,2,TTX,treatment,slow,chorus_norm,unfloored,0,0,0.0,0.3,45,3,3,3,True,1320.0,2400.0
20250904_211,OVX,64,2,TTX,treatment,slow,chorus_norm,own_floor,3,0,0.0,0.3,45,3,3,3,True,1320.0,2400.0
20250904_211,OVX,64,2,TTX,treatment,slow,chorus_norm,baseline_floor,3,0,0.0,0.3,45,3,3,3,True,1320.0,2400.0
20250904_211,OVX,64,2,TTX,treatment,slow,chorus_gain_norm,unfloored,0,0,0.0,0.3,45,3,3,3,True,1320.0,2400.0
20250904_211,OVX,64,2,TTX,treatment,slow,chorus_gain_norm,own_floor,3,0,0.0,0.3,45,3,3,3,True,1320.0,2400.0
20250904_211,OVX,64,2,TTX,treatment,slow,chorus_gain_norm,baseline_floor,3,0,0.0,0.3,45,3,3,3,True,1320.0,2400.0
20250904_211,OVX,64,2,TTX,treatment,combined,coact,tuned,4,1,3.3333333333333335,0.3,45,5,4,5,True,1320.0,2400.0
20250904_211,OVX,64,2,TTX,treatment,combined,coact,own_floor,5,0,0.0,0.3,45,5,4,5,True,1320.0,2400.0
20250904_211,OVX,64,2,TTX,treatment,combined,coact,baseline_floor,4,1,3.3333333333333335,0.3,45,5,4,5,True,1320.0,2400.0
20250904_211,OVX,64,2,TTX,treatment,combined,chorus_norm,unfloored,0,0,0.0,0.3,45,5,4,5,True,1320.0,2400.0
20250904_211,OVX,64,2,TTX,treatment,combined,chorus_norm,own_floor,5,0,0.0,0.3,45,5,4,5,True,1320.0,2400.0
20250904_211,OVX,64,2,TTX,treatment,combined,chorus_norm,baseline_floor,4,0,0.0,0.3,45,5,4,5,True,1320.0,2400.0
20250904_211,OVX,64,2,TTX,treatment,combined,chorus_gain_norm,unfloored,0,0,0.0,0.3,45,5,4,5,True,1320.0,2400.0
20250904_211,OVX,64,2,TTX,treatment,combined,chorus_gain_norm,own_floor,5,0,0.0,0.3,45,5,4,5,True,1320.0,2400.0
20250904_211,OVX,64,2,TTX,treatment,combined,chorus_gain_norm,baseline_floor,4,0,0.0,0.3,45,5,4,5,True,1320.0,2400.0
20250904_211,OVX,64,3,wash,treatment,fast,coact,tuned,3,2,6.315789473684211,0.31666666666666665,45,5,4,5,True,2520.0,3660.0
20250904_211,OVX,64,3,wash,treatment,fast,coact,own_floor,5,0,0.0,0.31666666666666665,45,5,4,5,True,2520.0,3660.0
20250904_211,OVX,64,3,wash,treatment,fast,coact,baseline_floor,4,2,6.315789473684211,0.31666666666666665,45,5,4,5,True,2520.0,3660.0
20250904_211,OVX,64,3,wash,treatment,fast,chorus_norm,unfloored,0,1,3.1578947368421053,0.31666666666666665,45,5,4,5,True,2520.0,3660.0
20250904_211,OVX,64,3,wash,treatment,fast,chorus_norm,own_floor,5,0,0.0,0.31666666666666665,45,5,4,5,True,2520.0,3660.0
20250904_211,OVX,64,3,wash,treatment,fast,chorus_norm,baseline_floor,4,1,3.1578947368421053,0.31666666666666665,45,5,4,5,True,2520.0,3660.0
20250904_211,OVX,64,3,wash,treatment,fast,chorus_gain_norm,unfloored,0,1,3.1578947368421053,0.31666666666666665,45,5,4,5,True,2520.0,3660.0
20250904_211,OVX,64,3,wash,treatment,fast,chorus_gain_norm,own_floor,5,0,0.0,0.31666666666666665,45,5,4,5,True,2520.0,3660.0
20250904_211,OVX,64,3,wash,treatment,fast,chorus_gain_norm,baseline_floor,4,1,3.1578947368421053,0.31666666666666665,45,5,4,5,True,2520.0,3660.0
20250904_211,OVX,64,3,wash,treatment,slow,coact,tuned,6,0,0.0,0.31666666666666665,45,3,3,3,True,2520.0,3660.0
20250904_211,OVX,64,3,wash,treatment,slow,coact,own_floor,3,1,3.1578947368421053,0.31666666666666665,45,3,3,3,True,2520.0,3660.0
20250904_211,OVX,64,3,wash,treatment,slow,coact,baseline_floor,3,1,3.1578947368421053,0.31666666666666665,45,3,3,3,True,2520.0,3660.0
20250904_211,OVX,64,3,wash,treatment,slow,chorus_norm,unfloored,0,0,0.0,0.31666666666666665,45,3,3,3,True,2520.0,3660.0
20250904_211,OVX,64,3,wash,treatment,slow,chorus_norm,own_floor,3,0,0.0,0.31666666666666665,45,3,3,3,True,2520.0,3660.0
20250904_211,OVX,64,3,wash,treatment,slow,chorus_norm,baseline_floor,3,0,0.0,0.31666666666666665,45,3,3,3,True,2520.0,3660.0
20250904_211,OVX,64,3,wash,treatment,slow,chorus_gain_norm,unfloored,0,0,0.0,0.31666666666666665,45,3,3,3,True,2520.0,3660.0
20250904_211,OVX,64,3,wash,treatment,slow,chorus_gain_norm,own_floor,3,0,0.0,0.31666666666666665,45,3,3,3,True,2520.0,3660.0
20250904_211,OVX,64,3,wash,treatment,slow,chorus_gain_norm,baseline_floor,3,0,0.0,0.31666666666666665,45,3,3,3,True,2520.0,3660.0
20250904_211,OVX,64,3,wash,treatment,combined,coact,tuned,4,3,9.473684210526317,0.31666666666666665,45,5,4,5,True,2520.0,3660.0
20250904_211,OVX,64,3,wash,treatment,combined,coact,own_floor,5,0,0.0,0.31666666666666665,45,5,4,5,True,2520.0,3660.0
20250904_211,OVX,64,3,wash,treatment,combined,coact,baseline_floor,4,3,9.473684210526317,0.31666666666666665,45,5,4,5,True,2520.0,3660.0
20250904_211,OVX,64,3,wash,treatment,combined,chorus_norm,unfloored,0,1,3.1578947368421053,0.31666666666666665,45,5,4,5,True,2520.0,3660.0
20250904_211,OVX,64,3,wash,treatment,combined,chorus_norm,own_floor,5,0,0.0,0.31666666666666665,45,5,4,5,True,2520.0,3660.0
20250904_211,OVX,64,3,wash,treatment,combined,chorus_norm,baseline_floor,4,1,3.1578947368421053,0.31666666666666665,45,5,4,5,True,2520.0,3660.0
20250904_211,OVX,64,3,wash,treatment,combined,chorus_gain_norm,unfloored,0,1,3.1578947368421053,0.31666666666666665,45,5,4,5,True,2520.0,3660.0
20250904_211,OVX,64,3,wash,treatment,combined,chorus_gain_norm,own_floor,5,0,0.0,0.31666666666666665,45,5,4,5,True,2520.0,3660.0
20250904_211,OVX,64,3,wash,treatment,combined,chorus_gain_norm,baseline_floor,4,1,3.1578947368421053,0.31666666666666665,45,5,4,5,True,2520.0,3660.0
20250904_211,OVX,64,4,high K+,treatment,fast,coact,tuned,3,2,13.230167403458053,0.1511696669444445,45,17,4,17,True,3660.0,4204.210801
20250904_211,OVX,64,4,high K+,treatment,fast,coact,own_floor,17,1,6.615083701729026,0.1511696669444445,45,17,4,17,True,3660.0,4204.210801
20250904_211,OVX,64,4,high K+,treatment,fast,coact,baseline_floor,4,2,13.230167403458053,0.1511696669444445,45,17,4,17,True,3660.0,4204.210801
20250904_211,OVX,64,4,high K+,treatment,fast,chorus_norm,unfloored,0,1,6.615083701729026,0.1511696669444445,45,17,4,17,True,3660.0,4204.210801
20250904_211,OVX,64,4,high K+,treatment,fast,chorus_norm,own_floor,17,0,0.0,0.1511696669444445,45,17,4,17,True,3660.0,4204.210801
20250904_211,OVX,64,4,high K+,treatment,fast,chorus_norm,baseline_floor,4,1,6.615083701729026,0.1511696669444445,45,17,4,17,True,3660.0,4204.210801
20250904_211,OVX,64,4,high K+,treatment,fast,chorus_gain_norm,unfloored,0,0,0.0,0.1511696669444445,45,17,4,17,True,3660.0,4204.210801
20250904_211,OVX,64,4,high K+,treatment,fast,chorus_gain_norm,own_floor,17,0,0.0,0.1511696669444445,45,17,4,17,True,3660.0,4204.210801
20250904_211,OVX,64,4,high K+,treatment,fast,chorus_gain_norm,baseline_floor,4,0,0.0,0.1511696669444445,45,17,4,17,True,3660.0,4204.210801
20250904_211,OVX,64,4,high K+,treatment,slow,coact,tuned,6,3,19.845251105187078,0.1511696669444445,45,13,3,13,True,3660.0,4204.210801
20250904_211,OVX,64,4,high K+,treatment,slow,coact,own_floor,13,1,6.615083701729026,0.1511696669444445,45,13,3,13,True,3660.0,4204.210801
20250904_211,OVX,64,4,high K+,treatment,slow,coact,baseline_floor,3,3,19.845251105187078,0.1511696669444445,45,13,3,13,True,3660.0,4204.210801
20250904_211,OVX,64,4,high K+,treatment,slow,chorus_norm,unfloored,0,0,0.0,0.1511696669444445,45,13,3,13,True,3660.0,4204.210801
20250904_211,OVX,64,4,high K+,treatment,slow,chorus_norm,own_floor,13,0,0.0,0.1511696669444445,45,13,3,13,True,3660.0,4204.210801
20250904_211,OVX,64,4,high K+,treatment,slow,chorus_norm,baseline_floor,3,0,0.0,0.1511696669444445,45,13,3,13,True,3660.0,4204.210801
20250904_211,OVX,64,4,high K+,treatment,slow,chorus_gain_norm,unfloored,0,0,0.0,0.1511696669444445,45,13,3,13,True,3660.0,4204.210801
20250904_211,OVX,64,4,high K+,treatment,slow,chorus_gain_norm,own_floor,13,0,0.0,0.1511696669444445,45,13,3,13,True,3660.0,4204.210801
20250904_211,OVX,64,4,high K+,treatment,slow,chorus_gain_norm,baseline_floor,3,0,0.0,0.1511696669444445,45,13,3,13,True,3660.0,4204.210801
20250904_211,OVX,64,4,high K+,treatment,combined,coact,tuned,4,2,13.230167403458053,0.1511696669444445,45,21,4,21,True,3660.0,4204.210801
20250904_211,OVX,64,4,high K+,treatment,combined,coact,own_floor,21,1,6.615083701729026,0.1511696669444445,45,21,4,21,True,3660.0,4204.210801
20250904_211,OVX,64,4,high K+,treatment,combined,coact,baseline_floor,4,2,13.230167403458053,0.1511696669444445,45,21,4,21,True,3660.0,4204.210801
20250904_211,OVX,64,4,high K+,treatment,combined,chorus_norm,unfloored,0,2,13.230167403458053,0.1511696669444445,45,21,4,21,True,3660.0,4204.210801
20250904_211,OVX,64,4,high K+,treatment,combined,chorus_norm,own_floor,21,1,6.615083701729026,0.1511696669444445,45,21,4,21,True,3660.0,4204.210801
20250904_211,OVX,64,4,high K+,treatment,combined,chorus_norm,baseline_floor,4,2,13.230167403458053,0.1511696669444445,45,21,4,21,True,3660.0,4204.210801
20250904_211,OVX,64,4,high K+,treatment,combined,chorus_gain_norm,unfloored,0,2,13.230167403458053,0.1511696669444445,45,21,4,21,True,3660.0,4204.210801
20250904_211,OVX,64,4,high K+,treatment,combined,chorus_gain_norm,own_floor,21,0,0.0,0.1511696669444445,45,21,4,21,True,3660.0,4204.210801
20250904_211,OVX,64,4,high K+,treatment,combined,chorus_gain_norm,baseline_floor,4,2,13.230167403458053,0.1511696669444445,45,21,4,21,True,3660.0,4204.210801
20250911_214,ORX,65,1,baseline,baseline,fast,coact,tuned,3,1,3.0,0.3333333333333333,20,4,4,4,True,0.0,1200.0
20250911_214,ORX,65,1,baseline,baseline,fast,coact,own_floor,4,1,3.0,0.3333333333333333,20,4,4,4,True,0.0,1200.0
20250911_214,ORX,65,1,baseline,baseline,fast,coact,baseline_floor,4,1,3.0,0.3333333333333333,20,4,4,4,True,0.0,1200.0
20250911_214,ORX,65,1,baseline,baseline,fast,chorus_norm,unfloored,0,2,6.0,0.3333333333333333,20,4,4,4,True,0.0,1200.0
20250911_214,ORX,65,1,baseline,baseline,fast,chorus_norm,own_floor,4,1,3.0,0.3333333333333333,20,4,4,4,True,0.0,1200.0
20250911_214,ORX,65,1,baseline,baseline,fast,chorus_norm,baseline_floor,4,1,3.0,0.3333333333333333,20,4,4,4,True,0.0,1200.0
20250911_214,ORX,65,1,baseline,baseline,fast,chorus_gain_norm,unfloored,0,1,3.0,0.3333333333333333,20,4,4,4,True,0.0,1200.0
20250911_214,ORX,65,1,baseline,baseline,fast,chorus_gain_norm,own_floor,4,1,3.0,0.3333333333333333,20,4,4,4,True,0.0,1200.0
20250911_214,ORX,65,1,baseline,baseline,fast,chorus_gain_norm,baseline_floor,4,1,3.0,0.3333333333333333,20,4,4,4,True,0.0,1200.0
20250911_214,ORX,65,1,baseline,baseline,slow,coact,tuned,6,3,9.0,0.3333333333333333,20,6,6,6,True,0.0,1200.0
20250911_214,ORX,65,1,baseline,baseline,slow,coact,own_floor,6,3,9.0,0.3333333333333333,20,6,6,6,True,0.0,1200.0
20250911_214,ORX,65,1,baseline,baseline,slow,coact,baseline_floor,6,3,9.0,0.3333333333333333,20,6,6,6,True,0.0,1200.0
20250911_214,ORX,65,1,baseline,baseline,slow,chorus_norm,unfloored,0,3,9.0,0.3333333333333333,20,6,6,6,True,0.0,1200.0
20250911_214,ORX,65,1,baseline,baseline,slow,chorus_norm,own_floor,6,3,9.0,0.3333333333333333,20,6,6,6,True,0.0,1200.0
20250911_214,ORX,65,1,baseline,baseline,slow,chorus_norm,baseline_floor,6,3,9.0,0.3333333333333333,20,6,6,6,True,0.0,1200.0
20250911_214,ORX,65,1,baseline,baseline,slow,chorus_gain_norm,unfloored,0,3,9.0,0.3333333333333333,20,6,6,6,True,0.0,1200.0
20250911_214,ORX,65,1,baseline,baseline,slow,chorus_gain_norm,own_floor,6,2,6.0,0.3333333333333333,20,6,6,6,True,0.0,1200.0
20250911_214,ORX,65,1,baseline,baseline,slow,chorus_gain_norm,baseline_floor,6,2,6.0,0.3333333333333333,20,6,6,6,True,0.0,1200.0
20250911_214,ORX,65,1,baseline,baseline,combined,coact,tuned,4,3,9.0,0.3333333333333333,20,6,6,6,True,0.0,1200.0
20250911_214,ORX,65,1,baseline,baseline,combined,coact,own_floor,6,3,9.0,0.3333333333333333,20,6,6,6,True,0.0,1200.0
20250911_214,ORX,65,1,baseline,baseline,combined,coact,baseline_floor,6,3,9.0,0.3333333333333333,20,6,6,6,True,0.0,1200.0
20250911_214,ORX,65,1,baseline,baseline,combined,chorus_norm,unfloored,0,3,9.0,0.3333333333333333,20,6,6,6,True,0.0,1200.0
20250911_214,ORX,65,1,baseline,baseline,combined,chorus_norm,own_floor,6,3,9.0,0.3333333333333333,20,6,6,6,True,0.0,1200.0
20250911_214,ORX,65,1,baseline,baseline,combined,chorus_norm,baseline_floor,6,3,9.0,0.3333333333333333,20,6,6,6,True,0.0,1200.0
20250911_214,ORX,65,1,baseline,baseline,combined,chorus_gain_norm,unfloored,0,3,9.0,0.3333333333333333,20,6,6,6,True,0.0,1200.0
20250911_214,ORX,65,1,baseline,baseline,combined,chorus_gain_norm,own_floor,6,3,9.0,0.3333333333333333,20,6,6,6,True,0.0,1200.0
20250911_214,ORX,65,1,baseline,baseline,combined,chorus_gain_norm,baseline_floor,6,3,9.0,0.3333333333333333,20,6,6,6,True,0.0,1200.0
20250911_214,ORX,65,2,senktide,treatment,fast,coact,tuned,3,21,63.0,0.3333333333333333,20,12,4,12,True,1320.0,2520.0
20250911_214,ORX,65,2,senktide,treatment,fast,coact,own_floor,12,6,18.0,0.3333333333333333,20,12,4,12,True,1320.0,2520.0
20250911_214,ORX,65,2,senktide,treatment,fast,coact,baseline_floor,4,17,51.0,0.3333333333333333,20,12,4,12,True,1320.0,2520.0
20250911_214,ORX,65,2,senktide,treatment,fast,chorus_norm,unfloored,0,21,63.0,0.3333333333333333,20,12,4,12,True,1320.0,2520.0
20250911_214,ORX,65,2,senktide,treatment,fast,chorus_norm,own_floor,12,2,6.0,0.3333333333333333,20,12,4,12,True,1320.0,2520.0
20250911_214,ORX,65,2,senktide,treatment,fast,chorus_norm,baseline_floor,4,10,30.0,0.3333333333333333,20,12,4,12,True,1320.0,2520.0
20250911_214,ORX,65,2,senktide,treatment,fast,chorus_gain_norm,unfloored,0,13,39.0,0.3333333333333333,20,12,4,12,True,1320.0,2520.0
20250911_214,ORX,65,2,senktide,treatment,fast,chorus_gain_norm,own_floor,12,0,0.0,0.3333333333333333,20,12,4,12,True,1320.0,2520.0
20250911_214,ORX,65,2,senktide,treatment,fast,chorus_gain_norm,baseline_floor,4,9,27.0,0.3333333333333333,20,12,4,12,True,1320.0,2520.0
20250911_214,ORX,65,2,senktide,treatment,slow,coact,tuned,6,33,99.0,0.3333333333333333,20,9,6,9,True,1320.0,2520.0
20250911_214,ORX,65,2,senktide,treatment,slow,coact,own_floor,9,27,81.0,0.3333333333333333,20,9,6,9,True,1320.0,2520.0
20250911_214,ORX,65,2,senktide,treatment,slow,coact,baseline_floor,6,33,99.0,0.3333333333333333,20,9,6,9,True,1320.0,2520.0
20250911_214,ORX,65,2,senktide,treatment,slow,chorus_norm,unfloored,0,34,102.0,0.3333333333333333,20,9,6,9,True,1320.0,2520.0
20250911_214,ORX,65,2,senktide,treatment,slow,chorus_norm,own_floor,9,21,63.0,0.3333333333333333,20,9,6,9,True,1320.0,2520.0
20250911_214,ORX,65,2,senktide,treatment,slow,chorus_norm,baseline_floor,6,28,84.0,0.3333333333333333,20,9,6,9,True,1320.0,2520.0
20250911_214,ORX,65,2,senktide,treatment,slow,chorus_gain_norm,unfloored,0,30,90.0,0.3333333333333333,20,9,6,9,True,1320.0,2520.0
20250911_214,ORX,65,2,senktide,treatment,slow,chorus_gain_norm,own_floor,9,23,69.0,0.3333333333333333,20,9,6,9,True,1320.0,2520.0
20250911_214,ORX,65,2,senktide,treatment,slow,chorus_gain_norm,baseline_floor,6,28,84.0,0.3333333333333333,20,9,6,9,True,1320.0,2520.0
20250911_214,ORX,65,2,senktide,treatment,combined,coact,tuned,4,37,111.0,0.3333333333333333,20,14,6,14,True,1320.0,2520.0
20250911_214,ORX,65,2,senktide,treatment,combined,coact,own_floor,14,19,57.0,0.3333333333333333,20,14,6,14,True,1320.0,2520.0
20250911_214,ORX,65,2,senktide,treatment,combined,coact,baseline_floor,6,35,105.0,0.3333333333333333,20,14,6,14,True,1320.0,2520.0
20250911_214,ORX,65,2,senktide,treatment,combined,chorus_norm,unfloored,0,47,141.0,0.3333333333333333,20,14,6,14,True,1320.0,2520.0
20250911_214,ORX,65,2,senktide,treatment,combined,chorus_norm,own_floor,14,16,48.0,0.3333333333333333,20,14,6,14,True,1320.0,2520.0
20250911_214,ORX,65,2,senktide,treatment,combined,chorus_norm,baseline_floor,6,38,114.0,0.3333333333333333,20,14,6,14,True,1320.0,2520.0
20250911_214,ORX,65,2,senktide,treatment,combined,chorus_gain_norm,unfloored,0,36,108.0,0.3333333333333333,20,14,6,14,True,1320.0,2520.0
20250911_214,ORX,65,2,senktide,treatment,combined,chorus_gain_norm,own_floor,14,15,45.0,0.3333333333333333,20,14,6,14,True,1320.0,2520.0
20250911_214,ORX,65,2,senktide,treatment,combined,chorus_gain_norm,baseline_floor,6,32,96.0,0.3333333333333333,20,14,6,14,True,1320.0,2520.0
20250911_217,ORX,65,1,baseline,baseline,fast,coact,tuned,3,1,3.0,0.3333333333333333,32,4,4,4,True,0.0,1200.0
20250911_217,ORX,65,1,baseline,baseline,fast,coact,own_floor,4,0,0.0,0.3333333333333333,32,4,4,4,True,0.0,1200.0
20250911_217,ORX,65,1,baseline,baseline,fast,coact,baseline_floor,4,0,0.0,0.3333333333333333,32,4,4,4,True,0.0,1200.0
20250911_217,ORX,65,1,baseline,baseline,fast,chorus_norm,unfloored,0,1,3.0,0.3333333333333333,32,4,4,4,True,0.0,1200.0
20250911_217,ORX,65,1,baseline,baseline,fast,chorus_norm,own_floor,4,0,0.0,0.3333333333333333,32,4,4,4,True,0.0,1200.0
20250911_217,ORX,65,1,baseline,baseline,fast,chorus_norm,baseline_floor,4,0,0.0,0.3333333333333333,32,4,4,4,True,0.0,1200.0
20250911_217,ORX,65,1,baseline,baseline,fast,chorus_gain_norm,unfloored,0,0,0.0,0.3333333333333333,32,4,4,4,True,0.0,1200.0
20250911_217,ORX,65,1,baseline,baseline,fast,chorus_gain_norm,own_floor,4,0,0.0,0.3333333333333333,32,4,4,4,True,0.0,1200.0
20250911_217,ORX,65,1,baseline,baseline,fast,chorus_gain_norm,baseline_floor,4,0,0.0,0.3333333333333333,32,4,4,4,True,0.0,1200.0
20250911_217,ORX,65,1,baseline,baseline,slow,coact,tuned,6,0,0.0,0.3333333333333333,32,4,4,4,True,0.0,1200.0
20250911_217,ORX,65,1,baseline,baseline,slow,coact,own_floor,4,0,0.0,0.3333333333333333,32,4,4,4,True,0.0,1200.0
20250911_217,ORX,65,1,baseline,baseline,slow,coact,baseline_floor,4,0,0.0,0.3333333333333333,32,4,4,4,True,0.0,1200.0
20250911_217,ORX,65,1,baseline,baseline,slow,chorus_norm,unfloored,0,0,0.0,0.3333333333333333,32,4,4,4,True,0.0,1200.0
20250911_217,ORX,65,1,baseline,baseline,slow,chorus_norm,own_floor,4,0,0.0,0.3333333333333333,32,4,4,4,True,0.0,1200.0
20250911_217,ORX,65,1,baseline,baseline,slow,chorus_norm,baseline_floor,4,0,0.0,0.3333333333333333,32,4,4,4,True,0.0,1200.0
20250911_217,ORX,65,1,baseline,baseline,slow,chorus_gain_norm,unfloored,0,0,0.0,0.3333333333333333,32,4,4,4,True,0.0,1200.0
20250911_217,ORX,65,1,baseline,baseline,slow,chorus_gain_norm,own_floor,4,0,0.0,0.3333333333333333,32,4,4,4,True,0.0,1200.0
20250911_217,ORX,65,1,baseline,baseline,slow,chorus_gain_norm,baseline_floor,4,0,0.0,0.3333333333333333,32,4,4,4,True,0.0,1200.0
20250911_217,ORX,65,1,baseline,baseline,combined,coact,tuned,4,1,3.0,0.3333333333333333,32,5,5,5,True,0.0,1200.0
20250911_217,ORX,65,1,baseline,baseline,combined,coact,own_floor,5,0,0.0,0.3333333333333333,32,5,5,5,True,0.0,1200.0
20250911_217,ORX,65,1,baseline,baseline,combined,coact,baseline_floor,5,0,0.0,0.3333333333333333,32,5,5,5,True,0.0,1200.0
20250911_217,ORX,65,1,baseline,baseline,combined,chorus_norm,unfloored,0,0,0.0,0.3333333333333333,32,5,5,5,True,0.0,1200.0
20250911_217,ORX,65,1,baseline,baseline,combined,chorus_norm,own_floor,5,0,0.0,0.3333333333333333,32,5,5,5,True,0.0,1200.0
20250911_217,ORX,65,1,baseline,baseline,combined,chorus_norm,baseline_floor,5,0,0.0,0.3333333333333333,32,5,5,5,True,0.0,1200.0
20250911_217,ORX,65,1,baseline,baseline,combined,chorus_gain_norm,unfloored,0,0,0.0,0.3333333333333333,32,5,5,5,True,0.0,1200.0
20250911_217,ORX,65,1,baseline,baseline,combined,chorus_gain_norm,own_floor,5,0,0.0,0.3333333333333333,32,5,5,5,True,0.0,1200.0
20250911_217,ORX,65,1,baseline,baseline,combined,chorus_gain_norm,baseline_floor,5,0,0.0,0.3333333333333333,32,5,5,5,True,0.0,1200.0
20250911_217,ORX,65,2,senktide,treatment,fast,coact,tuned,3,10,30.0,0.3333333333333333,32,27,4,27,False,1320.0,2520.0
20250911_217,ORX,65,2,senktide,treatment,fast,coact,own_floor,27,1,3.0,0.3333333333333333,32,27,4,27,False,1320.0,2520.0
20250911_217,ORX,65,2,senktide,treatment,fast,coact,baseline_floor,4,10,30.0,0.3333333333333333,32,27,4,27,False,1320.0,2520.0
20250911_217,ORX,65,2,senktide,treatment,fast,chorus_norm,unfloored,0,12,36.0,0.3333333333333333,32,27,4,27,False,1320.0,2520.0
20250911_217,ORX,65,2,senktide,treatment,fast,chorus_norm,own_floor,27,0,0.0,0.3333333333333333,32,27,4,27,False,1320.0,2520.0
20250911_217,ORX,65,2,senktide,treatment,fast,chorus_norm,baseline_floor,4,10,30.0,0.3333333333333333,32,27,4,27,False,1320.0,2520.0
20250911_217,ORX,65,2,senktide,treatment,fast,chorus_gain_norm,unfloored,0,8,24.0,0.3333333333333333,32,27,4,27,False,1320.0,2520.0
20250911_217,ORX,65,2,senktide,treatment,fast,chorus_gain_norm,own_floor,27,0,0.0,0.3333333333333333,32,27,4,27,False,1320.0,2520.0
20250911_217,ORX,65,2,senktide,treatment,fast,chorus_gain_norm,baseline_floor,4,7,21.0,0.3333333333333333,32,27,4,27,False,1320.0,2520.0
20250911_217,ORX,65,2,senktide,treatment,slow,coact,tuned,6,24,72.0,0.3333333333333333,32,14,4,14,True,1320.0,2520.0
20250911_217,ORX,65,2,senktide,treatment,slow,coact,own_floor,14,7,21.0,0.3333333333333333,32,14,4,14,True,1320.0,2520.0
20250911_217,ORX,65,2,senktide,treatment,slow,coact,baseline_floor,4,25,75.0,0.3333333333333333,32,14,4,14,True,1320.0,2520.0
20250911_217,ORX,65,2,senktide,treatment,slow,chorus_norm,unfloored,0,15,45.0,0.3333333333333333,32,14,4,14,True,1320.0,2520.0
20250911_217,ORX,65,2,senktide,treatment,slow,chorus_norm,own_floor,14,5,15.0,0.3333333333333333,32,14,4,14,True,1320.0,2520.0
20250911_217,ORX,65,2,senktide,treatment,slow,chorus_norm,baseline_floor,4,15,45.0,0.3333333333333333,32,14,4,14,True,1320.0,2520.0
20250911_217,ORX,65,2,senktide,treatment,slow,chorus_gain_norm,unfloored,0,12,36.0,0.3333333333333333,32,14,4,14,True,1320.0,2520.0
20250911_217,ORX,65,2,senktide,treatment,slow,chorus_gain_norm,own_floor,14,4,12.0,0.3333333333333333,32,14,4,14,True,1320.0,2520.0
20250911_217,ORX,65,2,senktide,treatment,slow,chorus_gain_norm,baseline_floor,4,12,36.0,0.3333333333333333,32,14,4,14,True,1320.0,2520.0
20250911_217,ORX,65,2,senktide,treatment,combined,coact,tuned,4,20,60.0,0.3333333333333333,32,29,5,29,True,1320.0,2520.0
20250911_217,ORX,65,2,senktide,treatment,combined,coact,own_floor,29,3,9.0,0.3333333333333333,32,29,5,29,True,1320.0,2520.0
20250911_217,ORX,65,2,senktide,treatment,combined,coact,baseline_floor,5,20,60.0,0.3333333333333333,32,29,5,29,True,1320.0,2520.0
20250911_217,ORX,65,2,senktide,treatment,combined,chorus_norm,unfloored,0,29,87.0,0.3333333333333333,32,29,5,29,True,1320.0,2520.0
20250911_217,ORX,65,2,senktide,treatment,combined,chorus_norm,own_floor,29,3,9.0,0.3333333333333333,32,29,5,29,True,1320.0,2520.0
20250911_217,ORX,65,2,senktide,treatment,combined,chorus_norm,baseline_floor,5,28,84.0,0.3333333333333333,32,29,5,29,True,1320.0,2520.0
20250911_217,ORX,65,2,senktide,treatment,combined,chorus_gain_norm,unfloored,0,31,93.0,0.3333333333333333,32,29,5,29,True,1320.0,2520.0
20250911_217,ORX,65,2,senktide,treatment,combined,chorus_gain_norm,own_floor,29,2,6.0,0.3333333333333333,32,29,5,29,True,1320.0,2520.0
20250911_217,ORX,65,2,senktide,treatment,combined,chorus_gain_norm,baseline_floor,5,29,87.0,0.3333333333333333,32,29,5,29,True,1320.0,2520.0
20250911_222,ORX,65,1,baseline,baseline,fast,coact,tuned,3,3,9.0,0.3333333333333333,34,5,5,5,True,60.0,1260.0
20250911_222,ORX,65,1,baseline,baseline,fast,coact,own_floor,5,1,3.0,0.3333333333333333,34,5,5,5,True,60.0,1260.0
20250911_222,ORX,65,1,baseline,baseline,fast,coact,baseline_floor,5,1,3.0,0.3333333333333333,34,5,5,5,True,60.0,1260.0
20250911_222,ORX,65,1,baseline,baseline,fast,chorus_norm,unfloored,0,2,6.0,0.3333333333333333,34,5,5,5,True,60.0,1260.0
20250911_222,ORX,65,1,baseline,baseline,fast,chorus_norm,own_floor,5,1,3.0,0.3333333333333333,34,5,5,5,True,60.0,1260.0
20250911_222,ORX,65,1,baseline,baseline,fast,chorus_norm,baseline_floor,5,1,3.0,0.3333333333333333,34,5,5,5,True,60.0,1260.0
20250911_222,ORX,65,1,baseline,baseline,fast,chorus_gain_norm,unfloored,0,2,6.0,0.3333333333333333,34,5,5,5,True,60.0,1260.0
20250911_222,ORX,65,1,baseline,baseline,fast,chorus_gain_norm,own_floor,5,1,3.0,0.3333333333333333,34,5,5,5,True,60.0,1260.0
20250911_222,ORX,65,1,baseline,baseline,fast,chorus_gain_norm,baseline_floor,5,1,3.0,0.3333333333333333,34,5,5,5,True,60.0,1260.0
20250911_222,ORX,65,1,baseline,baseline,slow,coact,tuned,6,1,3.0,0.3333333333333333,34,5,5,5,True,60.0,1260.0
20250911_222,ORX,65,1,baseline,baseline,slow,coact,own_floor,5,2,6.0,0.3333333333333333,34,5,5,5,True,60.0,1260.0
20250911_222,ORX,65,1,baseline,baseline,slow,coact,baseline_floor,5,2,6.0,0.3333333333333333,34,5,5,5,True,60.0,1260.0
20250911_222,ORX,65,1,baseline,baseline,slow,chorus_norm,unfloored,0,1,3.0,0.3333333333333333,34,5,5,5,True,60.0,1260.0
20250911_222,ORX,65,1,baseline,baseline,slow,chorus_norm,own_floor,5,1,3.0,0.3333333333333333,34,5,5,5,True,60.0,1260.0
20250911_222,ORX,65,1,baseline,baseline,slow,chorus_norm,baseline_floor,5,1,3.0,0.3333333333333333,34,5,5,5,True,60.0,1260.0
20250911_222,ORX,65,1,baseline,baseline,slow,chorus_gain_norm,unfloored,0,1,3.0,0.3333333333333333,34,5,5,5,True,60.0,1260.0
20250911_222,ORX,65,1,baseline,baseline,slow,chorus_gain_norm,own_floor,5,1,3.0,0.3333333333333333,34,5,5,5,True,60.0,1260.0
20250911_222,ORX,65,1,baseline,baseline,slow,chorus_gain_norm,baseline_floor,5,1,3.0,0.3333333333333333,34,5,5,5,True,60.0,1260.0
20250911_222,ORX,65,1,baseline,baseline,combined,coact,tuned,4,7,21.0,0.3333333333333333,34,6,6,6,True,60.0,1260.0
20250911_222,ORX,65,1,baseline,baseline,combined,coact,own_floor,6,3,9.0,0.3333333333333333,34,6,6,6,True,60.0,1260.0
20250911_222,ORX,65,1,baseline,baseline,combined,coact,baseline_floor,6,3,9.0,0.3333333333333333,34,6,6,6,True,60.0,1260.0
20250911_222,ORX,65,1,baseline,baseline,combined,chorus_norm,unfloored,0,4,12.0,0.3333333333333333,34,6,6,6,True,60.0,1260.0
20250911_222,ORX,65,1,baseline,baseline,combined,chorus_norm,own_floor,6,1,3.0,0.3333333333333333,34,6,6,6,True,60.0,1260.0
20250911_222,ORX,65,1,baseline,baseline,combined,chorus_norm,baseline_floor,6,1,3.0,0.3333333333333333,34,6,6,6,True,60.0,1260.0
20250911_222,ORX,65,1,baseline,baseline,combined,chorus_gain_norm,unfloored,0,3,9.0,0.3333333333333333,34,6,6,6,True,60.0,1260.0
20250911_222,ORX,65,1,baseline,baseline,combined,chorus_gain_norm,own_floor,6,1,3.0,0.3333333333333333,34,6,6,6,True,60.0,1260.0
20250911_222,ORX,65,1,baseline,baseline,combined,chorus_gain_norm,baseline_floor,6,1,3.0,0.3333333333333333,34,6,6,6,True,60.0,1260.0
20250911_222,ORX,65,2,senktide,treatment,fast,coact,tuned,3,14,42.0,0.3333333333333333,34,29,5,29,True,1380.0,2580.0
20250911_222,ORX,65,2,senktide,treatment,fast,coact,own_floor,29,1,3.0,0.3333333333333333,34,29,5,29,True,1380.0,2580.0
20250911_222,ORX,65,2,senktide,treatment,fast,coact,baseline_floor,5,10,30.0,0.3333333333333333,34,29,5,29,True,1380.0,2580.0
20250911_222,ORX,65,2,senktide,treatment,fast,chorus_norm,unfloored,0,9,27.0,0.3333333333333333,34,29,5,29,True,1380.0,2580.0
20250911_222,ORX,65,2,senktide,treatment,fast,chorus_norm,own_floor,29,0,0.0,0.3333333333333333,34,29,5,29,True,1380.0,2580.0
20250911_222,ORX,65,2,senktide,treatment,fast,chorus_norm,baseline_floor,5,7,21.0,0.3333333333333333,34,29,5,29,True,1380.0,2580.0
20250911_222,ORX,65,2,senktide,treatment,fast,chorus_gain_norm,unfloored,0,5,15.0,0.3333333333333333,34,29,5,29,True,1380.0,2580.0
20250911_222,ORX,65,2,senktide,treatment,fast,chorus_gain_norm,own_floor,29,0,0.0,0.3333333333333333,34,29,5,29,True,1380.0,2580.0
20250911_222,ORX,65,2,senktide,treatment,fast,chorus_gain_norm,baseline_floor,5,4,12.0,0.3333333333333333,34,29,5,29,True,1380.0,2580.0
20250911_222,ORX,65,2,senktide,treatment,slow,coact,tuned,6,16,48.0,0.3333333333333333,34,14,5,14,True,1380.0,2580.0
20250911_222,ORX,65,2,senktide,treatment,slow,coact,own_floor,14,8,24.0,0.3333333333333333,34,14,5,14,True,1380.0,2580.0
20250911_222,ORX,65,2,senktide,treatment,slow,coact,baseline_floor,5,19,57.0,0.3333333333333333,34,14,5,14,True,1380.0,2580.0
20250911_222,ORX,65,2,senktide,treatment,slow,chorus_norm,unfloored,0,11,33.0,0.3333333333333333,34,14,5,14,True,1380.0,2580.0
20250911_222,ORX,65,2,senktide,treatment,slow,chorus_norm,own_floor,14,4,12.0,0.3333333333333333,34,14,5,14,True,1380.0,2580.0
20250911_222,ORX,65,2,senktide,treatment,slow,chorus_norm,baseline_floor,5,7,21.0,0.3333333333333333,34,14,5,14,True,1380.0,2580.0
20250911_222,ORX,65,2,senktide,treatment,slow,chorus_gain_norm,unfloored,0,9,27.0,0.3333333333333333,34,14,5,14,True,1380.0,2580.0
20250911_222,ORX,65,2,senktide,treatment,slow,chorus_gain_norm,own_floor,14,3,9.0,0.3333333333333333,34,14,5,14,True,1380.0,2580.0
20250911_222,ORX,65,2,senktide,treatment,slow,chorus_gain_norm,baseline_floor,5,8,24.0,0.3333333333333333,34,14,5,14,True,1380.0,2580.0
20250911_222,ORX,65,2,senktide,treatment,combined,coact,tuned,4,20,60.0,0.3333333333333333,34,30,6,30,False,1380.0,2580.0
20250911_222,ORX,65,2,senktide,treatment,combined,coact,own_floor,30,1,3.0,0.3333333333333333,34,30,6,30,False,1380.0,2580.0
20250911_222,ORX,65,2,senktide,treatment,combined,coact,baseline_floor,6,18,54.0,0.3333333333333333,34,30,6,30,False,1380.0,2580.0
20250911_222,ORX,65,2,senktide,treatment,combined,chorus_norm,unfloored,0,19,57.0,0.3333333333333333,34,30,6,30,False,1380.0,2580.0
20250911_222,ORX,65,2,senktide,treatment,combined,chorus_norm,own_floor,30,0,0.0,0.3333333333333333,34,30,6,30,False,1380.0,2580.0
20250911_222,ORX,65,2,senktide,treatment,combined,chorus_norm,baseline_floor,6,16,48.0,0.3333333333333333,34,30,6,30,False,1380.0,2580.0
20250911_222,ORX,65,2,senktide,treatment,combined,chorus_gain_norm,unfloored,0,21,63.0,0.3333333333333333,34,30,6,30,False,1380.0,2580.0
20250911_222,ORX,65,2,senktide,treatment,combined,chorus_gain_norm,own_floor,30,0,0.0,0.3333333333333333,34,30,6,30,False,1380.0,2580.0
20250911_222,ORX,65,2,senktide,treatment,combined,chorus_gain_norm,baseline_floor,6,17,51.0,0.3333333333333333,34,30,6,30,False,1380.0,2580.0
20250912_225,ORX,66,1,baseline,baseline,fast,coact,tuned,3,4,12.0,0.3333333333333333,45,4,4,4,True,0.0,1200.0
20250912_225,ORX,66,1,baseline,baseline,fast,coact,own_floor,4,1,3.0,0.3333333333333333,45,4,4,4,True,0.0,1200.0
20250912_225,ORX,66,1,baseline,baseline,fast,coact,baseline_floor,4,1,3.0,0.3333333333333333,45,4,4,4,True,0.0,1200.0
20250912_225,ORX,66,1,baseline,baseline,fast,chorus_norm,unfloored,0,1,3.0,0.3333333333333333,45,4,4,4,True,0.0,1200.0
20250912_225,ORX,66,1,baseline,baseline,fast,chorus_norm,own_floor,4,1,3.0,0.3333333333333333,45,4,4,4,True,0.0,1200.0
20250912_225,ORX,66,1,baseline,baseline,fast,chorus_norm,baseline_floor,4,1,3.0,0.3333333333333333,45,4,4,4,True,0.0,1200.0
20250912_225,ORX,66,1,baseline,baseline,fast,chorus_gain_norm,unfloored,0,1,3.0,0.3333333333333333,45,4,4,4,True,0.0,1200.0
20250912_225,ORX,66,1,baseline,baseline,fast,chorus_gain_norm,own_floor,4,1,3.0,0.3333333333333333,45,4,4,4,True,0.0,1200.0
20250912_225,ORX,66,1,baseline,baseline,fast,chorus_gain_norm,baseline_floor,4,1,3.0,0.3333333333333333,45,4,4,4,True,0.0,1200.0
20250912_225,ORX,66,1,baseline,baseline,slow,coact,tuned,6,0,0.0,0.3333333333333333,45,4,4,4,True,0.0,1200.0
20250912_225,ORX,66,1,baseline,baseline,slow,coact,own_floor,4,0,0.0,0.3333333333333333,45,4,4,4,True,0.0,1200.0
20250912_225,ORX,66,1,baseline,baseline,slow,coact,baseline_floor,4,0,0.0,0.3333333333333333,45,4,4,4,True,0.0,1200.0
20250912_225,ORX,66,1,baseline,baseline,slow,chorus_norm,unfloored,0,0,0.0,0.3333333333333333,45,4,4,4,True,0.0,1200.0
20250912_225,ORX,66,1,baseline,baseline,slow,chorus_norm,own_floor,4,0,0.0,0.3333333333333333,45,4,4,4,True,0.0,1200.0
20250912_225,ORX,66,1,baseline,baseline,slow,chorus_norm,baseline_floor,4,0,0.0,0.3333333333333333,45,4,4,4,True,0.0,1200.0
20250912_225,ORX,66,1,baseline,baseline,slow,chorus_gain_norm,unfloored,0,0,0.0,0.3333333333333333,45,4,4,4,True,0.0,1200.0
20250912_225,ORX,66,1,baseline,baseline,slow,chorus_gain_norm,own_floor,4,0,0.0,0.3333333333333333,45,4,4,4,True,0.0,1200.0
20250912_225,ORX,66,1,baseline,baseline,slow,chorus_gain_norm,baseline_floor,4,0,0.0,0.3333333333333333,45,4,4,4,True,0.0,1200.0
20250912_225,ORX,66,1,baseline,baseline,combined,coact,tuned,4,2,6.0,0.3333333333333333,45,5,5,5,True,0.0,1200.0
20250912_225,ORX,66,1,baseline,baseline,combined,coact,own_floor,5,1,3.0,0.3333333333333333,45,5,5,5,True,0.0,1200.0
20250912_225,ORX,66,1,baseline,baseline,combined,coact,baseline_floor,5,1,3.0,0.3333333333333333,45,5,5,5,True,0.0,1200.0
20250912_225,ORX,66,1,baseline,baseline,combined,chorus_norm,unfloored,0,1,3.0,0.3333333333333333,45,5,5,5,True,0.0,1200.0
20250912_225,ORX,66,1,baseline,baseline,combined,chorus_norm,own_floor,5,1,3.0,0.3333333333333333,45,5,5,5,True,0.0,1200.0
20250912_225,ORX,66,1,baseline,baseline,combined,chorus_norm,baseline_floor,5,1,3.0,0.3333333333333333,45,5,5,5,True,0.0,1200.0
20250912_225,ORX,66,1,baseline,baseline,combined,chorus_gain_norm,unfloored,0,1,3.0,0.3333333333333333,45,5,5,5,True,0.0,1200.0
20250912_225,ORX,66,1,baseline,baseline,combined,chorus_gain_norm,own_floor,5,1,3.0,0.3333333333333333,45,5,5,5,True,0.0,1200.0
20250912_225,ORX,66,1,baseline,baseline,combined,chorus_gain_norm,baseline_floor,5,1,3.0,0.3333333333333333,45,5,5,5,True,0.0,1200.0
20250912_225,ORX,66,2,senktide,treatment,fast,coact,tuned,3,5,15.0,0.3333333333333333,45,5,4,5,True,1320.0,2520.0
20250912_225,ORX,66,2,senktide,treatment,fast,coact,own_floor,5,1,3.0,0.3333333333333333,45,5,4,5,True,1320.0,2520.0
20250912_225,ORX,66,2,senktide,treatment,fast,coact,baseline_floor,4,4,12.0,0.3333333333333333,45,5,4,5,True,1320.0,2520.0
20250912_225,ORX,66,2,senktide,treatment,fast,chorus_norm,unfloored,0,2,6.0,0.3333333333333333,45,5,4,5,True,1320.0,2520.0
20250912_225,ORX,66,2,senktide,treatment,fast,chorus_norm,own_floor,5,1,3.0,0.3333333333333333,45,5,4,5,True,1320.0,2520.0
20250912_225,ORX,66,2,senktide,treatment,fast,chorus_norm,baseline_floor,4,1,3.0,0.3333333333333333,45,5,4,5,True,1320.0,2520.0
20250912_225,ORX,66,2,senktide,treatment,fast,chorus_gain_norm,unfloored,0,2,6.0,0.3333333333333333,45,5,4,5,True,1320.0,2520.0
20250912_225,ORX,66,2,senktide,treatment,fast,chorus_gain_norm,own_floor,5,1,3.0,0.3333333333333333,45,5,4,5,True,1320.0,2520.0
20250912_225,ORX,66,2,senktide,treatment,fast,chorus_gain_norm,baseline_floor,4,1,3.0,0.3333333333333333,45,5,4,5,True,1320.0,2520.0
20250912_225,ORX,66,2,senktide,treatment,slow,coact,tuned,6,1,3.0,0.3333333333333333,45,6,4,6,True,1320.0,2520.0
20250912_225,ORX,66,2,senktide,treatment,slow,coact,own_floor,6,1,3.0,0.3333333333333333,45,6,4,6,True,1320.0,2520.0
20250912_225,ORX,66,2,senktide,treatment,slow,coact,baseline_floor,4,5,15.0,0.3333333333333333,45,6,4,6,True,1320.0,2520.0
20250912_225,ORX,66,2,senktide,treatment,slow,chorus_norm,unfloored,0,0,0.0,0.3333333333333333,45,6,4,6,True,1320.0,2520.0
20250912_225,ORX,66,2,senktide,treatment,slow,chorus_norm,own_floor,6,0,0.0,0.3333333333333333,45,6,4,6,True,1320.0,2520.0
20250912_225,ORX,66,2,senktide,treatment,slow,chorus_norm,baseline_floor,4,0,0.0,0.3333333333333333,45,6,4,6,True,1320.0,2520.0
20250912_225,ORX,66,2,senktide,treatment,slow,chorus_gain_norm,unfloored,0,0,0.0,0.3333333333333333,45,6,4,6,True,1320.0,2520.0
20250912_225,ORX,66,2,senktide,treatment,slow,chorus_gain_norm,own_floor,6,0,0.0,0.3333333333333333,45,6,4,6,True,1320.0,2520.0
20250912_225,ORX,66,2,senktide,treatment,slow,chorus_gain_norm,baseline_floor,4,0,0.0,0.3333333333333333,45,6,4,6,True,1320.0,2520.0
20250912_225,ORX,66,2,senktide,treatment,combined,coact,tuned,4,4,12.0,0.3333333333333333,45,7,5,7,True,1320.0,2520.0
20250912_225,ORX,66,2,senktide,treatment,combined,coact,own_floor,7,2,6.0,0.3333333333333333,45,7,5,7,True,1320.0,2520.0
20250912_225,ORX,66,2,senktide,treatment,combined,coact,baseline_floor,5,2,6.0,0.3333333333333333,45,7,5,7,True,1320.0,2520.0
20250912_225,ORX,66,2,senktide,treatment,combined,chorus_norm,unfloored,0,3,9.0,0.3333333333333333,45,7,5,7,True,1320.0,2520.0
20250912_225,ORX,66,2,senktide,treatment,combined,chorus_norm,own_floor,7,2,6.0,0.3333333333333333,45,7,5,7,True,1320.0,2520.0
20250912_225,ORX,66,2,senktide,treatment,combined,chorus_norm,baseline_floor,5,3,9.0,0.3333333333333333,45,7,5,7,True,1320.0,2520.0
20250912_225,ORX,66,2,senktide,treatment,combined,chorus_gain_norm,unfloored,0,2,6.0,0.3333333333333333,45,7,5,7,True,1320.0,2520.0
20250912_225,ORX,66,2,senktide,treatment,combined,chorus_gain_norm,own_floor,7,1,3.0,0.3333333333333333,45,7,5,7,True,1320.0,2520.0
20250912_225,ORX,66,2,senktide,treatment,combined,chorus_gain_norm,baseline_floor,5,2,6.0,0.3333333333333333,45,7,5,7,True,1320.0,2520.0
20250912_225,ORX,66,3,high K+,treatment,fast,coact,tuned,3,3,21.089186127124865,0.14225300027777774,45,17,4,17,True,2700.0,3212.110801
20250912_225,ORX,66,3,high K+,treatment,fast,coact,own_floor,17,1,7.029728709041622,0.14225300027777774,45,17,4,17,True,2700.0,3212.110801
20250912_225,ORX,66,3,high K+,treatment,fast,coact,baseline_floor,4,3,21.089186127124865,0.14225300027777774,45,17,4,17,True,2700.0,3212.110801
20250912_225,ORX,66,3,high K+,treatment,fast,chorus_norm,unfloored,0,0,0.0,0.14225300027777774,45,17,4,17,True,2700.0,3212.110801
20250912_225,ORX,66,3,high K+,treatment,fast,chorus_norm,own_floor,17,0,0.0,0.14225300027777774,45,17,4,17,True,2700.0,3212.110801
20250912_225,ORX,66,3,high K+,treatment,fast,chorus_norm,baseline_floor,4,0,0.0,0.14225300027777774,45,17,4,17,True,2700.0,3212.110801
20250912_225,ORX,66,3,high K+,treatment,fast,chorus_gain_norm,unfloored,0,0,0.0,0.14225300027777774,45,17,4,17,True,2700.0,3212.110801
20250912_225,ORX,66,3,high K+,treatment,fast,chorus_gain_norm,own_floor,17,0,0.0,0.14225300027777774,45,17,4,17,True,2700.0,3212.110801
20250912_225,ORX,66,3,high K+,treatment,fast,chorus_gain_norm,baseline_floor,4,0,0.0,0.14225300027777774,45,17,4,17,True,2700.0,3212.110801
20250912_225,ORX,66,3,high K+,treatment,slow,coact,tuned,6,3,21.089186127124865,0.14225300027777774,45,10,4,10,True,2700.0,3212.110801
20250912_225,ORX,66,3,high K+,treatment,slow,coact,own_floor,10,2,14.059457418083245,0.14225300027777774,45,10,4,10,True,2700.0,3212.110801
20250912_225,ORX,66,3,high K+,treatment,slow,coact,baseline_floor,4,4,28.11891483616649,0.14225300027777774,45,10,4,10,True,2700.0,3212.110801
20250912_225,ORX,66,3,high K+,treatment,slow,chorus_norm,unfloored,0,2,14.059457418083245,0.14225300027777774,45,10,4,10,True,2700.0,3212.110801
20250912_225,ORX,66,3,high K+,treatment,slow,chorus_norm,own_floor,10,0,0.0,0.14225300027777774,45,10,4,10,True,2700.0,3212.110801
20250912_225,ORX,66,3,high K+,treatment,slow,chorus_norm,baseline_floor,4,2,14.059457418083245,0.14225300027777774,45,10,4,10,True,2700.0,3212.110801
20250912_225,ORX,66,3,high K+,treatment,slow,chorus_gain_norm,unfloored,0,1,7.029728709041622,0.14225300027777774,45,10,4,10,True,2700.0,3212.110801
20250912_225,ORX,66,3,high K+,treatment,slow,chorus_gain_norm,own_floor,10,0,0.0,0.14225300027777774,45,10,4,10,True,2700.0,3212.110801
20250912_225,ORX,66,3,high K+,treatment,slow,chorus_gain_norm,baseline_floor,4,0,0.0,0.14225300027777774,45,10,4,10,True,2700.0,3212.110801
20250912_225,ORX,66,3,high K+,treatment,combined,coact,tuned,4,5,35.14864354520811,0.14225300027777774,45,18,5,18,True,2700.0,3212.110801
20250912_225,ORX,66,3,high K+,treatment,combined,coact,own_floor,18,1,7.029728709041622,0.14225300027777774,45,18,5,18,True,2700.0,3212.110801
20250912_225,ORX,66,3,high K+,treatment,combined,coact,baseline_floor,5,5,35.14864354520811,0.14225300027777774,45,18,5,18,True,2700.0,3212.110801
20250912_225,ORX,66,3,high K+,treatment,combined,chorus_norm,unfloored,0,4,28.11891483616649,0.14225300027777774,45,18,5,18,True,2700.0,3212.110801
20250912_225,ORX,66,3,high K+,treatment,combined,chorus_norm,own_floor,18,0,0.0,0.14225300027777774,45,18,5,18,True,2700.0,3212.110801
20250912_225,ORX,66,3,high K+,treatment,combined,chorus_norm,baseline_floor,5,3,21.089186127124865,0.14225300027777774,45,18,5,18,True,2700.0,3212.110801
20250912_225,ORX,66,3,high K+,treatment,combined,chorus_gain_norm,unfloored,0,4,28.11891483616649,0.14225300027777774,45,18,5,18,True,2700.0,3212.110801
20250912_225,ORX,66,3,high K+,treatment,combined,chorus_gain_norm,own_floor,18,0,0.0,0.14225300027777774,45,18,5,18,True,2700.0,3212.110801
20250912_225,ORX,66,3,high K+,treatment,combined,chorus_gain_norm,baseline_floor,5,2,14.059457418083245,0.14225300027777774,45,18,5,18,True,2700.0,3212.110801
20250912_227,ORX,66,1,baseline,baseline,fast,coact,tuned,3,1,3.0,0.3333333333333333,17,3,3,3,True,0.0,1200.0
20250912_227,ORX,66,1,baseline,baseline,fast,coact,own_floor,3,1,3.0,0.3333333333333333,17,3,3,3,True,0.0,1200.0
20250912_227,ORX,66,1,baseline,baseline,fast,coact,baseline_floor,3,1,3.0,0.3333333333333333,17,3,3,3,True,0.0,1200.0
20250912_227,ORX,66,1,baseline,baseline,fast,chorus_norm,unfloored,0,1,3.0,0.3333333333333333,17,3,3,3,True,0.0,1200.0
20250912_227,ORX,66,1,baseline,baseline,fast,chorus_norm,own_floor,3,1,3.0,0.3333333333333333,17,3,3,3,True,0.0,1200.0
20250912_227,ORX,66,1,baseline,baseline,fast,chorus_norm,baseline_floor,3,1,3.0,0.3333333333333333,17,3,3,3,True,0.0,1200.0
20250912_227,ORX,66,1,baseline,baseline,fast,chorus_gain_norm,unfloored,0,1,3.0,0.3333333333333333,17,3,3,3,True,0.0,1200.0
20250912_227,ORX,66,1,baseline,baseline,fast,chorus_gain_norm,own_floor,3,1,3.0,0.3333333333333333,17,3,3,3,True,0.0,1200.0
20250912_227,ORX,66,1,baseline,baseline,fast,chorus_gain_norm,baseline_floor,3,1,3.0,0.3333333333333333,17,3,3,3,True,0.0,1200.0
20250912_227,ORX,66,1,baseline,baseline,slow,coact,tuned,6,1,3.0,0.3333333333333333,17,3,3,3,True,0.0,1200.0
20250912_227,ORX,66,1,baseline,baseline,slow,coact,own_floor,3,1,3.0,0.3333333333333333,17,3,3,3,True,0.0,1200.0
20250912_227,ORX,66,1,baseline,baseline,slow,coact,baseline_floor,3,1,3.0,0.3333333333333333,17,3,3,3,True,0.0,1200.0
20250912_227,ORX,66,1,baseline,baseline,slow,chorus_norm,unfloored,0,1,3.0,0.3333333333333333,17,3,3,3,True,0.0,1200.0
20250912_227,ORX,66,1,baseline,baseline,slow,chorus_norm,own_floor,3,1,3.0,0.3333333333333333,17,3,3,3,True,0.0,1200.0
20250912_227,ORX,66,1,baseline,baseline,slow,chorus_norm,baseline_floor,3,1,3.0,0.3333333333333333,17,3,3,3,True,0.0,1200.0
20250912_227,ORX,66,1,baseline,baseline,slow,chorus_gain_norm,unfloored,0,1,3.0,0.3333333333333333,17,3,3,3,True,0.0,1200.0
20250912_227,ORX,66,1,baseline,baseline,slow,chorus_gain_norm,own_floor,3,1,3.0,0.3333333333333333,17,3,3,3,True,0.0,1200.0
20250912_227,ORX,66,1,baseline,baseline,slow,chorus_gain_norm,baseline_floor,3,1,3.0,0.3333333333333333,17,3,3,3,True,0.0,1200.0
20250912_227,ORX,66,1,baseline,baseline,combined,coact,tuned,4,1,3.0,0.3333333333333333,17,4,4,4,True,0.0,1200.0
20250912_227,ORX,66,1,baseline,baseline,combined,coact,own_floor,4,1,3.0,0.3333333333333333,17,4,4,4,True,0.0,1200.0
20250912_227,ORX,66,1,baseline,baseline,combined,coact,baseline_floor,4,1,3.0,0.3333333333333333,17,4,4,4,True,0.0,1200.0
20250912_227,ORX,66,1,baseline,baseline,combined,chorus_norm,unfloored,0,4,12.0,0.3333333333333333,17,4,4,4,True,0.0,1200.0
20250912_227,ORX,66,1,baseline,baseline,combined,chorus_norm,own_floor,4,1,3.0,0.3333333333333333,17,4,4,4,True,0.0,1200.0
20250912_227,ORX,66,1,baseline,baseline,combined,chorus_norm,baseline_floor,4,1,3.0,0.3333333333333333,17,4,4,4,True,0.0,1200.0
20250912_227,ORX,66,1,baseline,baseline,combined,chorus_gain_norm,unfloored,0,1,3.0,0.3333333333333333,17,4,4,4,True,0.0,1200.0
20250912_227,ORX,66,1,baseline,baseline,combined,chorus_gain_norm,own_floor,4,1,3.0,0.3333333333333333,17,4,4,4,True,0.0,1200.0
20250912_227,ORX,66,1,baseline,baseline,combined,chorus_gain_norm,baseline_floor,4,1,3.0,0.3333333333333333,17,4,4,4,True,0.0,1200.0
20250912_227,ORX,66,2,senktide,treatment,fast,coact,tuned,3,5,20.08231963724824,0.2489752225,17,7,3,7,True,1320.0,2216.310801
20250912_227,ORX,66,2,senktide,treatment,fast,coact,own_floor,7,2,8.032927854899295,0.2489752225,17,7,3,7,True,1320.0,2216.310801
20250912_227,ORX,66,2,senktide,treatment,fast,coact,baseline_floor,3,5,20.08231963724824,0.2489752225,17,7,3,7,True,1320.0,2216.310801
20250912_227,ORX,66,2,senktide,treatment,fast,chorus_norm,unfloored,0,9,36.14817534704683,0.2489752225,17,7,3,7,True,1320.0,2216.310801
20250912_227,ORX,66,2,senktide,treatment,fast,chorus_norm,own_floor,7,1,4.016463927449648,0.2489752225,17,7,3,7,True,1320.0,2216.310801
20250912_227,ORX,66,2,senktide,treatment,fast,chorus_norm,baseline_floor,3,5,20.08231963724824,0.2489752225,17,7,3,7,True,1320.0,2216.310801
20250912_227,ORX,66,2,senktide,treatment,fast,chorus_gain_norm,unfloored,0,4,16.06585570979859,0.2489752225,17,7,3,7,True,1320.0,2216.310801
20250912_227,ORX,66,2,senktide,treatment,fast,chorus_gain_norm,own_floor,7,0,0.0,0.2489752225,17,7,3,7,True,1320.0,2216.310801
20250912_227,ORX,66,2,senktide,treatment,fast,chorus_gain_norm,baseline_floor,3,4,16.06585570979859,0.2489752225,17,7,3,7,True,1320.0,2216.310801
20250912_227,ORX,66,2,senktide,treatment,slow,coact,tuned,6,1,4.016463927449648,0.2489752225,17,6,3,6,True,1320.0,2216.310801
20250912_227,ORX,66,2,senktide,treatment,slow,coact,own_floor,6,1,4.016463927449648,0.2489752225,17,6,3,6,True,1320.0,2216.310801
20250912_227,ORX,66,2,senktide,treatment,slow,coact,baseline_floor,3,1,4.016463927449648,0.2489752225,17,6,3,6,True,1320.0,2216.310801
20250912_227,ORX,66,2,senktide,treatment,slow,chorus_norm,unfloored,0,1,4.016463927449648,0.2489752225,17,6,3,6,True,1320.0,2216.310801
20250912_227,ORX,66,2,senktide,treatment,slow,chorus_norm,own_floor,6,0,0.0,0.2489752225,17,6,3,6,True,1320.0,2216.310801
20250912_227,ORX,66,2,senktide,treatment,slow,chorus_norm,baseline_floor,3,1,4.016463927449648,0.2489752225,17,6,3,6,True,1320.0,2216.310801
20250912_227,ORX,66,2,senktide,treatment,slow,chorus_gain_norm,unfloored,0,0,0.0,0.2489752225,17,6,3,6,True,1320.0,2216.310801
20250912_227,ORX,66,2,senktide,treatment,slow,chorus_gain_norm,own_floor,6,0,0.0,0.2489752225,17,6,3,6,True,1320.0,2216.310801
20250912_227,ORX,66,2,senktide,treatment,slow,chorus_gain_norm,baseline_floor,3,0,0.0,0.2489752225,17,6,3,6,True,1320.0,2216.310801
20250912_227,ORX,66,2,senktide,treatment,combined,coact,tuned,4,4,16.06585570979859,0.2489752225,17,9,4,9,True,1320.0,2216.310801
20250912_227,ORX,66,2,senktide,treatment,combined,coact,own_floor,9,1,4.016463927449648,0.2489752225,17,9,4,9,True,1320.0,2216.310801
20250912_227,ORX,66,2,senktide,treatment,combined,coact,baseline_floor,4,4,16.06585570979859,0.2489752225,17,9,4,9,True,1320.0,2216.310801
20250912_227,ORX,66,2,senktide,treatment,combined,chorus_norm,unfloored,0,11,44.18110320194613,0.2489752225,17,9,4,9,True,1320.0,2216.310801
20250912_227,ORX,66,2,senktide,treatment,combined,chorus_norm,own_floor,9,0,0.0,0.2489752225,17,9,4,9,True,1320.0,2216.310801
20250912_227,ORX,66,2,senktide,treatment,combined,chorus_norm,baseline_floor,4,4,16.06585570979859,0.2489752225,17,9,4,9,True,1320.0,2216.310801
20250912_227,ORX,66,2,senktide,treatment,combined,chorus_gain_norm,unfloored,0,4,16.06585570979859,0.2489752225,17,9,4,9,True,1320.0,2216.310801
20250912_227,ORX,66,2,senktide,treatment,combined,chorus_gain_norm,own_floor,9,0,0.0,0.2489752225,17,9,4,9,True,1320.0,2216.310801
20250912_227,ORX,66,2,senktide,treatment,combined,chorus_gain_norm,baseline_floor,4,4,16.06585570979859,0.2489752225,17,9,4,9,True,1320.0,2216.310801
20250912_229,ORX,66,1,baseline,baseline,fast,coact,tuned,3,0,0.0,0.31666666666666665,55,7,7,7,True,0.0,1140.0
20250912_229,ORX,66,1,baseline,baseline,fast,coact,own_floor,7,0,0.0,0.31666666666666665,55,7,7,7,True,0.0,1140.0
20250912_229,ORX,66,1,baseline,baseline,fast,coact,baseline_floor,7,0,0.0,0.31666666666666665,55,7,7,7,True,0.0,1140.0
20250912_229,ORX,66,1,baseline,baseline,fast,chorus_norm,unfloored,0,0,0.0,0.31666666666666665,55,7,7,7,True,0.0,1140.0
20250912_229,ORX,66,1,baseline,baseline,fast,chorus_norm,own_floor,7,0,0.0,0.31666666666666665,55,7,7,7,True,0.0,1140.0
20250912_229,ORX,66,1,baseline,baseline,fast,chorus_norm,baseline_floor,7,0,0.0,0.31666666666666665,55,7,7,7,True,0.0,1140.0
20250912_229,ORX,66,1,baseline,baseline,fast,chorus_gain_norm,unfloored,0,1,3.1578947368421053,0.31666666666666665,55,7,7,7,True,0.0,1140.0
20250912_229,ORX,66,1,baseline,baseline,fast,chorus_gain_norm,own_floor,7,0,0.0,0.31666666666666665,55,7,7,7,True,0.0,1140.0
20250912_229,ORX,66,1,baseline,baseline,fast,chorus_gain_norm,baseline_floor,7,0,0.0,0.31666666666666665,55,7,7,7,True,0.0,1140.0
20250912_229,ORX,66,1,baseline,baseline,slow,coact,tuned,6,0,0.0,0.31666666666666665,55,4,4,4,True,0.0,1140.0
20250912_229,ORX,66,1,baseline,baseline,slow,coact,own_floor,4,0,0.0,0.31666666666666665,55,4,4,4,True,0.0,1140.0
20250912_229,ORX,66,1,baseline,baseline,slow,coact,baseline_floor,4,0,0.0,0.31666666666666665,55,4,4,4,True,0.0,1140.0
20250912_229,ORX,66,1,baseline,baseline,slow,chorus_norm,unfloored,0,0,0.0,0.31666666666666665,55,4,4,4,True,0.0,1140.0
20250912_229,ORX,66,1,baseline,baseline,slow,chorus_norm,own_floor,4,0,0.0,0.31666666666666665,55,4,4,4,True,0.0,1140.0
20250912_229,ORX,66,1,baseline,baseline,slow,chorus_norm,baseline_floor,4,0,0.0,0.31666666666666665,55,4,4,4,True,0.0,1140.0
20250912_229,ORX,66,1,baseline,baseline,slow,chorus_gain_norm,unfloored,0,0,0.0,0.31666666666666665,55,4,4,4,True,0.0,1140.0
20250912_229,ORX,66,1,baseline,baseline,slow,chorus_gain_norm,own_floor,4,0,0.0,0.31666666666666665,55,4,4,4,True,0.0,1140.0
20250912_229,ORX,66,1,baseline,baseline,slow,chorus_gain_norm,baseline_floor,4,0,0.0,0.31666666666666665,55,4,4,4,True,0.0,1140.0
20250912_229,ORX,66,1,baseline,baseline,combined,coact,tuned,4,1,3.1578947368421053,0.31666666666666665,55,8,8,8,True,0.0,1140.0
20250912_229,ORX,66,1,baseline,baseline,combined,coact,own_floor,8,0,0.0,0.31666666666666665,55,8,8,8,True,0.0,1140.0
20250912_229,ORX,66,1,baseline,baseline,combined,coact,baseline_floor,8,0,0.0,0.31666666666666665,55,8,8,8,True,0.0,1140.0
20250912_229,ORX,66,1,baseline,baseline,combined,chorus_norm,unfloored,0,0,0.0,0.31666666666666665,55,8,8,8,True,0.0,1140.0
20250912_229,ORX,66,1,baseline,baseline,combined,chorus_norm,own_floor,8,0,0.0,0.31666666666666665,55,8,8,8,True,0.0,1140.0
20250912_229,ORX,66,1,baseline,baseline,combined,chorus_norm,baseline_floor,8,0,0.0,0.31666666666666665,55,8,8,8,True,0.0,1140.0
20250912_229,ORX,66,1,baseline,baseline,combined,chorus_gain_norm,unfloored,0,0,0.0,0.31666666666666665,55,8,8,8,True,0.0,1140.0
20250912_229,ORX,66,1,baseline,baseline,combined,chorus_gain_norm,own_floor,8,0,0.0,0.31666666666666665,55,8,8,8,True,0.0,1140.0
20250912_229,ORX,66,1,baseline,baseline,combined,chorus_gain_norm,baseline_floor,8,0,0.0,0.31666666666666665,55,8,8,8,True,0.0,1140.0
20250912_229,ORX,66,2,senktide,treatment,fast,coact,tuned,3,3,9.0,0.3333333333333333,55,31,7,31,True,1260.0,2460.0
20250912_229,ORX,66,2,senktide,treatment,fast,coact,own_floor,31,2,6.0,0.3333333333333333,55,31,7,31,True,1260.0,2460.0
20250912_229,ORX,66,2,senktide,treatment,fast,coact,baseline_floor,7,3,9.0,0.3333333333333333,55,31,7,31,True,1260.0,2460.0
20250912_229,ORX,66,2,senktide,treatment,fast,chorus_norm,unfloored,0,0,0.0,0.3333333333333333,55,31,7,31,True,1260.0,2460.0
20250912_229,ORX,66,2,senktide,treatment,fast,chorus_norm,own_floor,31,0,0.0,0.3333333333333333,55,31,7,31,True,1260.0,2460.0
20250912_229,ORX,66,2,senktide,treatment,fast,chorus_norm,baseline_floor,7,0,0.0,0.3333333333333333,55,31,7,31,True,1260.0,2460.0
20250912_229,ORX,66,2,senktide,treatment,fast,chorus_gain_norm,unfloored,0,0,0.0,0.3333333333333333,55,31,7,31,True,1260.0,2460.0
20250912_229,ORX,66,2,senktide,treatment,fast,chorus_gain_norm,own_floor,31,0,0.0,0.3333333333333333,55,31,7,31,True,1260.0,2460.0
20250912_229,ORX,66,2,senktide,treatment,fast,chorus_gain_norm,baseline_floor,7,0,0.0,0.3333333333333333,55,31,7,31,True,1260.0,2460.0
20250912_229,ORX,66,2,senktide,treatment,slow,coact,tuned,6,9,27.0,0.3333333333333333,55,17,4,17,True,1260.0,2460.0
20250912_229,ORX,66,2,senktide,treatment,slow,coact,own_floor,17,1,3.0,0.3333333333333333,55,17,4,17,True,1260.0,2460.0
20250912_229,ORX,66,2,senktide,treatment,slow,coact,baseline_floor,4,10,30.0,0.3333333333333333,55,17,4,17,True,1260.0,2460.0
20250912_229,ORX,66,2,senktide,treatment,slow,chorus_norm,unfloored,0,1,3.0,0.3333333333333333,55,17,4,17,True,1260.0,2460.0
20250912_229,ORX,66,2,senktide,treatment,slow,chorus_norm,own_floor,17,0,0.0,0.3333333333333333,55,17,4,17,True,1260.0,2460.0
20250912_229,ORX,66,2,senktide,treatment,slow,chorus_norm,baseline_floor,4,1,3.0,0.3333333333333333,55,17,4,17,True,1260.0,2460.0
20250912_229,ORX,66,2,senktide,treatment,slow,chorus_gain_norm,unfloored,0,1,3.0,0.3333333333333333,55,17,4,17,True,1260.0,2460.0
20250912_229,ORX,66,2,senktide,treatment,slow,chorus_gain_norm,own_floor,17,0,0.0,0.3333333333333333,55,17,4,17,True,1260.0,2460.0
20250912_229,ORX,66,2,senktide,treatment,slow,chorus_gain_norm,baseline_floor,4,1,3.0,0.3333333333333333,55,17,4,17,True,1260.0,2460.0
20250912_229,ORX,66,2,senktide,treatment,combined,coact,tuned,4,5,15.0,0.3333333333333333,55,34,8,34,True,1260.0,2460.0
20250912_229,ORX,66,2,senktide,treatment,combined,coact,own_floor,34,2,6.0,0.3333333333333333,55,34,8,34,True,1260.0,2460.0
20250912_229,ORX,66,2,senktide,treatment,combined,coact,baseline_floor,8,5,15.0,0.3333333333333333,55,34,8,34,True,1260.0,2460.0
20250912_229,ORX,66,2,senktide,treatment,combined,chorus_norm,unfloored,0,7,21.0,0.3333333333333333,55,34,8,34,True,1260.0,2460.0
20250912_229,ORX,66,2,senktide,treatment,combined,chorus_norm,own_floor,34,0,0.0,0.3333333333333333,55,34,8,34,True,1260.0,2460.0
20250912_229,ORX,66,2,senktide,treatment,combined,chorus_norm,baseline_floor,8,6,18.0,0.3333333333333333,55,34,8,34,True,1260.0,2460.0
20250912_229,ORX,66,2,senktide,treatment,combined,chorus_gain_norm,unfloored,0,22,66.0,0.3333333333333333,55,34,8,34,True,1260.0,2460.0
20250912_229,ORX,66,2,senktide,treatment,combined,chorus_gain_norm,own_floor,34,0,0.0,0.3333333333333333,55,34,8,34,True,1260.0,2460.0
20250912_229,ORX,66,2,senktide,treatment,combined,chorus_gain_norm,baseline_floor,8,17,51.0,0.3333333333333333,55,34,8,34,True,1260.0,2460.0
20250912_229,ORX,66,3,high K+,treatment,fast,coact,tuned,3,4,17.61229179260806,0.22711411138888885,55,40,7,40,True,2700.0,3517.610801
20250912_229,ORX,66,3,high K+,treatment,fast,coact,own_floor,40,3,13.209218844456046,0.22711411138888885,55,40,7,40,True,2700.0,3517.610801
20250912_229,ORX,66,3,high K+,treatment,fast,coact,baseline_floor,7,4,17.61229179260806,0.22711411138888885,55,40,7,40,True,2700.0,3517.610801
20250912_229,ORX,66,3,high K+,treatment,fast,chorus_norm,unfloored,0,2,8.80614589630403,0.22711411138888885,55,40,7,40,True,2700.0,3517.610801
20250912_229,ORX,66,3,high K+,treatment,fast,chorus_norm,own_floor,40,0,0.0,0.22711411138888885,55,40,7,40,True,2700.0,3517.610801
20250912_229,ORX,66,3,high K+,treatment,fast,chorus_norm,baseline_floor,7,2,8.80614589630403,0.22711411138888885,55,40,7,40,True,2700.0,3517.610801
20250912_229,ORX,66,3,high K+,treatment,fast,chorus_gain_norm,unfloored,0,1,4.403072948152015,0.22711411138888885,55,40,7,40,True,2700.0,3517.610801
20250912_229,ORX,66,3,high K+,treatment,fast,chorus_gain_norm,own_floor,40,0,0.0,0.22711411138888885,55,40,7,40,True,2700.0,3517.610801
20250912_229,ORX,66,3,high K+,treatment,fast,chorus_gain_norm,baseline_floor,7,0,0.0,0.22711411138888885,55,40,7,40,True,2700.0,3517.610801
20250912_229,ORX,66,3,high K+,treatment,slow,coact,tuned,6,11,48.43380242967217,0.22711411138888885,55,14,4,14,True,2700.0,3517.610801
20250912_229,ORX,66,3,high K+,treatment,slow,coact,own_floor,14,4,17.61229179260806,0.22711411138888885,55,14,4,14,True,2700.0,3517.610801
20250912_229,ORX,66,3,high K+,treatment,slow,coact,baseline_floor,4,13,57.2399483259762,0.22711411138888885,55,14,4,14,True,2700.0,3517.610801
20250912_229,ORX,66,3,high K+,treatment,slow,chorus_norm,unfloored,0,7,30.821510637064108,0.22711411138888885,55,14,4,14,True,2700.0,3517.610801
20250912_229,ORX,66,3,high K+,treatment,slow,chorus_norm,own_floor,14,1,4.403072948152015,0.22711411138888885,55,14,4,14,True,2700.0,3517.610801
20250912_229,ORX,66,3,high K+,treatment,slow,chorus_norm,baseline_floor,4,7,30.821510637064108,0.22711411138888885,55,14,4,14,True,2700.0,3517.610801
20250912_229,ORX,66,3,high K+,treatment,slow,chorus_gain_norm,unfloored,0,3,13.209218844456046,0.22711411138888885,55,14,4,14,True,2700.0,3517.610801
20250912_229,ORX,66,3,high K+,treatment,slow,chorus_gain_norm,own_floor,14,0,0.0,0.22711411138888885,55,14,4,14,True,2700.0,3517.610801
20250912_229,ORX,66,3,high K+,treatment,slow,chorus_gain_norm,baseline_floor,4,3,13.209218844456046,0.22711411138888885,55,14,4,14,True,2700.0,3517.610801
20250912_229,ORX,66,3,high K+,treatment,combined,coact,tuned,4,14,61.643021274128216,0.22711411138888885,55,42,8,42,True,2700.0,3517.610801
20250912_229,ORX,66,3,high K+,treatment,combined,coact,own_floor,42,3,13.209218844456046,0.22711411138888885,55,42,8,42,True,2700.0,3517.610801
20250912_229,ORX,66,3,high K+,treatment,combined,coact,baseline_floor,8,14,61.643021274128216,0.22711411138888885,55,42,8,42,True,2700.0,3517.610801
20250912_229,ORX,66,3,high K+,treatment,combined,chorus_norm,unfloored,0,9,39.62765653336814,0.22711411138888885,55,42,8,42,True,2700.0,3517.610801
20250912_229,ORX,66,3,high K+,treatment,combined,chorus_norm,own_floor,42,0,0.0,0.22711411138888885,55,42,8,42,True,2700.0,3517.610801
20250912_229,ORX,66,3,high K+,treatment,combined,chorus_norm,baseline_floor,8,8,35.22458358521612,0.22711411138888885,55,42,8,42,True,2700.0,3517.610801
20250912_229,ORX,66,3,high K+,treatment,combined,chorus_gain_norm,unfloored,0,16,70.44916717043225,0.22711411138888885,55,42,8,42,True,2700.0,3517.610801
20250912_229,ORX,66,3,high K+,treatment,combined,chorus_gain_norm,own_floor,42,0,0.0,0.22711411138888885,55,42,8,42,True,2700.0,3517.610801
20250912_229,ORX,66,3,high K+,treatment,combined,chorus_gain_norm,baseline_floor,8,13,57.2399483259762,0.22711411138888885,55,42,8,42,True,2700.0,3517.610801
20250925_231,DI,67,1,baseline,baseline,fast,coact,tuned,3,10,30.0,0.3333333333333333,20,11,11,11,True,0.0,1200.0
20250925_231,DI,67,1,baseline,baseline,fast,coact,own_floor,11,6,18.0,0.3333333333333333,20,11,11,11,True,0.0,1200.0
20250925_231,DI,67,1,baseline,baseline,fast,coact,baseline_floor,11,6,18.0,0.3333333333333333,20,11,11,11,True,0.0,1200.0
20250925_231,DI,67,1,baseline,baseline,fast,chorus_norm,unfloored,0,44,132.0,0.3333333333333333,20,11,11,11,True,0.0,1200.0
20250925_231,DI,67,1,baseline,baseline,fast,chorus_norm,own_floor,11,1,3.0,0.3333333333333333,20,11,11,11,True,0.0,1200.0
20250925_231,DI,67,1,baseline,baseline,fast,chorus_norm,baseline_floor,11,1,3.0,0.3333333333333333,20,11,11,11,True,0.0,1200.0
20250925_231,DI,67,1,baseline,baseline,fast,chorus_gain_norm,unfloored,0,15,45.0,0.3333333333333333,20,11,11,11,True,0.0,1200.0
20250925_231,DI,67,1,baseline,baseline,fast,chorus_gain_norm,own_floor,11,0,0.0,0.3333333333333333,20,11,11,11,True,0.0,1200.0
20250925_231,DI,67,1,baseline,baseline,fast,chorus_gain_norm,baseline_floor,11,0,0.0,0.3333333333333333,20,11,11,11,True,0.0,1200.0
20250925_231,DI,67,1,baseline,baseline,slow,coact,tuned,6,10,30.0,0.3333333333333333,20,7,7,7,True,0.0,1200.0
20250925_231,DI,67,1,baseline,baseline,slow,coact,own_floor,7,8,24.0,0.3333333333333333,20,7,7,7,True,0.0,1200.0
20250925_231,DI,67,1,baseline,baseline,slow,coact,baseline_floor,7,8,24.0,0.3333333333333333,20,7,7,7,True,0.0,1200.0
20250925_231,DI,67,1,baseline,baseline,slow,chorus_norm,unfloored,0,12,36.0,0.3333333333333333,20,7,7,7,True,0.0,1200.0
20250925_231,DI,67,1,baseline,baseline,slow,chorus_norm,own_floor,7,9,27.0,0.3333333333333333,20,7,7,7,True,0.0,1200.0
20250925_231,DI,67,1,baseline,baseline,slow,chorus_norm,baseline_floor,7,9,27.0,0.3333333333333333,20,7,7,7,True,0.0,1200.0
20250925_231,DI,67,1,baseline,baseline,slow,chorus_gain_norm,unfloored,0,12,36.0,0.3333333333333333,20,7,7,7,True,0.0,1200.0
20250925_231,DI,67,1,baseline,baseline,slow,chorus_gain_norm,own_floor,7,9,27.0,0.3333333333333333,20,7,7,7,True,0.0,1200.0
20250925_231,DI,67,1,baseline,baseline,slow,chorus_gain_norm,baseline_floor,7,9,27.0,0.3333333333333333,20,7,7,7,True,0.0,1200.0
20250925_231,DI,67,1,baseline,baseline,combined,coact,tuned,4,18,54.0,0.3333333333333333,20,12,12,12,True,0.0,1200.0
20250925_231,DI,67,1,baseline,baseline,combined,coact,own_floor,12,11,33.0,0.3333333333333333,20,12,12,12,True,0.0,1200.0
20250925_231,DI,67,1,baseline,baseline,combined,coact,baseline_floor,12,11,33.0,0.3333333333333333,20,12,12,12,True,0.0,1200.0
20250925_231,DI,67,1,baseline,baseline,combined,chorus_norm,unfloored,0,67,201.0,0.3333333333333333,20,12,12,12,True,0.0,1200.0
20250925_231,DI,67,1,baseline,baseline,combined,chorus_norm,own_floor,12,9,27.0,0.3333333333333333,20,12,12,12,True,0.0,1200.0
20250925_231,DI,67,1,baseline,baseline,combined,chorus_norm,baseline_floor,12,9,27.0,0.3333333333333333,20,12,12,12,True,0.0,1200.0
20250925_231,DI,67,1,baseline,baseline,combined,chorus_gain_norm,unfloored,0,49,147.0,0.3333333333333333,20,12,12,12,True,0.0,1200.0
20250925_231,DI,67,1,baseline,baseline,combined,chorus_gain_norm,own_floor,12,6,18.0,0.3333333333333333,20,12,12,12,True,0.0,1200.0
20250925_231,DI,67,1,baseline,baseline,combined,chorus_gain_norm,baseline_floor,12,6,18.0,0.3333333333333333,20,12,12,12,True,0.0,1200.0
20250925_231,DI,67,2,senktide,treatment,fast,coact,tuned,3,20,60.0,0.3333333333333333,20,9,11,9,True,1320.0,2520.0
20250925_231,DI,67,2,senktide,treatment,fast,coact,own_floor,9,6,18.0,0.3333333333333333,20,9,11,9,True,1320.0,2520.0
20250925_231,DI,67,2,senktide,treatment,fast,coact,baseline_floor,11,3,9.0,0.3333333333333333,20,9,11,9,True,1320.0,2520.0
20250925_231,DI,67,2,senktide,treatment,fast,chorus_norm,unfloored,0,30,90.0,0.3333333333333333,20,9,11,9,True,1320.0,2520.0
20250925_231,DI,67,2,senktide,treatment,fast,chorus_norm,own_floor,9,4,12.0,0.3333333333333333,20,9,11,9,True,1320.0,2520.0
20250925_231,DI,67,2,senktide,treatment,fast,chorus_norm,baseline_floor,11,1,3.0,0.3333333333333333,20,9,11,9,True,1320.0,2520.0
20250925_231,DI,67,2,senktide,treatment,fast,chorus_gain_norm,unfloored,0,15,45.0,0.3333333333333333,20,9,11,9,True,1320.0,2520.0
20250925_231,DI,67,2,senktide,treatment,fast,chorus_gain_norm,own_floor,9,3,9.0,0.3333333333333333,20,9,11,9,True,1320.0,2520.0
20250925_231,DI,67,2,senktide,treatment,fast,chorus_gain_norm,baseline_floor,11,1,3.0,0.3333333333333333,20,9,11,9,True,1320.0,2520.0
20250925_231,DI,67,2,senktide,treatment,slow,coact,tuned,6,36,108.0,0.3333333333333333,20,8,7,8,True,1320.0,2520.0
20250925_231,DI,67,2,senktide,treatment,slow,coact,own_floor,8,30,90.0,0.3333333333333333,20,8,7,8,True,1320.0,2520.0
20250925_231,DI,67,2,senktide,treatment,slow,coact,baseline_floor,7,35,105.0,0.3333333333333333,20,8,7,8,True,1320.0,2520.0
20250925_231,DI,67,2,senktide,treatment,slow,chorus_norm,unfloored,0,32,96.0,0.3333333333333333,20,8,7,8,True,1320.0,2520.0
20250925_231,DI,67,2,senktide,treatment,slow,chorus_norm,own_floor,8,28,84.0,0.3333333333333333,20,8,7,8,True,1320.0,2520.0
20250925_231,DI,67,2,senktide,treatment,slow,chorus_norm,baseline_floor,7,29,87.0,0.3333333333333333,20,8,7,8,True,1320.0,2520.0
20250925_231,DI,67,2,senktide,treatment,slow,chorus_gain_norm,unfloored,0,33,99.0,0.3333333333333333,20,8,7,8,True,1320.0,2520.0
20250925_231,DI,67,2,senktide,treatment,slow,chorus_gain_norm,own_floor,8,27,81.0,0.3333333333333333,20,8,7,8,True,1320.0,2520.0
20250925_231,DI,67,2,senktide,treatment,slow,chorus_gain_norm,baseline_floor,7,30,90.0,0.3333333333333333,20,8,7,8,True,1320.0,2520.0
20250925_231,DI,67,2,senktide,treatment,combined,coact,tuned,4,38,114.0,0.3333333333333333,20,10,12,10,True,1320.0,2520.0
20250925_231,DI,67,2,senktide,treatment,combined,coact,own_floor,10,31,93.0,0.3333333333333333,20,10,12,10,True,1320.0,2520.0
20250925_231,DI,67,2,senktide,treatment,combined,coact,baseline_floor,12,21,63.0,0.3333333333333333,20,10,12,10,True,1320.0,2520.0
20250925_231,DI,67,2,senktide,treatment,combined,chorus_norm,unfloored,0,52,156.0,0.3333333333333333,20,10,12,10,True,1320.0,2520.0
20250925_231,DI,67,2,senktide,treatment,combined,chorus_norm,own_floor,10,31,93.0,0.3333333333333333,20,10,12,10,True,1320.0,2520.0
20250925_231,DI,67,2,senktide,treatment,combined,chorus_norm,baseline_floor,12,20,60.0,0.3333333333333333,20,10,12,10,True,1320.0,2520.0
20250925_231,DI,67,2,senktide,treatment,combined,chorus_gain_norm,unfloored,0,43,129.0,0.3333333333333333,20,10,12,10,True,1320.0,2520.0
20250925_231,DI,67,2,senktide,treatment,combined,chorus_gain_norm,own_floor,10,31,93.0,0.3333333333333333,20,10,12,10,True,1320.0,2520.0
20250925_231,DI,67,2,senktide,treatment,combined,chorus_gain_norm,baseline_floor,12,20,60.0,0.3333333333333333,20,10,12,10,True,1320.0,2520.0
20250925_233,DI,67,1,baseline,baseline,fast,coact,tuned,3,3,9.0,0.3333333333333333,27,12,12,12,True,0.0,1200.0
20250925_233,DI,67,1,baseline,baseline,fast,coact,own_floor,12,4,12.0,0.3333333333333333,27,12,12,12,True,0.0,1200.0
20250925_233,DI,67,1,baseline,baseline,fast,coact,baseline_floor,12,4,12.0,0.3333333333333333,27,12,12,12,True,0.0,1200.0
20250925_233,DI,67,1,baseline,baseline,fast,chorus_norm,unfloored,0,44,132.0,0.3333333333333333,27,12,12,12,True,0.0,1200.0
20250925_233,DI,67,1,baseline,baseline,fast,chorus_norm,own_floor,12,1,3.0,0.3333333333333333,27,12,12,12,True,0.0,1200.0
20250925_233,DI,67,1,baseline,baseline,fast,chorus_norm,baseline_floor,12,1,3.0,0.3333333333333333,27,12,12,12,True,0.0,1200.0
20250925_233,DI,67,1,baseline,baseline,fast,chorus_gain_norm,unfloored,0,7,21.0,0.3333333333333333,27,12,12,12,True,0.0,1200.0
20250925_233,DI,67,1,baseline,baseline,fast,chorus_gain_norm,own_floor,12,0,0.0,0.3333333333333333,27,12,12,12,True,0.0,1200.0
20250925_233,DI,67,1,baseline,baseline,fast,chorus_gain_norm,baseline_floor,12,0,0.0,0.3333333333333333,27,12,12,12,True,0.0,1200.0
20250925_233,DI,67,1,baseline,baseline,slow,coact,tuned,6,4,12.0,0.3333333333333333,27,7,7,7,True,0.0,1200.0
20250925_233,DI,67,1,baseline,baseline,slow,coact,own_floor,7,4,12.0,0.3333333333333333,27,7,7,7,True,0.0,1200.0
20250925_233,DI,67,1,baseline,baseline,slow,coact,baseline_floor,7,4,12.0,0.3333333333333333,27,7,7,7,True,0.0,1200.0
20250925_233,DI,67,1,baseline,baseline,slow,chorus_norm,unfloored,0,6,18.0,0.3333333333333333,27,7,7,7,True,0.0,1200.0
20250925_233,DI,67,1,baseline,baseline,slow,chorus_norm,own_floor,7,4,12.0,0.3333333333333333,27,7,7,7,True,0.0,1200.0
20250925_233,DI,67,1,baseline,baseline,slow,chorus_norm,baseline_floor,7,4,12.0,0.3333333333333333,27,7,7,7,True,0.0,1200.0
20250925_233,DI,67,1,baseline,baseline,slow,chorus_gain_norm,unfloored,0,6,18.0,0.3333333333333333,27,7,7,7,True,0.0,1200.0
20250925_233,DI,67,1,baseline,baseline,slow,chorus_gain_norm,own_floor,7,4,12.0,0.3333333333333333,27,7,7,7,True,0.0,1200.0
20250925_233,DI,67,1,baseline,baseline,slow,chorus_gain_norm,baseline_floor,7,4,12.0,0.3333333333333333,27,7,7,7,True,0.0,1200.0
20250925_233,DI,67,1,baseline,baseline,combined,coact,tuned,4,10,30.0,0.3333333333333333,27,13,13,13,True,0.0,1200.0
20250925_233,DI,67,1,baseline,baseline,combined,coact,own_floor,13,7,21.0,0.3333333333333333,27,13,13,13,True,0.0,1200.0
20250925_233,DI,67,1,baseline,baseline,combined,coact,baseline_floor,13,7,21.0,0.3333333333333333,27,13,13,13,True,0.0,1200.0
20250925_233,DI,67,1,baseline,baseline,combined,chorus_norm,unfloored,0,45,135.0,0.3333333333333333,27,13,13,13,True,0.0,1200.0
20250925_233,DI,67,1,baseline,baseline,combined,chorus_norm,own_floor,13,4,12.0,0.3333333333333333,27,13,13,13,True,0.0,1200.0
20250925_233,DI,67,1,baseline,baseline,combined,chorus_norm,baseline_floor,13,4,12.0,0.3333333333333333,27,13,13,13,True,0.0,1200.0
20250925_233,DI,67,1,baseline,baseline,combined,chorus_gain_norm,unfloored,0,35,105.0,0.3333333333333333,27,13,13,13,True,0.0,1200.0
20250925_233,DI,67,1,baseline,baseline,combined,chorus_gain_norm,own_floor,13,3,9.0,0.3333333333333333,27,13,13,13,True,0.0,1200.0
20250925_233,DI,67,1,baseline,baseline,combined,chorus_gain_norm,baseline_floor,13,3,9.0,0.3333333333333333,27,13,13,13,True,0.0,1200.0
20250925_233,DI,67,2,senktide,treatment,fast,coact,tuned,3,13,39.0,0.3333333333333333,27,13,12,13,True,1320.0,2520.0
20250925_233,DI,67,2,senktide,treatment,fast,coact,own_floor,13,4,12.0,0.3333333333333333,27,13,12,13,True,1320.0,2520.0
20250925_233,DI,67,2,senktide,treatment,fast,coact,baseline_floor,12,4,12.0,0.3333333333333333,27,13,12,13,True,1320.0,2520.0
20250925_233,DI,67,2,senktide,treatment,fast,chorus_norm,unfloored,0,22,66.0,0.3333333333333333,27,13,12,13,True,1320.0,2520.0
20250925_233,DI,67,2,senktide,treatment,fast,chorus_norm,own_floor,13,1,3.0,0.3333333333333333,27,13,12,13,True,1320.0,2520.0
20250925_233,DI,67,2,senktide,treatment,fast,chorus_norm,baseline_floor,12,3,9.0,0.3333333333333333,27,13,12,13,True,1320.0,2520.0
20250925_233,DI,67,2,senktide,treatment,fast,chorus_gain_norm,unfloored,0,15,45.0,0.3333333333333333,27,13,12,13,True,1320.0,2520.0
20250925_233,DI,67,2,senktide,treatment,fast,chorus_gain_norm,own_floor,13,1,3.0,0.3333333333333333,27,13,12,13,True,1320.0,2520.0
20250925_233,DI,67,2,senktide,treatment,fast,chorus_gain_norm,baseline_floor,12,3,9.0,0.3333333333333333,27,13,12,13,True,1320.0,2520.0
20250925_233,DI,67,2,senktide,treatment,slow,coact,tuned,6,30,90.0,0.3333333333333333,27,9,7,9,True,1320.0,2520.0
20250925_233,DI,67,2,senktide,treatment,slow,coact,own_floor,9,25,75.0,0.3333333333333333,27,9,7,9,True,1320.0,2520.0
20250925_233,DI,67,2,senktide,treatment,slow,coact,baseline_floor,7,29,87.0,0.3333333333333333,27,9,7,9,True,1320.0,2520.0
20250925_233,DI,67,2,senktide,treatment,slow,chorus_norm,unfloored,0,32,96.0,0.3333333333333333,27,9,7,9,True,1320.0,2520.0
20250925_233,DI,67,2,senktide,treatment,slow,chorus_norm,own_floor,9,23,69.0,0.3333333333333333,27,9,7,9,True,1320.0,2520.0
20250925_233,DI,67,2,senktide,treatment,slow,chorus_norm,baseline_floor,7,27,81.0,0.3333333333333333,27,9,7,9,True,1320.0,2520.0
20250925_233,DI,67,2,senktide,treatment,slow,chorus_gain_norm,unfloored,0,29,87.0,0.3333333333333333,27,9,7,9,True,1320.0,2520.0
20250925_233,DI,67,2,senktide,treatment,slow,chorus_gain_norm,own_floor,9,22,66.0,0.3333333333333333,27,9,7,9,True,1320.0,2520.0
20250925_233,DI,67,2,senktide,treatment,slow,chorus_gain_norm,baseline_floor,7,25,75.0,0.3333333333333333,27,9,7,9,True,1320.0,2520.0
20250925_233,DI,67,2,senktide,treatment,combined,coact,tuned,4,29,87.0,0.3333333333333333,27,15,13,15,True,1320.0,2520.0
20250925_233,DI,67,2,senktide,treatment,combined,coact,own_floor,15,19,57.0,0.3333333333333333,27,15,13,15,True,1320.0,2520.0
20250925_233,DI,67,2,senktide,treatment,combined,coact,baseline_floor,13,23,69.0,0.3333333333333333,27,15,13,15,True,1320.0,2520.0
20250925_233,DI,67,2,senktide,treatment,combined,chorus_norm,unfloored,0,43,129.0,0.3333333333333333,27,15,13,15,True,1320.0,2520.0
20250925_233,DI,67,2,senktide,treatment,combined,chorus_norm,own_floor,15,18,54.0,0.3333333333333333,27,15,13,15,True,1320.0,2520.0
20250925_233,DI,67,2,senktide,treatment,combined,chorus_norm,baseline_floor,13,21,63.0,0.3333333333333333,27,15,13,15,True,1320.0,2520.0
20250925_233,DI,67,2,senktide,treatment,combined,chorus_gain_norm,unfloored,0,38,114.0,0.3333333333333333,27,15,13,15,True,1320.0,2520.0
20250925_233,DI,67,2,senktide,treatment,combined,chorus_gain_norm,own_floor,15,18,54.0,0.3333333333333333,27,15,13,15,True,1320.0,2520.0
20250925_233,DI,67,2,senktide,treatment,combined,chorus_gain_norm,baseline_floor,13,21,63.0,0.3333333333333333,27,15,13,15,True,1320.0,2520.0
20250926_235,DI,68,1,baseline,baseline,fast,coact,tuned,3,2,6.0,0.3333333333333333,23,7,7,7,True,0.0,1200.0
20250926_235,DI,68,1,baseline,baseline,fast,coact,own_floor,7,2,6.0,0.3333333333333333,23,7,7,7,True,0.0,1200.0
20250926_235,DI,68,1,baseline,baseline,fast,coact,baseline_floor,7,2,6.0,0.3333333333333333,23,7,7,7,True,0.0,1200.0
20250926_235,DI,68,1,baseline,baseline,fast,chorus_norm,unfloored,0,19,57.0,0.3333333333333333,23,7,7,7,True,0.0,1200.0
20250926_235,DI,68,1,baseline,baseline,fast,chorus_norm,own_floor,7,0,0.0,0.3333333333333333,23,7,7,7,True,0.0,1200.0
20250926_235,DI,68,1,baseline,baseline,fast,chorus_norm,baseline_floor,7,0,0.0,0.3333333333333333,23,7,7,7,True,0.0,1200.0
20250926_235,DI,68,1,baseline,baseline,fast,chorus_gain_norm,unfloored,0,11,33.0,0.3333333333333333,23,7,7,7,True,0.0,1200.0
20250926_235,DI,68,1,baseline,baseline,fast,chorus_gain_norm,own_floor,7,0,0.0,0.3333333333333333,23,7,7,7,True,0.0,1200.0
20250926_235,DI,68,1,baseline,baseline,fast,chorus_gain_norm,baseline_floor,7,0,0.0,0.3333333333333333,23,7,7,7,True,0.0,1200.0
20250926_235,DI,68,1,baseline,baseline,slow,coact,tuned,6,3,9.0,0.3333333333333333,23,5,5,5,True,0.0,1200.0
20250926_235,DI,68,1,baseline,baseline,slow,coact,own_floor,5,3,9.0,0.3333333333333333,23,5,5,5,True,0.0,1200.0
20250926_235,DI,68,1,baseline,baseline,slow,coact,baseline_floor,5,3,9.0,0.3333333333333333,23,5,5,5,True,0.0,1200.0
20250926_235,DI,68,1,baseline,baseline,slow,chorus_norm,unfloored,0,3,9.0,0.3333333333333333,23,5,5,5,True,0.0,1200.0
20250926_235,DI,68,1,baseline,baseline,slow,chorus_norm,own_floor,5,3,9.0,0.3333333333333333,23,5,5,5,True,0.0,1200.0
20250926_235,DI,68,1,baseline,baseline,slow,chorus_norm,baseline_floor,5,3,9.0,0.3333333333333333,23,5,5,5,True,0.0,1200.0
20250926_235,DI,68,1,baseline,baseline,slow,chorus_gain_norm,unfloored,0,3,9.0,0.3333333333333333,23,5,5,5,True,0.0,1200.0
20250926_235,DI,68,1,baseline,baseline,slow,chorus_gain_norm,own_floor,5,3,9.0,0.3333333333333333,23,5,5,5,True,0.0,1200.0
20250926_235,DI,68,1,baseline,baseline,slow,chorus_gain_norm,baseline_floor,5,3,9.0,0.3333333333333333,23,5,5,5,True,0.0,1200.0
20250926_235,DI,68,1,baseline,baseline,combined,coact,tuned,4,4,12.0,0.3333333333333333,23,8,8,8,True,0.0,1200.0
20250926_235,DI,68,1,baseline,baseline,combined,coact,own_floor,8,4,12.0,0.3333333333333333,23,8,8,8,True,0.0,1200.0
20250926_235,DI,68,1,baseline,baseline,combined,coact,baseline_floor,8,4,12.0,0.3333333333333333,23,8,8,8,True,0.0,1200.0
20250926_235,DI,68,1,baseline,baseline,combined,chorus_norm,unfloored,0,21,63.0,0.3333333333333333,23,8,8,8,True,0.0,1200.0
20250926_235,DI,68,1,baseline,baseline,combined,chorus_norm,own_floor,8,3,9.0,0.3333333333333333,23,8,8,8,True,0.0,1200.0
20250926_235,DI,68,1,baseline,baseline,combined,chorus_norm,baseline_floor,8,3,9.0,0.3333333333333333,23,8,8,8,True,0.0,1200.0
20250926_235,DI,68,1,baseline,baseline,combined,chorus_gain_norm,unfloored,0,21,63.0,0.3333333333333333,23,8,8,8,True,0.0,1200.0
20250926_235,DI,68,1,baseline,baseline,combined,chorus_gain_norm,own_floor,8,2,6.0,0.3333333333333333,23,8,8,8,True,0.0,1200.0
20250926_235,DI,68,1,baseline,baseline,combined,chorus_gain_norm,baseline_floor,8,2,6.0,0.3333333333333333,23,8,8,8,True,0.0,1200.0
20250926_235,DI,68,2,senktide,treatment,fast,coact,tuned,3,11,33.0,0.3333333333333333,23,9,7,9,True,1320.0,2520.0
20250926_235,DI,68,2,senktide,treatment,fast,coact,own_floor,9,3,9.0,0.3333333333333333,23,9,7,9,True,1320.0,2520.0
20250926_235,DI,68,2,senktide,treatment,fast,coact,baseline_floor,7,5,15.0,0.3333333333333333,23,9,7,9,True,1320.0,2520.0
20250926_235,DI,68,2,senktide,treatment,fast,chorus_norm,unfloored,0,14,42.0,0.3333333333333333,23,9,7,9,True,1320.0,2520.0
20250926_235,DI,68,2,senktide,treatment,fast,chorus_norm,own_floor,9,1,3.0,0.3333333333333333,23,9,7,9,True,1320.0,2520.0
20250926_235,DI,68,2,senktide,treatment,fast,chorus_norm,baseline_floor,7,4,12.0,0.3333333333333333,23,9,7,9,True,1320.0,2520.0
20250926_235,DI,68,2,senktide,treatment,fast,chorus_gain_norm,unfloored,0,8,24.0,0.3333333333333333,23,9,7,9,True,1320.0,2520.0
20250926_235,DI,68,2,senktide,treatment,fast,chorus_gain_norm,own_floor,9,0,0.0,0.3333333333333333,23,9,7,9,True,1320.0,2520.0
20250926_235,DI,68,2,senktide,treatment,fast,chorus_gain_norm,baseline_floor,7,2,6.0,0.3333333333333333,23,9,7,9,True,1320.0,2520.0
20250926_235,DI,68,2,senktide,treatment,slow,coact,tuned,6,17,51.0,0.3333333333333333,23,8,5,8,True,1320.0,2520.0
20250926_235,DI,68,2,senktide,treatment,slow,coact,own_floor,8,17,51.0,0.3333333333333333,23,8,5,8,True,1320.0,2520.0
20250926_235,DI,68,2,senktide,treatment,slow,coact,baseline_floor,5,22,66.0,0.3333333333333333,23,8,5,8,True,1320.0,2520.0
20250926_235,DI,68,2,senktide,treatment,slow,chorus_norm,unfloored,0,21,63.0,0.3333333333333333,23,8,5,8,True,1320.0,2520.0
20250926_235,DI,68,2,senktide,treatment,slow,chorus_norm,own_floor,8,11,33.0,0.3333333333333333,23,8,5,8,True,1320.0,2520.0
20250926_235,DI,68,2,senktide,treatment,slow,chorus_norm,baseline_floor,5,15,45.0,0.3333333333333333,23,8,5,8,True,1320.0,2520.0
20250926_235,DI,68,2,senktide,treatment,slow,chorus_gain_norm,unfloored,0,17,51.0,0.3333333333333333,23,8,5,8,True,1320.0,2520.0
20250926_235,DI,68,2,senktide,treatment,slow,chorus_gain_norm,own_floor,8,10,30.0,0.3333333333333333,23,8,5,8,True,1320.0,2520.0
20250926_235,DI,68,2,senktide,treatment,slow,chorus_gain_norm,baseline_floor,5,15,45.0,0.3333333333333333,23,8,5,8,True,1320.0,2520.0
20250926_235,DI,68,2,senktide,treatment,combined,coact,tuned,4,24,72.0,0.3333333333333333,23,10,8,10,False,1320.0,2520.0
20250926_235,DI,68,2,senktide,treatment,combined,coact,own_floor,10,14,42.0,0.3333333333333333,23,10,8,10,False,1320.0,2520.0
20250926_235,DI,68,2,senktide,treatment,combined,coact,baseline_floor,8,17,51.0,0.3333333333333333,23,10,8,10,False,1320.0,2520.0
20250926_235,DI,68,2,senktide,treatment,combined,chorus_norm,unfloored,0,30,90.0,0.3333333333333333,23,10,8,10,False,1320.0,2520.0
20250926_235,DI,68,2,senktide,treatment,combined,chorus_norm,own_floor,10,13,39.0,0.3333333333333333,23,10,8,10,False,1320.0,2520.0
20250926_235,DI,68,2,senktide,treatment,combined,chorus_norm,baseline_floor,8,16,48.0,0.3333333333333333,23,10,8,10,False,1320.0,2520.0
20250926_235,DI,68,2,senktide,treatment,combined,chorus_gain_norm,unfloored,0,28,84.0,0.3333333333333333,23,10,8,10,False,1320.0,2520.0
20250926_235,DI,68,2,senktide,treatment,combined,chorus_gain_norm,own_floor,10,12,36.0,0.3333333333333333,23,10,8,10,False,1320.0,2520.0
20250926_235,DI,68,2,senktide,treatment,combined,chorus_gain_norm,baseline_floor,8,16,48.0,0.3333333333333333,23,10,8,10,False,1320.0,2520.0
20250926_237,DI,68,1,baseline,baseline,fast,coact,tuned,3,13,39.0,0.3333333333333333,39,10,10,10,True,0.0,1200.0
20250926_237,DI,68,1,baseline,baseline,fast,coact,own_floor,10,8,24.0,0.3333333333333333,39,10,10,10,True,0.0,1200.0
20250926_237,DI,68,1,baseline,baseline,fast,coact,baseline_floor,10,8,24.0,0.3333333333333333,39,10,10,10,True,0.0,1200.0
20250926_237,DI,68,1,baseline,baseline,fast,chorus_norm,unfloored,0,23,69.0,0.3333333333333333,39,10,10,10,True,0.0,1200.0
20250926_237,DI,68,1,baseline,baseline,fast,chorus_norm,own_floor,10,3,9.0,0.3333333333333333,39,10,10,10,True,0.0,1200.0
20250926_237,DI,68,1,baseline,baseline,fast,chorus_norm,baseline_floor,10,3,9.0,0.3333333333333333,39,10,10,10,True,0.0,1200.0
20250926_237,DI,68,1,baseline,baseline,fast,chorus_gain_norm,unfloored,0,10,30.0,0.3333333333333333,39,10,10,10,True,0.0,1200.0
20250926_237,DI,68,1,baseline,baseline,fast,chorus_gain_norm,own_floor,10,2,6.0,0.3333333333333333,39,10,10,10,True,0.0,1200.0
20250926_237,DI,68,1,baseline,baseline,fast,chorus_gain_norm,baseline_floor,10,2,6.0,0.3333333333333333,39,10,10,10,True,0.0,1200.0
20250926_237,DI,68,1,baseline,baseline,slow,coact,tuned,6,4,12.0,0.3333333333333333,39,6,6,6,True,0.0,1200.0
20250926_237,DI,68,1,baseline,baseline,slow,coact,own_floor,6,4,12.0,0.3333333333333333,39,6,6,6,True,0.0,1200.0
20250926_237,DI,68,1,baseline,baseline,slow,coact,baseline_floor,6,4,12.0,0.3333333333333333,39,6,6,6,True,0.0,1200.0
20250926_237,DI,68,1,baseline,baseline,slow,chorus_norm,unfloored,0,4,12.0,0.3333333333333333,39,6,6,6,True,0.0,1200.0
20250926_237,DI,68,1,baseline,baseline,slow,chorus_norm,own_floor,6,4,12.0,0.3333333333333333,39,6,6,6,True,0.0,1200.0
20250926_237,DI,68,1,baseline,baseline,slow,chorus_norm,baseline_floor,6,4,12.0,0.3333333333333333,39,6,6,6,True,0.0,1200.0
20250926_237,DI,68,1,baseline,baseline,slow,chorus_gain_norm,unfloored,0,4,12.0,0.3333333333333333,39,6,6,6,True,0.0,1200.0
20250926_237,DI,68,1,baseline,baseline,slow,chorus_gain_norm,own_floor,6,3,9.0,0.3333333333333333,39,6,6,6,True,0.0,1200.0
20250926_237,DI,68,1,baseline,baseline,slow,chorus_gain_norm,baseline_floor,6,3,9.0,0.3333333333333333,39,6,6,6,True,0.0,1200.0
20250926_237,DI,68,1,baseline,baseline,combined,coact,tuned,4,18,54.0,0.3333333333333333,39,10,10,10,True,0.0,1200.0
20250926_237,DI,68,1,baseline,baseline,combined,coact,own_floor,10,13,39.0,0.3333333333333333,39,10,10,10,True,0.0,1200.0
20250926_237,DI,68,1,baseline,baseline,combined,coact,baseline_floor,10,13,39.0,0.3333333333333333,39,10,10,10,True,0.0,1200.0
20250926_237,DI,68,1,baseline,baseline,combined,chorus_norm,unfloored,0,38,114.0,0.3333333333333333,39,10,10,10,True,0.0,1200.0
20250926_237,DI,68,1,baseline,baseline,combined,chorus_norm,own_floor,10,9,27.0,0.3333333333333333,39,10,10,10,True,0.0,1200.0
20250926_237,DI,68,1,baseline,baseline,combined,chorus_norm,baseline_floor,10,9,27.0,0.3333333333333333,39,10,10,10,True,0.0,1200.0
20250926_237,DI,68,1,baseline,baseline,combined,chorus_gain_norm,unfloored,0,38,114.0,0.3333333333333333,39,10,10,10,True,0.0,1200.0
20250926_237,DI,68,1,baseline,baseline,combined,chorus_gain_norm,own_floor,10,5,15.0,0.3333333333333333,39,10,10,10,True,0.0,1200.0
20250926_237,DI,68,1,baseline,baseline,combined,chorus_gain_norm,baseline_floor,10,5,15.0,0.3333333333333333,39,10,10,10,True,0.0,1200.0
20250926_237,DI,68,2,senktide,treatment,fast,coact,tuned,3,30,90.0,0.3333333333333333,39,14,10,14,True,1320.0,2520.0
20250926_237,DI,68,2,senktide,treatment,fast,coact,own_floor,14,9,27.0,0.3333333333333333,39,14,10,14,True,1320.0,2520.0
20250926_237,DI,68,2,senktide,treatment,fast,coact,baseline_floor,10,16,48.0,0.3333333333333333,39,14,10,14,True,1320.0,2520.0
20250926_237,DI,68,2,senktide,treatment,fast,chorus_norm,unfloored,0,31,93.0,0.3333333333333333,39,14,10,14,True,1320.0,2520.0
20250926_237,DI,68,2,senktide,treatment,fast,chorus_norm,own_floor,14,5,15.0,0.3333333333333333,39,14,10,14,True,1320.0,2520.0
20250926_237,DI,68,2,senktide,treatment,fast,chorus_norm,baseline_floor,10,12,36.0,0.3333333333333333,39,14,10,14,True,1320.0,2520.0
20250926_237,DI,68,2,senktide,treatment,fast,chorus_gain_norm,unfloored,0,30,90.0,0.3333333333333333,39,14,10,14,True,1320.0,2520.0
20250926_237,DI,68,2,senktide,treatment,fast,chorus_gain_norm,own_floor,14,4,12.0,0.3333333333333333,39,14,10,14,True,1320.0,2520.0
20250926_237,DI,68,2,senktide,treatment,fast,chorus_gain_norm,baseline_floor,10,11,33.0,0.3333333333333333,39,14,10,14,True,1320.0,2520.0
20250926_237,DI,68,2,senktide,treatment,slow,coact,tuned,6,38,114.0,0.3333333333333333,39,13,6,13,True,1320.0,2520.0
20250926_237,DI,68,2,senktide,treatment,slow,coact,own_floor,13,30,90.0,0.3333333333333333,39,13,6,13,True,1320.0,2520.0
20250926_237,DI,68,2,senktide,treatment,slow,coact,baseline_floor,6,38,114.0,0.3333333333333333,39,13,6,13,True,1320.0,2520.0
20250926_237,DI,68,2,senktide,treatment,slow,chorus_norm,unfloored,0,37,111.0,0.3333333333333333,39,13,6,13,True,1320.0,2520.0
20250926_237,DI,68,2,senktide,treatment,slow,chorus_norm,own_floor,13,32,96.0,0.3333333333333333,39,13,6,13,True,1320.0,2520.0
20250926_237,DI,68,2,senktide,treatment,slow,chorus_norm,baseline_floor,6,37,111.0,0.3333333333333333,39,13,6,13,True,1320.0,2520.0
20250926_237,DI,68,2,senktide,treatment,slow,chorus_gain_norm,unfloored,0,31,93.0,0.3333333333333333,39,13,6,13,True,1320.0,2520.0
20250926_237,DI,68,2,senktide,treatment,slow,chorus_gain_norm,own_floor,13,26,78.0,0.3333333333333333,39,13,6,13,True,1320.0,2520.0
20250926_237,DI,68,2,senktide,treatment,slow,chorus_gain_norm,baseline_floor,6,31,93.0,0.3333333333333333,39,13,6,13,True,1320.0,2520.0
20250926_237,DI,68,2,senktide,treatment,combined,coact,tuned,4,34,102.0,0.3333333333333333,39,18,10,18,True,1320.0,2520.0
20250926_237,DI,68,2,senktide,treatment,combined,coact,own_floor,18,31,93.0,0.3333333333333333,39,18,10,18,True,1320.0,2520.0
20250926_237,DI,68,2,senktide,treatment,combined,coact,baseline_floor,10,32,96.0,0.3333333333333333,39,18,10,18,True,1320.0,2520.0
20250926_237,DI,68,2,senktide,treatment,combined,chorus_norm,unfloored,0,53,159.0,0.3333333333333333,39,18,10,18,True,1320.0,2520.0
20250926_237,DI,68,2,senktide,treatment,combined,chorus_norm,own_floor,18,33,99.0,0.3333333333333333,39,18,10,18,True,1320.0,2520.0
20250926_237,DI,68,2,senktide,treatment,combined,chorus_norm,baseline_floor,10,43,129.0,0.3333333333333333,39,18,10,18,True,1320.0,2520.0
20250926_237,DI,68,2,senktide,treatment,combined,chorus_gain_norm,unfloored,0,47,141.0,0.3333333333333333,39,18,10,18,True,1320.0,2520.0
20250926_237,DI,68,2,senktide,treatment,combined,chorus_gain_norm,own_floor,18,26,78.0,0.3333333333333333,39,18,10,18,True,1320.0,2520.0
20250926_237,DI,68,2,senktide,treatment,combined,chorus_gain_norm,baseline_floor,10,37,111.0,0.3333333333333333,39,18,10,18,True,1320.0,2520.0
20250926_237,DI,68,3,high K+,treatment,fast,coact,tuned,3,7,52.53165031931741,0.13325299999999995,39,20,10,20,True,2700.0,3179.7108
20250926_237,DI,68,3,high K+,treatment,fast,coact,own_floor,20,2,15.009042948376402,0.13325299999999995,39,20,10,20,True,2700.0,3179.7108
20250926_237,DI,68,3,high K+,treatment,fast,coact,baseline_floor,10,5,37.522607370941,0.13325299999999995,39,20,10,20,True,2700.0,3179.7108
20250926_237,DI,68,3,high K+,treatment,fast,chorus_norm,unfloored,0,5,37.522607370941,0.13325299999999995,39,20,10,20,True,2700.0,3179.7108
20250926_237,DI,68,3,high K+,treatment,fast,chorus_norm,own_floor,20,1,7.504521474188201,0.13325299999999995,39,20,10,20,True,2700.0,3179.7108
20250926_237,DI,68,3,high K+,treatment,fast,chorus_norm,baseline_floor,10,2,15.009042948376402,0.13325299999999995,39,20,10,20,True,2700.0,3179.7108
20250926_237,DI,68,3,high K+,treatment,fast,chorus_gain_norm,unfloored,0,4,30.018085896752805,0.13325299999999995,39,20,10,20,True,2700.0,3179.7108
20250926_237,DI,68,3,high K+,treatment,fast,chorus_gain_norm,own_floor,20,0,0.0,0.13325299999999995,39,20,10,20,True,2700.0,3179.7108
20250926_237,DI,68,3,high K+,treatment,fast,chorus_gain_norm,baseline_floor,10,1,7.504521474188201,0.13325299999999995,39,20,10,20,True,2700.0,3179.7108
20250926_237,DI,68,3,high K+,treatment,slow,coact,tuned,6,11,82.54973621607022,0.13325299999999995,39,11,6,11,True,2700.0,3179.7108
20250926_237,DI,68,3,high K+,treatment,slow,coact,own_floor,11,7,52.53165031931741,0.13325299999999995,39,11,6,11,True,2700.0,3179.7108
20250926_237,DI,68,3,high K+,treatment,slow,coact,baseline_floor,6,11,82.54973621607022,0.13325299999999995,39,11,6,11,True,2700.0,3179.7108
20250926_237,DI,68,3,high K+,treatment,slow,chorus_norm,unfloored,0,9,67.54069326769381,0.13325299999999995,39,11,6,11,True,2700.0,3179.7108
20250926_237,DI,68,3,high K+,treatment,slow,chorus_norm,own_floor,11,6,45.027128845129205,0.13325299999999995,39,11,6,11,True,2700.0,3179.7108
20250926_237,DI,68,3,high K+,treatment,slow,chorus_norm,baseline_floor,6,9,67.54069326769381,0.13325299999999995,39,11,6,11,True,2700.0,3179.7108
20250926_237,DI,68,3,high K+,treatment,slow,chorus_gain_norm,unfloored,0,9,67.54069326769381,0.13325299999999995,39,11,6,11,True,2700.0,3179.7108
20250926_237,DI,68,3,high K+,treatment,slow,chorus_gain_norm,own_floor,11,5,37.522607370941,0.13325299999999995,39,11,6,11,True,2700.0,3179.7108
20250926_237,DI,68,3,high K+,treatment,slow,chorus_gain_norm,baseline_floor,6,9,67.54069326769381,0.13325299999999995,39,11,6,11,True,2700.0,3179.7108
20250926_237,DI,68,3,high K+,treatment,combined,coact,tuned,4,12,90.05425769025841,0.13325299999999995,39,21,10,21,True,2700.0,3179.7108
20250926_237,DI,68,3,high K+,treatment,combined,coact,own_floor,21,5,37.522607370941,0.13325299999999995,39,21,10,21,True,2700.0,3179.7108
20250926_237,DI,68,3,high K+,treatment,combined,coact,baseline_floor,10,9,67.54069326769381,0.13325299999999995,39,21,10,21,True,2700.0,3179.7108
20250926_237,DI,68,3,high K+,treatment,combined,chorus_norm,unfloored,0,11,82.54973621607022,0.13325299999999995,39,21,10,21,True,2700.0,3179.7108
20250926_237,DI,68,3,high K+,treatment,combined,chorus_norm,own_floor,21,4,30.018085896752805,0.13325299999999995,39,21,10,21,True,2700.0,3179.7108
20250926_237,DI,68,3,high K+,treatment,combined,chorus_norm,baseline_floor,10,7,52.53165031931741,0.13325299999999995,39,21,10,21,True,2700.0,3179.7108
20250926_237,DI,68,3,high K+,treatment,combined,chorus_gain_norm,unfloored,0,11,82.54973621607022,0.13325299999999995,39,21,10,21,True,2700.0,3179.7108
20250926_237,DI,68,3,high K+,treatment,combined,chorus_gain_norm,own_floor,21,4,30.018085896752805,0.13325299999999995,39,21,10,21,True,2700.0,3179.7108
20250926_237,DI,68,3,high K+,treatment,combined,chorus_gain_norm,baseline_floor,10,6,45.027128845129205,0.13325299999999995,39,21,10,21,True,2700.0,3179.7108
20260115_240,ORX,69,1,baseline,baseline,fast,coact,tuned,3,0,0.0,0.31666666666666665,32,5,5,5,True,0.0,1140.0
20260115_240,ORX,69,1,baseline,baseline,fast,coact,own_floor,5,0,0.0,0.31666666666666665,32,5,5,5,True,0.0,1140.0
20260115_240,ORX,69,1,baseline,baseline,fast,coact,baseline_floor,5,0,0.0,0.31666666666666665,32,5,5,5,True,0.0,1140.0
20260115_240,ORX,69,1,baseline,baseline,fast,chorus_norm,unfloored,0,0,0.0,0.31666666666666665,32,5,5,5,True,0.0,1140.0
20260115_240,ORX,69,1,baseline,baseline,fast,chorus_norm,own_floor,5,0,0.0,0.31666666666666665,32,5,5,5,True,0.0,1140.0
20260115_240,ORX,69,1,baseline,baseline,fast,chorus_norm,baseline_floor,5,0,0.0,0.31666666666666665,32,5,5,5,True,0.0,1140.0
20260115_240,ORX,69,1,baseline,baseline,fast,chorus_gain_norm,unfloored,0,0,0.0,0.31666666666666665,32,5,5,5,True,0.0,1140.0
20260115_240,ORX,69,1,baseline,baseline,fast,chorus_gain_norm,own_floor,5,0,0.0,0.31666666666666665,32,5,5,5,True,0.0,1140.0
20260115_240,ORX,69,1,baseline,baseline,fast,chorus_gain_norm,baseline_floor,5,0,0.0,0.31666666666666665,32,5,5,5,True,0.0,1140.0
20260115_240,ORX,69,1,baseline,baseline,slow,coact,tuned,6,0,0.0,0.31666666666666665,32,4,4,4,True,0.0,1140.0
20260115_240,ORX,69,1,baseline,baseline,slow,coact,own_floor,4,0,0.0,0.31666666666666665,32,4,4,4,True,0.0,1140.0
20260115_240,ORX,69,1,baseline,baseline,slow,coact,baseline_floor,4,0,0.0,0.31666666666666665,32,4,4,4,True,0.0,1140.0
20260115_240,ORX,69,1,baseline,baseline,slow,chorus_norm,unfloored,0,0,0.0,0.31666666666666665,32,4,4,4,True,0.0,1140.0
20260115_240,ORX,69,1,baseline,baseline,slow,chorus_norm,own_floor,4,0,0.0,0.31666666666666665,32,4,4,4,True,0.0,1140.0
20260115_240,ORX,69,1,baseline,baseline,slow,chorus_norm,baseline_floor,4,0,0.0,0.31666666666666665,32,4,4,4,True,0.0,1140.0
20260115_240,ORX,69,1,baseline,baseline,slow,chorus_gain_norm,unfloored,0,0,0.0,0.31666666666666665,32,4,4,4,True,0.0,1140.0
20260115_240,ORX,69,1,baseline,baseline,slow,chorus_gain_norm,own_floor,4,0,0.0,0.31666666666666665,32,4,4,4,True,0.0,1140.0
20260115_240,ORX,69,1,baseline,baseline,slow,chorus_gain_norm,baseline_floor,4,0,0.0,0.31666666666666665,32,4,4,4,True,0.0,1140.0
20260115_240,ORX,69,1,baseline,baseline,combined,coact,tuned,4,0,0.0,0.31666666666666665,32,5,5,5,True,0.0,1140.0
20260115_240,ORX,69,1,baseline,baseline,combined,coact,own_floor,5,0,0.0,0.31666666666666665,32,5,5,5,True,0.0,1140.0
20260115_240,ORX,69,1,baseline,baseline,combined,coact,baseline_floor,5,0,0.0,0.31666666666666665,32,5,5,5,True,0.0,1140.0
20260115_240,ORX,69,1,baseline,baseline,combined,chorus_norm,unfloored,0,0,0.0,0.31666666666666665,32,5,5,5,True,0.0,1140.0
20260115_240,ORX,69,1,baseline,baseline,combined,chorus_norm,own_floor,5,0,0.0,0.31666666666666665,32,5,5,5,True,0.0,1140.0
20260115_240,ORX,69,1,baseline,baseline,combined,chorus_norm,baseline_floor,5,0,0.0,0.31666666666666665,32,5,5,5,True,0.0,1140.0
20260115_240,ORX,69,1,baseline,baseline,combined,chorus_gain_norm,unfloored,0,0,0.0,0.31666666666666665,32,5,5,5,True,0.0,1140.0
20260115_240,ORX,69,1,baseline,baseline,combined,chorus_gain_norm,own_floor,5,0,0.0,0.31666666666666665,32,5,5,5,True,0.0,1140.0
20260115_240,ORX,69,1,baseline,baseline,combined,chorus_gain_norm,baseline_floor,5,0,0.0,0.31666666666666665,32,5,5,5,True,0.0,1140.0
20260115_240,ORX,69,2,senktide,treatment,fast,coact,tuned,3,5,15.0,0.3333333333333333,32,25,5,25,True,1260.0,2460.0
20260115_240,ORX,69,2,senktide,treatment,fast,coact,own_floor,25,1,3.0,0.3333333333333333,32,25,5,25,True,1260.0,2460.0
20260115_240,ORX,69,2,senktide,treatment,fast,coact,baseline_floor,5,4,12.0,0.3333333333333333,32,25,5,25,True,1260.0,2460.0
20260115_240,ORX,69,2,senktide,treatment,fast,chorus_norm,unfloored,0,4,12.0,0.3333333333333333,32,25,5,25,True,1260.0,2460.0
20260115_240,ORX,69,2,senktide,treatment,fast,chorus_norm,own_floor,25,0,0.0,0.3333333333333333,32,25,5,25,True,1260.0,2460.0
20260115_240,ORX,69,2,senktide,treatment,fast,chorus_norm,baseline_floor,5,2,6.0,0.3333333333333333,32,25,5,25,True,1260.0,2460.0
20260115_240,ORX,69,2,senktide,treatment,fast,chorus_gain_norm,unfloored,0,5,15.0,0.3333333333333333,32,25,5,25,True,1260.0,2460.0
20260115_240,ORX,69,2,senktide,treatment,fast,chorus_gain_norm,own_floor,25,0,0.0,0.3333333333333333,32,25,5,25,True,1260.0,2460.0
20260115_240,ORX,69,2,senktide,treatment,fast,chorus_gain_norm,baseline_floor,5,2,6.0,0.3333333333333333,32,25,5,25,True,1260.0,2460.0
20260115_240,ORX,69,2,senktide,treatment,slow,coact,tuned,6,14,42.0,0.3333333333333333,32,12,4,12,True,1260.0,2460.0
20260115_240,ORX,69,2,senktide,treatment,slow,coact,own_floor,12,5,15.0,0.3333333333333333,32,12,4,12,True,1260.0,2460.0
20260115_240,ORX,69,2,senktide,treatment,slow,coact,baseline_floor,4,17,51.0,0.3333333333333333,32,12,4,12,True,1260.0,2460.0
20260115_240,ORX,69,2,senktide,treatment,slow,chorus_norm,unfloored,0,11,33.0,0.3333333333333333,32,12,4,12,True,1260.0,2460.0
20260115_240,ORX,69,2,senktide,treatment,slow,chorus_norm,own_floor,12,4,12.0,0.3333333333333333,32,12,4,12,True,1260.0,2460.0
20260115_240,ORX,69,2,senktide,treatment,slow,chorus_norm,baseline_floor,4,10,30.0,0.3333333333333333,32,12,4,12,True,1260.0,2460.0
20260115_240,ORX,69,2,senktide,treatment,slow,chorus_gain_norm,unfloored,0,9,27.0,0.3333333333333333,32,12,4,12,True,1260.0,2460.0
20260115_240,ORX,69,2,senktide,treatment,slow,chorus_gain_norm,own_floor,12,4,12.0,0.3333333333333333,32,12,4,12,True,1260.0,2460.0
20260115_240,ORX,69,2,senktide,treatment,slow,chorus_gain_norm,baseline_floor,4,8,24.0,0.3333333333333333,32,12,4,12,True,1260.0,2460.0
20260115_240,ORX,69,2,senktide,treatment,combined,coact,tuned,4,16,48.0,0.3333333333333333,32,27,5,27,True,1260.0,2460.0
20260115_240,ORX,69,2,senktide,treatment,combined,coact,own_floor,27,2,6.0,0.3333333333333333,32,27,5,27,True,1260.0,2460.0
20260115_240,ORX,69,2,senktide,treatment,combined,coact,baseline_floor,5,16,48.0,0.3333333333333333,32,27,5,27,True,1260.0,2460.0
20260115_240,ORX,69,2,senktide,treatment,combined,chorus_norm,unfloored,0,19,57.0,0.3333333333333333,32,27,5,27,True,1260.0,2460.0
20260115_240,ORX,69,2,senktide,treatment,combined,chorus_norm,own_floor,27,2,6.0,0.3333333333333333,32,27,5,27,True,1260.0,2460.0
20260115_240,ORX,69,2,senktide,treatment,combined,chorus_norm,baseline_floor,5,17,51.0,0.3333333333333333,32,27,5,27,True,1260.0,2460.0
20260115_240,ORX,69,2,senktide,treatment,combined,chorus_gain_norm,unfloored,0,18,54.0,0.3333333333333333,32,27,5,27,True,1260.0,2460.0
20260115_240,ORX,69,2,senktide,treatment,combined,chorus_gain_norm,own_floor,27,2,6.0,0.3333333333333333,32,27,5,27,True,1260.0,2460.0
20260115_240,ORX,69,2,senktide,treatment,combined,chorus_gain_norm,baseline_floor,5,17,51.0,0.3333333333333333,32,27,5,27,True,1260.0,2460.0
20260115_240,ORX,69,3,high K+,treatment,fast,coact,tuned,3,3,34.197690407681776,0.08772522250000002,32,21,5,21,True,2700.0,3015.810801
20260115_240,ORX,69,3,high K+,treatment,fast,coact,own_floor,21,1,11.399230135893925,0.08772522250000002,32,21,5,21,True,2700.0,3015.810801
20260115_240,ORX,69,3,high K+,treatment,fast,coact,baseline_floor,5,3,34.197690407681776,0.08772522250000002,32,21,5,21,True,2700.0,3015.810801
20260115_240,ORX,69,3,high K+,treatment,fast,chorus_norm,unfloored,0,2,22.79846027178785,0.08772522250000002,32,21,5,21,True,2700.0,3015.810801
20260115_240,ORX,69,3,high K+,treatment,fast,chorus_norm,own_floor,21,0,0.0,0.08772522250000002,32,21,5,21,True,2700.0,3015.810801
20260115_240,ORX,69,3,high K+,treatment,fast,chorus_norm,baseline_floor,5,1,11.399230135893925,0.08772522250000002,32,21,5,21,True,2700.0,3015.810801
20260115_240,ORX,69,3,high K+,treatment,fast,chorus_gain_norm,unfloored,0,2,22.79846027178785,0.08772522250000002,32,21,5,21,True,2700.0,3015.810801
20260115_240,ORX,69,3,high K+,treatment,fast,chorus_gain_norm,own_floor,21,0,0.0,0.08772522250000002,32,21,5,21,True,2700.0,3015.810801
20260115_240,ORX,69,3,high K+,treatment,fast,chorus_gain_norm,baseline_floor,5,0,0.0,0.08772522250000002,32,21,5,21,True,2700.0,3015.810801
20260115_240,ORX,69,3,high K+,treatment,slow,coact,tuned,6,9,102.59307122304533,0.08772522250000002,32,12,4,12,True,2700.0,3015.810801
20260115_240,ORX,69,3,high K+,treatment,slow,coact,own_floor,12,6,68.39538081536355,0.08772522250000002,32,12,4,12,True,2700.0,3015.810801
20260115_240,ORX,69,3,high K+,treatment,slow,coact,baseline_floor,4,9,102.59307122304533,0.08772522250000002,32,12,4,12,True,2700.0,3015.810801
20260115_240,ORX,69,3,high K+,treatment,slow,chorus_norm,unfloored,0,5,56.99615067946962,0.08772522250000002,32,12,4,12,True,2700.0,3015.810801
20260115_240,ORX,69,3,high K+,treatment,slow,chorus_norm,own_floor,12,4,45.5969205435757,0.08772522250000002,32,12,4,12,True,2700.0,3015.810801
20260115_240,ORX,69,3,high K+,treatment,slow,chorus_norm,baseline_floor,4,5,56.99615067946962,0.08772522250000002,32,12,4,12,True,2700.0,3015.810801
20260115_240,ORX,69,3,high K+,treatment,slow,chorus_gain_norm,unfloored,0,5,56.99615067946962,0.08772522250000002,32,12,4,12,True,2700.0,3015.810801
20260115_240,ORX,69,3,high K+,treatment,slow,chorus_gain_norm,own_floor,12,4,45.5969205435757,0.08772522250000002,32,12,4,12,True,2700.0,3015.810801
20260115_240,ORX,69,3,high K+,treatment,slow,chorus_gain_norm,baseline_floor,4,5,56.99615067946962,0.08772522250000002,32,12,4,12,True,2700.0,3015.810801
20260115_240,ORX,69,3,high K+,treatment,combined,coact,tuned,4,9,102.59307122304533,0.08772522250000002,32,21,5,21,False,2700.0,3015.810801
20260115_240,ORX,69,3,high K+,treatment,combined,coact,own_floor,21,6,68.39538081536355,0.08772522250000002,32,21,5,21,False,2700.0,3015.810801
20260115_240,ORX,69,3,high K+,treatment,combined,coact,baseline_floor,5,9,102.59307122304533,0.08772522250000002,32,21,5,21,False,2700.0,3015.810801
20260115_240,ORX,69,3,high K+,treatment,combined,chorus_norm,unfloored,0,12,136.7907616307271,0.08772522250000002,32,21,5,21,False,2700.0,3015.810801
20260115_240,ORX,69,3,high K+,treatment,combined,chorus_norm,own_floor,21,5,56.99615067946962,0.08772522250000002,32,21,5,21,False,2700.0,3015.810801
20260115_240,ORX,69,3,high K+,treatment,combined,chorus_norm,baseline_floor,5,11,125.39153149483317,0.08772522250000002,32,21,5,21,False,2700.0,3015.810801
20260115_240,ORX,69,3,high K+,treatment,combined,chorus_gain_norm,unfloored,0,6,68.39538081536355,0.08772522250000002,32,21,5,21,False,2700.0,3015.810801
20260115_240,ORX,69,3,high K+,treatment,combined,chorus_gain_norm,own_floor,21,3,34.197690407681776,0.08772522250000002,32,21,5,21,False,2700.0,3015.810801
20260115_240,ORX,69,3,high K+,treatment,combined,chorus_gain_norm,baseline_floor,5,6,68.39538081536355,0.08772522250000002,32,21,5,21,False,2700.0,3015.810801
20260115_243,ORX,69,1,baseline,baseline,fast,coact,tuned,3,2,6.315789473684211,0.31666666666666665,43,10,10,10,True,0.0,1140.0
20260115_243,ORX,69,1,baseline,baseline,fast,coact,own_floor,10,0,0.0,0.31666666666666665,43,10,10,10,True,0.0,1140.0
20260115_243,ORX,69,1,baseline,baseline,fast,coact,baseline_floor,10,0,0.0,0.31666666666666665,43,10,10,10,True,0.0,1140.0
20260115_243,ORX,69,1,baseline,baseline,fast,chorus_norm,unfloored,0,6,18.947368421052634,0.31666666666666665,43,10,10,10,True,0.0,1140.0
20260115_243,ORX,69,1,baseline,baseline,fast,chorus_norm,own_floor,10,0,0.0,0.31666666666666665,43,10,10,10,True,0.0,1140.0
20260115_243,ORX,69,1,baseline,baseline,fast,chorus_norm,baseline_floor,10,0,0.0,0.31666666666666665,43,10,10,10,True,0.0,1140.0
20260115_243,ORX,69,1,baseline,baseline,fast,chorus_gain_norm,unfloored,0,10,31.578947368421055,0.31666666666666665,43,10,10,10,True,0.0,1140.0
20260115_243,ORX,69,1,baseline,baseline,fast,chorus_gain_norm,own_floor,10,0,0.0,0.31666666666666665,43,10,10,10,True,0.0,1140.0
20260115_243,ORX,69,1,baseline,baseline,fast,chorus_gain_norm,baseline_floor,10,0,0.0,0.31666666666666665,43,10,10,10,True,0.0,1140.0
20260115_243,ORX,69,1,baseline,baseline,slow,coact,tuned,6,9,28.42105263157895,0.31666666666666665,43,8,8,8,True,0.0,1140.0
20260115_243,ORX,69,1,baseline,baseline,slow,coact,own_floor,8,5,15.789473684210527,0.31666666666666665,43,8,8,8,True,0.0,1140.0
20260115_243,ORX,69,1,baseline,baseline,slow,coact,baseline_floor,8,5,15.789473684210527,0.31666666666666665,43,8,8,8,True,0.0,1140.0
20260115_243,ORX,69,1,baseline,baseline,slow,chorus_norm,unfloored,0,4,12.631578947368421,0.31666666666666665,43,8,8,8,True,0.0,1140.0
20260115_243,ORX,69,1,baseline,baseline,slow,chorus_norm,own_floor,8,2,6.315789473684211,0.31666666666666665,43,8,8,8,True,0.0,1140.0
20260115_243,ORX,69,1,baseline,baseline,slow,chorus_norm,baseline_floor,8,2,6.315789473684211,0.31666666666666665,43,8,8,8,True,0.0,1140.0
20260115_243,ORX,69,1,baseline,baseline,slow,chorus_gain_norm,unfloored,0,2,6.315789473684211,0.31666666666666665,43,8,8,8,True,0.0,1140.0
20260115_243,ORX,69,1,baseline,baseline,slow,chorus_gain_norm,own_floor,8,1,3.1578947368421053,0.31666666666666665,43,8,8,8,True,0.0,1140.0
20260115_243,ORX,69,1,baseline,baseline,slow,chorus_gain_norm,baseline_floor,8,1,3.1578947368421053,0.31666666666666665,43,8,8,8,True,0.0,1140.0
20260115_243,ORX,69,1,baseline,baseline,combined,coact,tuned,4,9,28.42105263157895,0.31666666666666665,43,12,12,12,True,0.0,1140.0
20260115_243,ORX,69,1,baseline,baseline,combined,coact,own_floor,12,2,6.315789473684211,0.31666666666666665,43,12,12,12,True,0.0,1140.0
20260115_243,ORX,69,1,baseline,baseline,combined,coact,baseline_floor,12,2,6.315789473684211,0.31666666666666665,43,12,12,12,True,0.0,1140.0
20260115_243,ORX,69,1,baseline,baseline,combined,chorus_norm,unfloored,0,19,60.0,0.31666666666666665,43,12,12,12,True,0.0,1140.0
20260115_243,ORX,69,1,baseline,baseline,combined,chorus_norm,own_floor,12,1,3.1578947368421053,0.31666666666666665,43,12,12,12,True,0.0,1140.0
20260115_243,ORX,69,1,baseline,baseline,combined,chorus_norm,baseline_floor,12,1,3.1578947368421053,0.31666666666666665,43,12,12,12,True,0.0,1140.0
20260115_243,ORX,69,1,baseline,baseline,combined,chorus_gain_norm,unfloored,0,25,78.94736842105263,0.31666666666666665,43,12,12,12,True,0.0,1140.0
20260115_243,ORX,69,1,baseline,baseline,combined,chorus_gain_norm,own_floor,12,2,6.315789473684211,0.31666666666666665,43,12,12,12,True,0.0,1140.0
20260115_243,ORX,69,1,baseline,baseline,combined,chorus_gain_norm,baseline_floor,12,2,6.315789473684211,0.31666666666666665,43,12,12,12,True,0.0,1140.0
20260115_243,ORX,69,2,senktide,treatment,fast,coact,tuned,3,14,42.0,0.3333333333333333,43,30,10,30,False,1260.0,2460.0
20260115_243,ORX,69,2,senktide,treatment,fast,coact,own_floor,30,2,6.0,0.3333333333333333,43,30,10,30,False,1260.0,2460.0
20260115_243,ORX,69,2,senktide,treatment,fast,coact,baseline_floor,10,4,12.0,0.3333333333333333,43,30,10,30,False,1260.0,2460.0
20260115_243,ORX,69,2,senktide,treatment,fast,chorus_norm,unfloored,0,10,30.0,0.3333333333333333,43,30,10,30,False,1260.0,2460.0
20260115_243,ORX,69,2,senktide,treatment,fast,chorus_norm,own_floor,30,0,0.0,0.3333333333333333,43,30,10,30,False,1260.0,2460.0
20260115_243,ORX,69,2,senktide,treatment,fast,chorus_norm,baseline_floor,10,2,6.0,0.3333333333333333,43,30,10,30,False,1260.0,2460.0
20260115_243,ORX,69,2,senktide,treatment,fast,chorus_gain_norm,unfloored,0,13,39.0,0.3333333333333333,43,30,10,30,False,1260.0,2460.0
20260115_243,ORX,69,2,senktide,treatment,fast,chorus_gain_norm,own_floor,30,0,0.0,0.3333333333333333,43,30,10,30,False,1260.0,2460.0
20260115_243,ORX,69,2,senktide,treatment,fast,chorus_gain_norm,baseline_floor,10,2,6.0,0.3333333333333333,43,30,10,30,False,1260.0,2460.0
20260115_243,ORX,69,2,senktide,treatment,slow,coact,tuned,6,22,66.0,0.3333333333333333,43,12,8,12,True,1260.0,2460.0
20260115_243,ORX,69,2,senktide,treatment,slow,coact,own_floor,12,8,24.0,0.3333333333333333,43,12,8,12,True,1260.0,2460.0
20260115_243,ORX,69,2,senktide,treatment,slow,coact,baseline_floor,8,12,36.0,0.3333333333333333,43,12,8,12,True,1260.0,2460.0
20260115_243,ORX,69,2,senktide,treatment,slow,chorus_norm,unfloored,0,21,63.0,0.3333333333333333,43,12,8,12,True,1260.0,2460.0
20260115_243,ORX,69,2,senktide,treatment,slow,chorus_norm,own_floor,12,7,21.0,0.3333333333333333,43,12,8,12,True,1260.0,2460.0
20260115_243,ORX,69,2,senktide,treatment,slow,chorus_norm,baseline_floor,8,13,39.0,0.3333333333333333,43,12,8,12,True,1260.0,2460.0
20260115_243,ORX,69,2,senktide,treatment,slow,chorus_gain_norm,unfloored,0,20,60.0,0.3333333333333333,43,12,8,12,True,1260.0,2460.0
20260115_243,ORX,69,2,senktide,treatment,slow,chorus_gain_norm,own_floor,12,7,21.0,0.3333333333333333,43,12,8,12,True,1260.0,2460.0
20260115_243,ORX,69,2,senktide,treatment,slow,chorus_gain_norm,baseline_floor,8,11,33.0,0.3333333333333333,43,12,8,12,True,1260.0,2460.0
20260115_243,ORX,69,2,senktide,treatment,combined,coact,tuned,4,22,66.0,0.3333333333333333,43,30,12,30,True,1260.0,2460.0
20260115_243,ORX,69,2,senktide,treatment,combined,coact,own_floor,30,6,18.0,0.3333333333333333,43,30,12,30,True,1260.0,2460.0
20260115_243,ORX,69,2,senktide,treatment,combined,coact,baseline_floor,12,13,39.0,0.3333333333333333,43,30,12,30,True,1260.0,2460.0
20260115_243,ORX,69,2,senktide,treatment,combined,chorus_norm,unfloored,0,25,75.0,0.3333333333333333,43,30,12,30,True,1260.0,2460.0
20260115_243,ORX,69,2,senktide,treatment,combined,chorus_norm,own_floor,30,5,15.0,0.3333333333333333,43,30,12,30,True,1260.0,2460.0
20260115_243,ORX,69,2,senktide,treatment,combined,chorus_norm,baseline_floor,12,11,33.0,0.3333333333333333,43,30,12,30,True,1260.0,2460.0
20260115_243,ORX,69,2,senktide,treatment,combined,chorus_gain_norm,unfloored,0,30,90.0,0.3333333333333333,43,30,12,30,True,1260.0,2460.0
20260115_243,ORX,69,2,senktide,treatment,combined,chorus_gain_norm,own_floor,30,5,15.0,0.3333333333333333,43,30,12,30,True,1260.0,2460.0
20260115_243,ORX,69,2,senktide,treatment,combined,chorus_gain_norm,baseline_floor,12,11,33.0,0.3333333333333333,43,30,12,30,True,1260.0,2460.0
20260115_243,ORX,69,3,high K+,treatment,fast,coact,tuned,3,3,29.117512811388853,0.10303077805555555,43,28,10,28,True,2700.0,3070.910801
20260115_243,ORX,69,3,high K+,treatment,fast,coact,own_floor,28,1,9.705837603796283,0.10303077805555555,43,28,10,28,True,2700.0,3070.910801
20260115_243,ORX,69,3,high K+,treatment,fast,coact,baseline_floor,10,2,19.411675207592566,0.10303077805555555,43,28,10,28,True,2700.0,3070.910801
20260115_243,ORX,69,3,high K+,treatment,fast,chorus_norm,unfloored,0,2,19.411675207592566,0.10303077805555555,43,28,10,28,True,2700.0,3070.910801
20260115_243,ORX,69,3,high K+,treatment,fast,chorus_norm,own_floor,28,0,0.0,0.10303077805555555,43,28,10,28,True,2700.0,3070.910801
20260115_243,ORX,69,3,high K+,treatment,fast,chorus_norm,baseline_floor,10,1,9.705837603796283,0.10303077805555555,43,28,10,28,True,2700.0,3070.910801
20260115_243,ORX,69,3,high K+,treatment,fast,chorus_gain_norm,unfloored,0,1,9.705837603796283,0.10303077805555555,43,28,10,28,True,2700.0,3070.910801
20260115_243,ORX,69,3,high K+,treatment,fast,chorus_gain_norm,own_floor,28,0,0.0,0.10303077805555555,43,28,10,28,True,2700.0,3070.910801
20260115_243,ORX,69,3,high K+,treatment,fast,chorus_gain_norm,baseline_floor,10,0,0.0,0.10303077805555555,43,28,10,28,True,2700.0,3070.910801
20260115_243,ORX,69,3,high K+,treatment,slow,coact,tuned,6,7,67.94086322657398,0.10303077805555555,43,9,8,9,False,2700.0,3070.910801
20260115_243,ORX,69,3,high K+,treatment,slow,coact,own_floor,9,4,38.82335041518513,0.10303077805555555,43,9,8,9,False,2700.0,3070.910801
20260115_243,ORX,69,3,high K+,treatment,slow,coact,baseline_floor,8,5,48.529188018981415,0.10303077805555555,43,9,8,9,False,2700.0,3070.910801
20260115_243,ORX,69,3,high K+,treatment,slow,chorus_norm,unfloored,0,5,48.529188018981415,0.10303077805555555,43,9,8,9,False,2700.0,3070.910801
20260115_243,ORX,69,3,high K+,treatment,slow,chorus_norm,own_floor,9,3,29.117512811388853,0.10303077805555555,43,9,8,9,False,2700.0,3070.910801
20260115_243,ORX,69,3,high K+,treatment,slow,chorus_norm,baseline_floor,8,3,29.117512811388853,0.10303077805555555,43,9,8,9,False,2700.0,3070.910801
20260115_243,ORX,69,3,high K+,treatment,slow,chorus_gain_norm,unfloored,0,5,48.529188018981415,0.10303077805555555,43,9,8,9,False,2700.0,3070.910801
20260115_243,ORX,69,3,high K+,treatment,slow,chorus_gain_norm,own_floor,9,1,9.705837603796283,0.10303077805555555,43,9,8,9,False,2700.0,3070.910801
20260115_243,ORX,69,3,high K+,treatment,slow,chorus_gain_norm,baseline_floor,8,1,9.705837603796283,0.10303077805555555,43,9,8,9,False,2700.0,3070.910801
20260115_243,ORX,69,3,high K+,treatment,combined,coact,tuned,4,7,67.94086322657398,0.10303077805555555,43,30,12,30,False,2700.0,3070.910801
20260115_243,ORX,69,3,high K+,treatment,combined,coact,own_floor,30,4,38.82335041518513,0.10303077805555555,43,30,12,30,False,2700.0,3070.910801
20260115_243,ORX,69,3,high K+,treatment,combined,coact,baseline_floor,12,4,38.82335041518513,0.10303077805555555,43,30,12,30,False,2700.0,3070.910801
20260115_243,ORX,69,3,high K+,treatment,combined,chorus_norm,unfloored,0,5,48.529188018981415,0.10303077805555555,43,30,12,30,False,2700.0,3070.910801
20260115_243,ORX,69,3,high K+,treatment,combined,chorus_norm,own_floor,30,1,9.705837603796283,0.10303077805555555,43,30,12,30,False,2700.0,3070.910801
20260115_243,ORX,69,3,high K+,treatment,combined,chorus_norm,baseline_floor,12,2,19.411675207592566,0.10303077805555555,43,30,12,30,False,2700.0,3070.910801
20260115_243,ORX,69,3,high K+,treatment,combined,chorus_gain_norm,unfloored,0,4,38.82335041518513,0.10303077805555555,43,30,12,30,False,2700.0,3070.910801
20260115_243,ORX,69,3,high K+,treatment,combined,chorus_gain_norm,own_floor,30,1,9.705837603796283,0.10303077805555555,43,30,12,30,False,2700.0,3070.910801
20260115_243,ORX,69,3,high K+,treatment,combined,chorus_gain_norm,baseline_floor,12,2,19.411675207592566,0.10303077805555555,43,30,12,30,False,2700.0,3070.910801
20260120_248,MALE,70,1,baseline,baseline,fast,coact,tuned,3,3,9.0,0.3333333333333333,31,4,4,4,True,0.0,1200.0
20260120_248,MALE,70,1,baseline,baseline,fast,coact,own_floor,4,0,0.0,0.3333333333333333,31,4,4,4,True,0.0,1200.0
20260120_248,MALE,70,1,baseline,baseline,fast,coact,baseline_floor,4,0,0.0,0.3333333333333333,31,4,4,4,True,0.0,1200.0
20260120_248,MALE,70,1,baseline,baseline,fast,chorus_norm,unfloored,0,0,0.0,0.3333333333333333,31,4,4,4,True,0.0,1200.0
20260120_248,MALE,70,1,baseline,baseline,fast,chorus_norm,own_floor,4,0,0.0,0.3333333333333333,31,4,4,4,True,0.0,1200.0
20260120_248,MALE,70,1,baseline,baseline,fast,chorus_norm,baseline_floor,4,0,0.0,0.3333333333333333,31,4,4,4,True,0.0,1200.0
20260120_248,MALE,70,1,baseline,baseline,fast,chorus_gain_norm,unfloored,0,0,0.0,0.3333333333333333,31,4,4,4,True,0.0,1200.0
20260120_248,MALE,70,1,baseline,baseline,fast,chorus_gain_norm,own_floor,4,0,0.0,0.3333333333333333,31,4,4,4,True,0.0,1200.0
20260120_248,MALE,70,1,baseline,baseline,fast,chorus_gain_norm,baseline_floor,4,0,0.0,0.3333333333333333,31,4,4,4,True,0.0,1200.0
20260120_248,MALE,70,1,baseline,baseline,slow,coact,tuned,6,5,15.0,0.3333333333333333,31,7,7,7,True,0.0,1200.0
20260120_248,MALE,70,1,baseline,baseline,slow,coact,own_floor,7,4,12.0,0.3333333333333333,31,7,7,7,True,0.0,1200.0
20260120_248,MALE,70,1,baseline,baseline,slow,coact,baseline_floor,7,4,12.0,0.3333333333333333,31,7,7,7,True,0.0,1200.0
20260120_248,MALE,70,1,baseline,baseline,slow,chorus_norm,unfloored,0,5,15.0,0.3333333333333333,31,7,7,7,True,0.0,1200.0
20260120_248,MALE,70,1,baseline,baseline,slow,chorus_norm,own_floor,7,4,12.0,0.3333333333333333,31,7,7,7,True,0.0,1200.0
20260120_248,MALE,70,1,baseline,baseline,slow,chorus_norm,baseline_floor,7,4,12.0,0.3333333333333333,31,7,7,7,True,0.0,1200.0
20260120_248,MALE,70,1,baseline,baseline,slow,chorus_gain_norm,unfloored,0,5,15.0,0.3333333333333333,31,7,7,7,True,0.0,1200.0
20260120_248,MALE,70,1,baseline,baseline,slow,chorus_gain_norm,own_floor,7,4,12.0,0.3333333333333333,31,7,7,7,True,0.0,1200.0
20260120_248,MALE,70,1,baseline,baseline,slow,chorus_gain_norm,baseline_floor,7,4,12.0,0.3333333333333333,31,7,7,7,True,0.0,1200.0
20260120_248,MALE,70,1,baseline,baseline,combined,coact,tuned,4,7,21.0,0.3333333333333333,31,7,7,7,True,0.0,1200.0
20260120_248,MALE,70,1,baseline,baseline,combined,coact,own_floor,7,5,15.0,0.3333333333333333,31,7,7,7,True,0.0,1200.0
20260120_248,MALE,70,1,baseline,baseline,combined,coact,baseline_floor,7,5,15.0,0.3333333333333333,31,7,7,7,True,0.0,1200.0
20260120_248,MALE,70,1,baseline,baseline,combined,chorus_norm,unfloored,0,6,18.0,0.3333333333333333,31,7,7,7,True,0.0,1200.0
20260120_248,MALE,70,1,baseline,baseline,combined,chorus_norm,own_floor,7,4,12.0,0.3333333333333333,31,7,7,7,True,0.0,1200.0
20260120_248,MALE,70,1,baseline,baseline,combined,chorus_norm,baseline_floor,7,4,12.0,0.3333333333333333,31,7,7,7,True,0.0,1200.0
20260120_248,MALE,70,1,baseline,baseline,combined,chorus_gain_norm,unfloored,0,5,15.0,0.3333333333333333,31,7,7,7,True,0.0,1200.0
20260120_248,MALE,70,1,baseline,baseline,combined,chorus_gain_norm,own_floor,7,4,12.0,0.3333333333333333,31,7,7,7,True,0.0,1200.0
20260120_248,MALE,70,1,baseline,baseline,combined,chorus_gain_norm,baseline_floor,7,4,12.0,0.3333333333333333,31,7,7,7,True,0.0,1200.0
20260120_248,MALE,70,2,senktide,treatment,fast,coact,tuned,3,12,36.0,0.3333333333333333,31,6,4,6,True,1320.0,2520.0
20260120_248,MALE,70,2,senktide,treatment,fast,coact,own_floor,6,2,6.0,0.3333333333333333,31,6,4,6,True,1320.0,2520.0
20260120_248,MALE,70,2,senktide,treatment,fast,coact,baseline_floor,4,7,21.0,0.3333333333333333,31,6,4,6,True,1320.0,2520.0
20260120_248,MALE,70,2,senktide,treatment,fast,chorus_norm,unfloored,0,9,27.0,0.3333333333333333,31,6,4,6,True,1320.0,2520.0
20260120_248,MALE,70,2,senktide,treatment,fast,chorus_norm,own_floor,6,2,6.0,0.3333333333333333,31,6,4,6,True,1320.0,2520.0
20260120_248,MALE,70,2,senktide,treatment,fast,chorus_norm,baseline_floor,4,4,12.0,0.3333333333333333,31,6,4,6,True,1320.0,2520.0
20260120_248,MALE,70,2,senktide,treatment,fast,chorus_gain_norm,unfloored,0,7,21.0,0.3333333333333333,31,6,4,6,True,1320.0,2520.0
20260120_248,MALE,70,2,senktide,treatment,fast,chorus_gain_norm,own_floor,6,1,3.0,0.3333333333333333,31,6,4,6,True,1320.0,2520.0
20260120_248,MALE,70,2,senktide,treatment,fast,chorus_gain_norm,baseline_floor,4,2,6.0,0.3333333333333333,31,6,4,6,True,1320.0,2520.0
20260120_248,MALE,70,2,senktide,treatment,slow,coact,tuned,6,20,60.0,0.3333333333333333,31,9,7,9,True,1320.0,2520.0
20260120_248,MALE,70,2,senktide,treatment,slow,coact,own_floor,9,13,39.0,0.3333333333333333,31,9,7,9,True,1320.0,2520.0
20260120_248,MALE,70,2,senktide,treatment,slow,coact,baseline_floor,7,19,57.0,0.3333333333333333,31,9,7,9,True,1320.0,2520.0
20260120_248,MALE,70,2,senktide,treatment,slow,chorus_norm,unfloored,0,24,72.0,0.3333333333333333,31,9,7,9,True,1320.0,2520.0
20260120_248,MALE,70,2,senktide,treatment,slow,chorus_norm,own_floor,9,10,30.0,0.3333333333333333,31,9,7,9,True,1320.0,2520.0
20260120_248,MALE,70,2,senktide,treatment,slow,chorus_norm,baseline_floor,7,15,45.0,0.3333333333333333,31,9,7,9,True,1320.0,2520.0
20260120_248,MALE,70,2,senktide,treatment,slow,chorus_gain_norm,unfloored,0,24,72.0,0.3333333333333333,31,9,7,9,True,1320.0,2520.0
20260120_248,MALE,70,2,senktide,treatment,slow,chorus_gain_norm,own_floor,9,10,30.0,0.3333333333333333,31,9,7,9,True,1320.0,2520.0
20260120_248,MALE,70,2,senktide,treatment,slow,chorus_gain_norm,baseline_floor,7,15,45.0,0.3333333333333333,31,9,7,9,True,1320.0,2520.0
20260120_248,MALE,70,2,senktide,treatment,combined,coact,tuned,4,27,81.0,0.3333333333333333,31,10,7,10,True,1320.0,2520.0
20260120_248,MALE,70,2,senktide,treatment,combined,coact,own_floor,10,11,33.0,0.3333333333333333,31,10,7,10,True,1320.0,2520.0
20260120_248,MALE,70,2,senktide,treatment,combined,coact,baseline_floor,7,20,60.0,0.3333333333333333,31,10,7,10,True,1320.0,2520.0
20260120_248,MALE,70,2,senktide,treatment,combined,chorus_norm,unfloored,0,33,99.0,0.3333333333333333,31,10,7,10,True,1320.0,2520.0
20260120_248,MALE,70,2,senktide,treatment,combined,chorus_norm,own_floor,10,11,33.0,0.3333333333333333,31,10,7,10,True,1320.0,2520.0
20260120_248,MALE,70,2,senktide,treatment,combined,chorus_norm,baseline_floor,7,19,57.0,0.3333333333333333,31,10,7,10,True,1320.0,2520.0
20260120_248,MALE,70,2,senktide,treatment,combined,chorus_gain_norm,unfloored,0,32,96.0,0.3333333333333333,31,10,7,10,True,1320.0,2520.0
20260120_248,MALE,70,2,senktide,treatment,combined,chorus_gain_norm,own_floor,10,11,33.0,0.3333333333333333,31,10,7,10,True,1320.0,2520.0
20260120_248,MALE,70,2,senktide,treatment,combined,chorus_gain_norm,baseline_floor,7,19,57.0,0.3333333333333333,31,10,7,10,True,1320.0,2520.0
20260120_248,MALE,70,3,high K+,treatment,fast,coact,tuned,3,1,9.446071826235126,0.10586411138888883,31,3,4,3,True,2700.0,3081.110801
20260120_248,MALE,70,3,high K+,treatment,fast,coact,own_floor,3,1,9.446071826235126,0.10586411138888883,31,3,4,3,True,2700.0,3081.110801
20260120_248,MALE,70,3,high K+,treatment,fast,coact,baseline_floor,4,0,0.0,0.10586411138888883,31,3,4,3,True,2700.0,3081.110801
20260120_248,MALE,70,3,high K+,treatment,fast,chorus_norm,unfloored,0,1,9.446071826235126,0.10586411138888883,31,3,4,3,True,2700.0,3081.110801
20260120_248,MALE,70,3,high K+,treatment,fast,chorus_norm,own_floor,3,1,9.446071826235126,0.10586411138888883,31,3,4,3,True,2700.0,3081.110801
20260120_248,MALE,70,3,high K+,treatment,fast,chorus_norm,baseline_floor,4,0,0.0,0.10586411138888883,31,3,4,3,True,2700.0,3081.110801
20260120_248,MALE,70,3,high K+,treatment,fast,chorus_gain_norm,unfloored,0,0,0.0,0.10586411138888883,31,3,4,3,True,2700.0,3081.110801
20260120_248,MALE,70,3,high K+,treatment,fast,chorus_gain_norm,own_floor,3,0,0.0,0.10586411138888883,31,3,4,3,True,2700.0,3081.110801
20260120_248,MALE,70,3,high K+,treatment,fast,chorus_gain_norm,baseline_floor,4,0,0.0,0.10586411138888883,31,3,4,3,True,2700.0,3081.110801
20260120_248,MALE,70,3,high K+,treatment,slow,coact,tuned,6,2,18.892143652470253,0.10586411138888883,31,7,7,7,True,2700.0,3081.110801
20260120_248,MALE,70,3,high K+,treatment,slow,coact,own_floor,7,2,18.892143652470253,0.10586411138888883,31,7,7,7,True,2700.0,3081.110801
20260120_248,MALE,70,3,high K+,treatment,slow,coact,baseline_floor,7,2,18.892143652470253,0.10586411138888883,31,7,7,7,True,2700.0,3081.110801
20260120_248,MALE,70,3,high K+,treatment,slow,chorus_norm,unfloored,0,3,28.33821547870538,0.10586411138888883,31,7,7,7,True,2700.0,3081.110801
20260120_248,MALE,70,3,high K+,treatment,slow,chorus_norm,own_floor,7,1,9.446071826235126,0.10586411138888883,31,7,7,7,True,2700.0,3081.110801
20260120_248,MALE,70,3,high K+,treatment,slow,chorus_norm,baseline_floor,7,1,9.446071826235126,0.10586411138888883,31,7,7,7,True,2700.0,3081.110801
20260120_248,MALE,70,3,high K+,treatment,slow,chorus_gain_norm,unfloored,0,1,9.446071826235126,0.10586411138888883,31,7,7,7,True,2700.0,3081.110801
20260120_248,MALE,70,3,high K+,treatment,slow,chorus_gain_norm,own_floor,7,0,0.0,0.10586411138888883,31,7,7,7,True,2700.0,3081.110801
20260120_248,MALE,70,3,high K+,treatment,slow,chorus_gain_norm,baseline_floor,7,0,0.0,0.10586411138888883,31,7,7,7,True,2700.0,3081.110801
20260120_248,MALE,70,3,high K+,treatment,combined,coact,tuned,4,4,37.784287304940506,0.10586411138888883,31,7,7,7,True,2700.0,3081.110801
20260120_248,MALE,70,3,high K+,treatment,combined,coact,own_floor,7,2,18.892143652470253,0.10586411138888883,31,7,7,7,True,2700.0,3081.110801
20260120_248,MALE,70,3,high K+,treatment,combined,coact,baseline_floor,7,2,18.892143652470253,0.10586411138888883,31,7,7,7,True,2700.0,3081.110801
20260120_248,MALE,70,3,high K+,treatment,combined,chorus_norm,unfloored,0,5,47.23035913117563,0.10586411138888883,31,7,7,7,True,2700.0,3081.110801
20260120_248,MALE,70,3,high K+,treatment,combined,chorus_norm,own_floor,7,1,9.446071826235126,0.10586411138888883,31,7,7,7,True,2700.0,3081.110801
20260120_248,MALE,70,3,high K+,treatment,combined,chorus_norm,baseline_floor,7,1,9.446071826235126,0.10586411138888883,31,7,7,7,True,2700.0,3081.110801
20260120_248,MALE,70,3,high K+,treatment,combined,chorus_gain_norm,unfloored,0,4,37.784287304940506,0.10586411138888883,31,7,7,7,True,2700.0,3081.110801
20260120_248,MALE,70,3,high K+,treatment,combined,chorus_gain_norm,own_floor,7,1,9.446071826235126,0.10586411138888883,31,7,7,7,True,2700.0,3081.110801
20260120_248,MALE,70,3,high K+,treatment,combined,chorus_gain_norm,baseline_floor,7,1,9.446071826235126,0.10586411138888883,31,7,7,7,True,2700.0,3081.110801
20260121_250,ORX,71,1,baseline,baseline,fast,coact,tuned,3,0,0.0,0.3333333333333333,34,3,3,3,True,0.0,1200.0
20260121_250,ORX,71,1,baseline,baseline,fast,coact,own_floor,3,0,0.0,0.3333333333333333,34,3,3,3,True,0.0,1200.0
20260121_250,ORX,71,1,baseline,baseline,fast,coact,baseline_floor,3,0,0.0,0.3333333333333333,34,3,3,3,True,0.0,1200.0
20260121_250,ORX,71,1,baseline,baseline,fast,chorus_norm,unfloored,0,0,0.0,0.3333333333333333,34,3,3,3,True,0.0,1200.0
20260121_250,ORX,71,1,baseline,baseline,fast,chorus_norm,own_floor,3,0,0.0,0.3333333333333333,34,3,3,3,True,0.0,1200.0
20260121_250,ORX,71,1,baseline,baseline,fast,chorus_norm,baseline_floor,3,0,0.0,0.3333333333333333,34,3,3,3,True,0.0,1200.0
20260121_250,ORX,71,1,baseline,baseline,fast,chorus_gain_norm,unfloored,0,0,0.0,0.3333333333333333,34,3,3,3,True,0.0,1200.0
20260121_250,ORX,71,1,baseline,baseline,fast,chorus_gain_norm,own_floor,3,0,0.0,0.3333333333333333,34,3,3,3,True,0.0,1200.0
20260121_250,ORX,71,1,baseline,baseline,fast,chorus_gain_norm,baseline_floor,3,0,0.0,0.3333333333333333,34,3,3,3,True,0.0,1200.0
20260121_250,ORX,71,1,baseline,baseline,slow,coact,tuned,6,0,0.0,0.3333333333333333,34,3,3,3,True,0.0,1200.0
20260121_250,ORX,71,1,baseline,baseline,slow,coact,own_floor,3,0,0.0,0.3333333333333333,34,3,3,3,True,0.0,1200.0
20260121_250,ORX,71,1,baseline,baseline,slow,coact,baseline_floor,3,0,0.0,0.3333333333333333,34,3,3,3,True,0.0,1200.0
20260121_250,ORX,71,1,baseline,baseline,slow,chorus_norm,unfloored,0,0,0.0,0.3333333333333333,34,3,3,3,True,0.0,1200.0
20260121_250,ORX,71,1,baseline,baseline,slow,chorus_norm,own_floor,3,0,0.0,0.3333333333333333,34,3,3,3,True,0.0,1200.0
20260121_250,ORX,71,1,baseline,baseline,slow,chorus_norm,baseline_floor,3,0,0.0,0.3333333333333333,34,3,3,3,True,0.0,1200.0
20260121_250,ORX,71,1,baseline,baseline,slow,chorus_gain_norm,unfloored,0,0,0.0,0.3333333333333333,34,3,3,3,True,0.0,1200.0
20260121_250,ORX,71,1,baseline,baseline,slow,chorus_gain_norm,own_floor,3,0,0.0,0.3333333333333333,34,3,3,3,True,0.0,1200.0
20260121_250,ORX,71,1,baseline,baseline,slow,chorus_gain_norm,baseline_floor,3,0,0.0,0.3333333333333333,34,3,3,3,True,0.0,1200.0
20260121_250,ORX,71,1,baseline,baseline,combined,coact,tuned,4,0,0.0,0.3333333333333333,34,4,4,4,True,0.0,1200.0
20260121_250,ORX,71,1,baseline,baseline,combined,coact,own_floor,4,0,0.0,0.3333333333333333,34,4,4,4,True,0.0,1200.0
20260121_250,ORX,71,1,baseline,baseline,combined,coact,baseline_floor,4,0,0.0,0.3333333333333333,34,4,4,4,True,0.0,1200.0
20260121_250,ORX,71,1,baseline,baseline,combined,chorus_norm,unfloored,0,0,0.0,0.3333333333333333,34,4,4,4,True,0.0,1200.0
20260121_250,ORX,71,1,baseline,baseline,combined,chorus_norm,own_floor,4,0,0.0,0.3333333333333333,34,4,4,4,True,0.0,1200.0
20260121_250,ORX,71,1,baseline,baseline,combined,chorus_norm,baseline_floor,4,0,0.0,0.3333333333333333,34,4,4,4,True,0.0,1200.0
20260121_250,ORX,71,1,baseline,baseline,combined,chorus_gain_norm,unfloored,0,0,0.0,0.3333333333333333,34,4,4,4,True,0.0,1200.0
20260121_250,ORX,71,1,baseline,baseline,combined,chorus_gain_norm,own_floor,4,0,0.0,0.3333333333333333,34,4,4,4,True,0.0,1200.0
20260121_250,ORX,71,1,baseline,baseline,combined,chorus_gain_norm,baseline_floor,4,0,0.0,0.3333333333333333,34,4,4,4,True,0.0,1200.0
20260121_250,ORX,71,2,senktide,treatment,fast,coact,tuned,3,3,9.0,0.3333333333333333,34,27,3,27,True,1320.0,2520.0
20260121_250,ORX,71,2,senktide,treatment,fast,coact,own_floor,27,1,3.0,0.3333333333333333,34,27,3,27,True,1320.0,2520.0
20260121_250,ORX,71,2,senktide,treatment,fast,coact,baseline_floor,3,3,9.0,0.3333333333333333,34,27,3,27,True,1320.0,2520.0
20260121_250,ORX,71,2,senktide,treatment,fast,chorus_norm,unfloored,0,5,15.0,0.3333333333333333,34,27,3,27,True,1320.0,2520.0
20260121_250,ORX,71,2,senktide,treatment,fast,chorus_norm,own_floor,27,0,0.0,0.3333333333333333,34,27,3,27,True,1320.0,2520.0
20260121_250,ORX,71,2,senktide,treatment,fast,chorus_norm,baseline_floor,3,5,15.0,0.3333333333333333,34,27,3,27,True,1320.0,2520.0
20260121_250,ORX,71,2,senktide,treatment,fast,chorus_gain_norm,unfloored,0,1,3.0,0.3333333333333333,34,27,3,27,True,1320.0,2520.0
20260121_250,ORX,71,2,senktide,treatment,fast,chorus_gain_norm,own_floor,27,0,0.0,0.3333333333333333,34,27,3,27,True,1320.0,2520.0
20260121_250,ORX,71,2,senktide,treatment,fast,chorus_gain_norm,baseline_floor,3,1,3.0,0.3333333333333333,34,27,3,27,True,1320.0,2520.0
20260121_250,ORX,71,2,senktide,treatment,slow,coact,tuned,6,7,21.0,0.3333333333333333,34,11,3,11,True,1320.0,2520.0
20260121_250,ORX,71,2,senktide,treatment,slow,coact,own_floor,11,0,0.0,0.3333333333333333,34,11,3,11,True,1320.0,2520.0
20260121_250,ORX,71,2,senktide,treatment,slow,coact,baseline_floor,3,8,24.0,0.3333333333333333,34,11,3,11,True,1320.0,2520.0
20260121_250,ORX,71,2,senktide,treatment,slow,chorus_norm,unfloored,0,0,0.0,0.3333333333333333,34,11,3,11,True,1320.0,2520.0
20260121_250,ORX,71,2,senktide,treatment,slow,chorus_norm,own_floor,11,0,0.0,0.3333333333333333,34,11,3,11,True,1320.0,2520.0
20260121_250,ORX,71,2,senktide,treatment,slow,chorus_norm,baseline_floor,3,0,0.0,0.3333333333333333,34,11,3,11,True,1320.0,2520.0
20260121_250,ORX,71,2,senktide,treatment,slow,chorus_gain_norm,unfloored,0,0,0.0,0.3333333333333333,34,11,3,11,True,1320.0,2520.0
20260121_250,ORX,71,2,senktide,treatment,slow,chorus_gain_norm,own_floor,11,0,0.0,0.3333333333333333,34,11,3,11,True,1320.0,2520.0
20260121_250,ORX,71,2,senktide,treatment,slow,chorus_gain_norm,baseline_floor,3,0,0.0,0.3333333333333333,34,11,3,11,True,1320.0,2520.0
20260121_250,ORX,71,2,senktide,treatment,combined,coact,tuned,4,4,12.0,0.3333333333333333,34,29,4,29,True,1320.0,2520.0
20260121_250,ORX,71,2,senktide,treatment,combined,coact,own_floor,29,0,0.0,0.3333333333333333,34,29,4,29,True,1320.0,2520.0
20260121_250,ORX,71,2,senktide,treatment,combined,coact,baseline_floor,4,4,12.0,0.3333333333333333,34,29,4,29,True,1320.0,2520.0
20260121_250,ORX,71,2,senktide,treatment,combined,chorus_norm,unfloored,0,2,6.0,0.3333333333333333,34,29,4,29,True,1320.0,2520.0
20260121_250,ORX,71,2,senktide,treatment,combined,chorus_norm,own_floor,29,0,0.0,0.3333333333333333,34,29,4,29,True,1320.0,2520.0
20260121_250,ORX,71,2,senktide,treatment,combined,chorus_norm,baseline_floor,4,2,6.0,0.3333333333333333,34,29,4,29,True,1320.0,2520.0
20260121_250,ORX,71,2,senktide,treatment,combined,chorus_gain_norm,unfloored,0,9,27.0,0.3333333333333333,34,29,4,29,True,1320.0,2520.0
20260121_250,ORX,71,2,senktide,treatment,combined,chorus_gain_norm,own_floor,29,0,0.0,0.3333333333333333,34,29,4,29,True,1320.0,2520.0
20260121_250,ORX,71,2,senktide,treatment,combined,chorus_gain_norm,baseline_floor,4,9,27.0,0.3333333333333333,34,29,4,29,True,1320.0,2520.0
20260121_250,ORX,71,3,high K+,treatment,fast,coact,tuned,3,3,29.27536946797066,0.1024752225,34,20,3,20,True,2700.0,3068.910801
20260121_250,ORX,71,3,high K+,treatment,fast,coact,own_floor,20,2,19.516912978647106,0.1024752225,34,20,3,20,True,2700.0,3068.910801
20260121_250,ORX,71,3,high K+,treatment,fast,coact,baseline_floor,3,3,29.27536946797066,0.1024752225,34,20,3,20,True,2700.0,3068.910801
20260121_250,ORX,71,3,high K+,treatment,fast,chorus_norm,unfloored,0,0,0.0,0.1024752225,34,20,3,20,True,2700.0,3068.910801
20260121_250,ORX,71,3,high K+,treatment,fast,chorus_norm,own_floor,20,0,0.0,0.1024752225,34,20,3,20,True,2700.0,3068.910801
20260121_250,ORX,71,3,high K+,treatment,fast,chorus_norm,baseline_floor,3,0,0.0,0.1024752225,34,20,3,20,True,2700.0,3068.910801
20260121_250,ORX,71,3,high K+,treatment,fast,chorus_gain_norm,unfloored,0,1,9.758456489323553,0.1024752225,34,20,3,20,True,2700.0,3068.910801
20260121_250,ORX,71,3,high K+,treatment,fast,chorus_gain_norm,own_floor,20,0,0.0,0.1024752225,34,20,3,20,True,2700.0,3068.910801
20260121_250,ORX,71,3,high K+,treatment,fast,chorus_gain_norm,baseline_floor,3,1,9.758456489323553,0.1024752225,34,20,3,20,True,2700.0,3068.910801
20260121_250,ORX,71,3,high K+,treatment,slow,coact,tuned,6,3,29.27536946797066,0.1024752225,34,9,3,9,True,2700.0,3068.910801
20260121_250,ORX,71,3,high K+,treatment,slow,coact,own_floor,9,0,0.0,0.1024752225,34,9,3,9,True,2700.0,3068.910801
20260121_250,ORX,71,3,high K+,treatment,slow,coact,baseline_floor,3,3,29.27536946797066,0.1024752225,34,9,3,9,True,2700.0,3068.910801
20260121_250,ORX,71,3,high K+,treatment,slow,chorus_norm,unfloored,0,2,19.516912978647106,0.1024752225,34,9,3,9,True,2700.0,3068.910801
20260121_250,ORX,71,3,high K+,treatment,slow,chorus_norm,own_floor,9,0,0.0,0.1024752225,34,9,3,9,True,2700.0,3068.910801
20260121_250,ORX,71,3,high K+,treatment,slow,chorus_norm,baseline_floor,3,2,19.516912978647106,0.1024752225,34,9,3,9,True,2700.0,3068.910801
20260121_250,ORX,71,3,high K+,treatment,slow,chorus_gain_norm,unfloored,0,0,0.0,0.1024752225,34,9,3,9,True,2700.0,3068.910801
20260121_250,ORX,71,3,high K+,treatment,slow,chorus_gain_norm,own_floor,9,0,0.0,0.1024752225,34,9,3,9,True,2700.0,3068.910801
20260121_250,ORX,71,3,high K+,treatment,slow,chorus_gain_norm,baseline_floor,3,0,0.0,0.1024752225,34,9,3,9,True,2700.0,3068.910801
20260121_250,ORX,71,3,high K+,treatment,combined,coact,tuned,4,1,9.758456489323553,0.1024752225,34,20,4,20,False,2700.0,3068.910801
20260121_250,ORX,71,3,high K+,treatment,combined,coact,own_floor,20,1,9.758456489323553,0.1024752225,34,20,4,20,False,2700.0,3068.910801
20260121_250,ORX,71,3,high K+,treatment,combined,coact,baseline_floor,4,1,9.758456489323553,0.1024752225,34,20,4,20,False,2700.0,3068.910801
20260121_250,ORX,71,3,high K+,treatment,combined,chorus_norm,unfloored,0,2,19.516912978647106,0.1024752225,34,20,4,20,False,2700.0,3068.910801
20260121_250,ORX,71,3,high K+,treatment,combined,chorus_norm,own_floor,20,0,0.0,0.1024752225,34,20,4,20,False,2700.0,3068.910801
20260121_250,ORX,71,3,high K+,treatment,combined,chorus_norm,baseline_floor,4,2,19.516912978647106,0.1024752225,34,20,4,20,False,2700.0,3068.910801
20260121_250,ORX,71,3,high K+,treatment,combined,chorus_gain_norm,unfloored,0,2,19.516912978647106,0.1024752225,34,20,4,20,False,2700.0,3068.910801
20260121_250,ORX,71,3,high K+,treatment,combined,chorus_gain_norm,own_floor,20,0,0.0,0.1024752225,34,20,4,20,False,2700.0,3068.910801
20260121_250,ORX,71,3,high K+,treatment,combined,chorus_gain_norm,baseline_floor,4,2,19.516912978647106,0.1024752225,34,20,4,20,False,2700.0,3068.910801
20260121_252,ORX,71,1,baseline,baseline,fast,coact,tuned,3,0,0.0,0.3333333333333333,27,3,3,3,True,0.0,1200.0
20260121_252,ORX,71,1,baseline,baseline,fast,coact,own_floor,3,0,0.0,0.3333333333333333,27,3,3,3,True,0.0,1200.0
20260121_252,ORX,71,1,baseline,baseline,fast,coact,baseline_floor,3,0,0.0,0.3333333333333333,27,3,3,3,True,0.0,1200.0
20260121_252,ORX,71,1,baseline,baseline,fast,chorus_norm,unfloored,0,0,0.0,0.3333333333333333,27,3,3,3,True,0.0,1200.0
20260121_252,ORX,71,1,baseline,baseline,fast,chorus_norm,own_floor,3,0,0.0,0.3333333333333333,27,3,3,3,True,0.0,1200.0
20260121_252,ORX,71,1,baseline,baseline,fast,chorus_norm,baseline_floor,3,0,0.0,0.3333333333333333,27,3,3,3,True,0.0,1200.0
20260121_252,ORX,71,1,baseline,baseline,fast,chorus_gain_norm,unfloored,0,0,0.0,0.3333333333333333,27,3,3,3,True,0.0,1200.0
20260121_252,ORX,71,1,baseline,baseline,fast,chorus_gain_norm,own_floor,3,0,0.0,0.3333333333333333,27,3,3,3,True,0.0,1200.0
20260121_252,ORX,71,1,baseline,baseline,fast,chorus_gain_norm,baseline_floor,3,0,0.0,0.3333333333333333,27,3,3,3,True,0.0,1200.0
20260121_252,ORX,71,1,baseline,baseline,slow,coact,tuned,6,0,0.0,0.3333333333333333,27,3,3,3,True,0.0,1200.0
20260121_252,ORX,71,1,baseline,baseline,slow,coact,own_floor,3,0,0.0,0.3333333333333333,27,3,3,3,True,0.0,1200.0
20260121_252,ORX,71,1,baseline,baseline,slow,coact,baseline_floor,3,0,0.0,0.3333333333333333,27,3,3,3,True,0.0,1200.0
20260121_252,ORX,71,1,baseline,baseline,slow,chorus_norm,unfloored,0,0,0.0,0.3333333333333333,27,3,3,3,True,0.0,1200.0
20260121_252,ORX,71,1,baseline,baseline,slow,chorus_norm,own_floor,3,0,0.0,0.3333333333333333,27,3,3,3,True,0.0,1200.0
20260121_252,ORX,71,1,baseline,baseline,slow,chorus_norm,baseline_floor,3,0,0.0,0.3333333333333333,27,3,3,3,True,0.0,1200.0
20260121_252,ORX,71,1,baseline,baseline,slow,chorus_gain_norm,unfloored,0,0,0.0,0.3333333333333333,27,3,3,3,True,0.0,1200.0
20260121_252,ORX,71,1,baseline,baseline,slow,chorus_gain_norm,own_floor,3,0,0.0,0.3333333333333333,27,3,3,3,True,0.0,1200.0
20260121_252,ORX,71,1,baseline,baseline,slow,chorus_gain_norm,baseline_floor,3,0,0.0,0.3333333333333333,27,3,3,3,True,0.0,1200.0
20260121_252,ORX,71,1,baseline,baseline,combined,coact,tuned,4,0,0.0,0.3333333333333333,27,3,3,3,False,0.0,1200.0
20260121_252,ORX,71,1,baseline,baseline,combined,coact,own_floor,3,0,0.0,0.3333333333333333,27,3,3,3,False,0.0,1200.0
20260121_252,ORX,71,1,baseline,baseline,combined,coact,baseline_floor,3,0,0.0,0.3333333333333333,27,3,3,3,False,0.0,1200.0
20260121_252,ORX,71,1,baseline,baseline,combined,chorus_norm,unfloored,0,0,0.0,0.3333333333333333,27,3,3,3,False,0.0,1200.0
20260121_252,ORX,71,1,baseline,baseline,combined,chorus_norm,own_floor,3,0,0.0,0.3333333333333333,27,3,3,3,False,0.0,1200.0
20260121_252,ORX,71,1,baseline,baseline,combined,chorus_norm,baseline_floor,3,0,0.0,0.3333333333333333,27,3,3,3,False,0.0,1200.0
20260121_252,ORX,71,1,baseline,baseline,combined,chorus_gain_norm,unfloored,0,0,0.0,0.3333333333333333,27,3,3,3,False,0.0,1200.0
20260121_252,ORX,71,1,baseline,baseline,combined,chorus_gain_norm,own_floor,3,0,0.0,0.3333333333333333,27,3,3,3,False,0.0,1200.0
20260121_252,ORX,71,1,baseline,baseline,combined,chorus_gain_norm,baseline_floor,3,0,0.0,0.3333333333333333,27,3,3,3,False,0.0,1200.0
20260121_252,ORX,71,2,senktide,treatment,fast,coact,tuned,3,7,21.0,0.3333333333333333,27,25,3,25,True,1320.0,2520.0
20260121_252,ORX,71,2,senktide,treatment,fast,coact,own_floor,25,1,3.0,0.3333333333333333,27,25,3,25,True,1320.0,2520.0
20260121_252,ORX,71,2,senktide,treatment,fast,coact,baseline_floor,3,7,21.0,0.3333333333333333,27,25,3,25,True,1320.0,2520.0
20260121_252,ORX,71,2,senktide,treatment,fast,chorus_norm,unfloored,0,7,21.0,0.3333333333333333,27,25,3,25,True,1320.0,2520.0
20260121_252,ORX,71,2,senktide,treatment,fast,chorus_norm,own_floor,25,0,0.0,0.3333333333333333,27,25,3,25,True,1320.0,2520.0
20260121_252,ORX,71,2,senktide,treatment,fast,chorus_norm,baseline_floor,3,7,21.0,0.3333333333333333,27,25,3,25,True,1320.0,2520.0
20260121_252,ORX,71,2,senktide,treatment,fast,chorus_gain_norm,unfloored,0,0,0.0,0.3333333333333333,27,25,3,25,True,1320.0,2520.0
20260121_252,ORX,71,2,senktide,treatment,fast,chorus_gain_norm,own_floor,25,0,0.0,0.3333333333333333,27,25,3,25,True,1320.0,2520.0
20260121_252,ORX,71,2,senktide,treatment,fast,chorus_gain_norm,baseline_floor,3,0,0.0,0.3333333333333333,27,25,3,25,True,1320.0,2520.0
20260121_252,ORX,71,2,senktide,treatment,slow,coact,tuned,6,16,48.0,0.3333333333333333,27,11,3,11,True,1320.0,2520.0
20260121_252,ORX,71,2,senktide,treatment,slow,coact,own_floor,11,1,3.0,0.3333333333333333,27,11,3,11,True,1320.0,2520.0
20260121_252,ORX,71,2,senktide,treatment,slow,coact,baseline_floor,3,19,57.0,0.3333333333333333,27,11,3,11,True,1320.0,2520.0
20260121_252,ORX,71,2,senktide,treatment,slow,chorus_norm,unfloored,0,4,12.0,0.3333333333333333,27,11,3,11,True,1320.0,2520.0
20260121_252,ORX,71,2,senktide,treatment,slow,chorus_norm,own_floor,11,0,0.0,0.3333333333333333,27,11,3,11,True,1320.0,2520.0
20260121_252,ORX,71,2,senktide,treatment,slow,chorus_norm,baseline_floor,3,4,12.0,0.3333333333333333,27,11,3,11,True,1320.0,2520.0
20260121_252,ORX,71,2,senktide,treatment,slow,chorus_gain_norm,unfloored,0,2,6.0,0.3333333333333333,27,11,3,11,True,1320.0,2520.0
20260121_252,ORX,71,2,senktide,treatment,slow,chorus_gain_norm,own_floor,11,0,0.0,0.3333333333333333,27,11,3,11,True,1320.0,2520.0
20260121_252,ORX,71,2,senktide,treatment,slow,chorus_gain_norm,baseline_floor,3,2,6.0,0.3333333333333333,27,11,3,11,True,1320.0,2520.0
20260121_252,ORX,71,2,senktide,treatment,combined,coact,tuned,4,11,33.0,0.3333333333333333,27,25,3,25,True,1320.0,2520.0
20260121_252,ORX,71,2,senktide,treatment,combined,coact,own_floor,25,2,6.0,0.3333333333333333,27,25,3,25,True,1320.0,2520.0
20260121_252,ORX,71,2,senktide,treatment,combined,coact,baseline_floor,3,11,33.0,0.3333333333333333,27,25,3,25,True,1320.0,2520.0
20260121_252,ORX,71,2,senktide,treatment,combined,chorus_norm,unfloored,0,33,99.0,0.3333333333333333,27,25,3,25,True,1320.0,2520.0
20260121_252,ORX,71,2,senktide,treatment,combined,chorus_norm,own_floor,25,0,0.0,0.3333333333333333,27,25,3,25,True,1320.0,2520.0
20260121_252,ORX,71,2,senktide,treatment,combined,chorus_norm,baseline_floor,3,33,99.0,0.3333333333333333,27,25,3,25,True,1320.0,2520.0
20260121_252,ORX,71,2,senktide,treatment,combined,chorus_gain_norm,unfloored,0,21,63.0,0.3333333333333333,27,25,3,25,True,1320.0,2520.0
20260121_252,ORX,71,2,senktide,treatment,combined,chorus_gain_norm,own_floor,25,0,0.0,0.3333333333333333,27,25,3,25,True,1320.0,2520.0
20260121_252,ORX,71,2,senktide,treatment,combined,chorus_gain_norm,baseline_floor,3,21,63.0,0.3333333333333333,27,25,3,25,True,1320.0,2520.0
20260121_252,ORX,71,3,high K+,treatment,fast,coact,tuned,3,2,17.534852912941282,0.11405855583333328,27,17,3,17,False,2700.0,3110.610801
20260121_252,ORX,71,3,high K+,treatment,fast,coact,own_floor,17,1,8.767426456470641,0.11405855583333328,27,17,3,17,False,2700.0,3110.610801
20260121_252,ORX,71,3,high K+,treatment,fast,coact,baseline_floor,3,2,17.534852912941282,0.11405855583333328,27,17,3,17,False,2700.0,3110.610801
20260121_252,ORX,71,3,high K+,treatment,fast,chorus_norm,unfloored,0,1,8.767426456470641,0.11405855583333328,27,17,3,17,False,2700.0,3110.610801
20260121_252,ORX,71,3,high K+,treatment,fast,chorus_norm,own_floor,17,0,0.0,0.11405855583333328,27,17,3,17,False,2700.0,3110.610801
20260121_252,ORX,71,3,high K+,treatment,fast,chorus_norm,baseline_floor,3,1,8.767426456470641,0.11405855583333328,27,17,3,17,False,2700.0,3110.610801
20260121_252,ORX,71,3,high K+,treatment,fast,chorus_gain_norm,unfloored,0,1,8.767426456470641,0.11405855583333328,27,17,3,17,False,2700.0,3110.610801
20260121_252,ORX,71,3,high K+,treatment,fast,chorus_gain_norm,own_floor,17,0,0.0,0.11405855583333328,27,17,3,17,False,2700.0,3110.610801
20260121_252,ORX,71,3,high K+,treatment,fast,chorus_gain_norm,baseline_floor,3,1,8.767426456470641,0.11405855583333328,27,17,3,17,False,2700.0,3110.610801
20260121_252,ORX,71,3,high K+,treatment,slow,coact,tuned,6,1,8.767426456470641,0.11405855583333328,27,7,3,7,True,2700.0,3110.610801
20260121_252,ORX,71,3,high K+,treatment,slow,coact,own_floor,7,1,8.767426456470641,0.11405855583333328,27,7,3,7,True,2700.0,3110.610801
20260121_252,ORX,71,3,high K+,treatment,slow,coact,baseline_floor,3,2,17.534852912941282,0.11405855583333328,27,7,3,7,True,2700.0,3110.610801
20260121_252,ORX,71,3,high K+,treatment,slow,chorus_norm,unfloored,0,2,17.534852912941282,0.11405855583333328,27,7,3,7,True,2700.0,3110.610801
20260121_252,ORX,71,3,high K+,treatment,slow,chorus_norm,own_floor,7,0,0.0,0.11405855583333328,27,7,3,7,True,2700.0,3110.610801
20260121_252,ORX,71,3,high K+,treatment,slow,chorus_norm,baseline_floor,3,2,17.534852912941282,0.11405855583333328,27,7,3,7,True,2700.0,3110.610801
20260121_252,ORX,71,3,high K+,treatment,slow,chorus_gain_norm,unfloored,0,0,0.0,0.11405855583333328,27,7,3,7,True,2700.0,3110.610801
20260121_252,ORX,71,3,high K+,treatment,slow,chorus_gain_norm,own_floor,7,0,0.0,0.11405855583333328,27,7,3,7,True,2700.0,3110.610801
20260121_252,ORX,71,3,high K+,treatment,slow,chorus_gain_norm,baseline_floor,3,0,0.0,0.11405855583333328,27,7,3,7,True,2700.0,3110.610801
20260121_252,ORX,71,3,high K+,treatment,combined,coact,tuned,4,2,17.534852912941282,0.11405855583333328,27,19,3,19,False,2700.0,3110.610801
20260121_252,ORX,71,3,high K+,treatment,combined,coact,own_floor,19,1,8.767426456470641,0.11405855583333328,27,19,3,19,False,2700.0,3110.610801
20260121_252,ORX,71,3,high K+,treatment,combined,coact,baseline_floor,3,2,17.534852912941282,0.11405855583333328,27,19,3,19,False,2700.0,3110.610801
20260121_252,ORX,71,3,high K+,treatment,combined,chorus_norm,unfloored,0,4,35.069705825882565,0.11405855583333328,27,19,3,19,False,2700.0,3110.610801
20260121_252,ORX,71,3,high K+,treatment,combined,chorus_norm,own_floor,19,0,0.0,0.11405855583333328,27,19,3,19,False,2700.0,3110.610801
20260121_252,ORX,71,3,high K+,treatment,combined,chorus_norm,baseline_floor,3,4,35.069705825882565,0.11405855583333328,27,19,3,19,False,2700.0,3110.610801
20260121_252,ORX,71,3,high K+,treatment,combined,chorus_gain_norm,unfloored,0,1,8.767426456470641,0.11405855583333328,27,19,3,19,False,2700.0,3110.610801
20260121_252,ORX,71,3,high K+,treatment,combined,chorus_gain_norm,own_floor,19,0,0.0,0.11405855583333328,27,19,3,19,False,2700.0,3110.610801
20260121_252,ORX,71,3,high K+,treatment,combined,chorus_gain_norm,baseline_floor,3,1,8.767426456470641,0.11405855583333328,27,19,3,19,False,2700.0,3110.610801
20260122_256,OVX,72,1,baseline,baseline,fast,coact,tuned,3,0,0.0,0.3333333333333333,36,8,8,8,True,60.0,1260.0
20260122_256,OVX,72,1,baseline,baseline,fast,coact,own_floor,8,0,0.0,0.3333333333333333,36,8,8,8,True,60.0,1260.0
20260122_256,OVX,72,1,baseline,baseline,fast,coact,baseline_floor,8,0,0.0,0.3333333333333333,36,8,8,8,True,60.0,1260.0
20260122_256,OVX,72,1,baseline,baseline,fast,chorus_norm,unfloored,0,1,3.0,0.3333333333333333,36,8,8,8,True,60.0,1260.0
20260122_256,OVX,72,1,baseline,baseline,fast,chorus_norm,own_floor,8,0,0.0,0.3333333333333333,36,8,8,8,True,60.0,1260.0
20260122_256,OVX,72,1,baseline,baseline,fast,chorus_norm,baseline_floor,8,0,0.0,0.3333333333333333,36,8,8,8,True,60.0,1260.0
20260122_256,OVX,72,1,baseline,baseline,fast,chorus_gain_norm,unfloored,0,2,6.0,0.3333333333333333,36,8,8,8,True,60.0,1260.0
20260122_256,OVX,72,1,baseline,baseline,fast,chorus_gain_norm,own_floor,8,0,0.0,0.3333333333333333,36,8,8,8,True,60.0,1260.0
20260122_256,OVX,72,1,baseline,baseline,fast,chorus_gain_norm,baseline_floor,8,0,0.0,0.3333333333333333,36,8,8,8,True,60.0,1260.0
20260122_256,OVX,72,1,baseline,baseline,slow,coact,tuned,6,0,0.0,0.3333333333333333,36,5,5,5,True,60.0,1260.0
20260122_256,OVX,72,1,baseline,baseline,slow,coact,own_floor,5,2,6.0,0.3333333333333333,36,5,5,5,True,60.0,1260.0
20260122_256,OVX,72,1,baseline,baseline,slow,coact,baseline_floor,5,2,6.0,0.3333333333333333,36,5,5,5,True,60.0,1260.0
20260122_256,OVX,72,1,baseline,baseline,slow,chorus_norm,unfloored,0,0,0.0,0.3333333333333333,36,5,5,5,True,60.0,1260.0
20260122_256,OVX,72,1,baseline,baseline,slow,chorus_norm,own_floor,5,0,0.0,0.3333333333333333,36,5,5,5,True,60.0,1260.0
20260122_256,OVX,72,1,baseline,baseline,slow,chorus_norm,baseline_floor,5,0,0.0,0.3333333333333333,36,5,5,5,True,60.0,1260.0
20260122_256,OVX,72,1,baseline,baseline,slow,chorus_gain_norm,unfloored,0,0,0.0,0.3333333333333333,36,5,5,5,True,60.0,1260.0
20260122_256,OVX,72,1,baseline,baseline,slow,chorus_gain_norm,own_floor,5,0,0.0,0.3333333333333333,36,5,5,5,True,60.0,1260.0
20260122_256,OVX,72,1,baseline,baseline,slow,chorus_gain_norm,baseline_floor,5,0,0.0,0.3333333333333333,36,5,5,5,True,60.0,1260.0
20260122_256,OVX,72,1,baseline,baseline,combined,coact,tuned,4,2,6.0,0.3333333333333333,36,9,9,9,True,60.0,1260.0
20260122_256,OVX,72,1,baseline,baseline,combined,coact,own_floor,9,0,0.0,0.3333333333333333,36,9,9,9,True,60.0,1260.0
20260122_256,OVX,72,1,baseline,baseline,combined,coact,baseline_floor,9,0,0.0,0.3333333333333333,36,9,9,9,True,60.0,1260.0
20260122_256,OVX,72,1,baseline,baseline,combined,chorus_norm,unfloored,0,8,24.0,0.3333333333333333,36,9,9,9,True,60.0,1260.0
20260122_256,OVX,72,1,baseline,baseline,combined,chorus_norm,own_floor,9,0,0.0,0.3333333333333333,36,9,9,9,True,60.0,1260.0
20260122_256,OVX,72,1,baseline,baseline,combined,chorus_norm,baseline_floor,9,0,0.0,0.3333333333333333,36,9,9,9,True,60.0,1260.0
20260122_256,OVX,72,1,baseline,baseline,combined,chorus_gain_norm,unfloored,0,9,27.0,0.3333333333333333,36,9,9,9,True,60.0,1260.0
20260122_256,OVX,72,1,baseline,baseline,combined,chorus_gain_norm,own_floor,9,0,0.0,0.3333333333333333,36,9,9,9,True,60.0,1260.0
20260122_256,OVX,72,1,baseline,baseline,combined,chorus_gain_norm,baseline_floor,9,0,0.0,0.3333333333333333,36,9,9,9,True,60.0,1260.0
20260122_256,OVX,72,2,senktide,treatment,fast,coact,tuned,3,2,6.0,0.3333333333333333,36,16,8,16,False,1380.0,2580.0
20260122_256,OVX,72,2,senktide,treatment,fast,coact,own_floor,16,2,6.0,0.3333333333333333,36,16,8,16,False,1380.0,2580.0
20260122_256,OVX,72,2,senktide,treatment,fast,coact,baseline_floor,8,2,6.0,0.3333333333333333,36,16,8,16,False,1380.0,2580.0
20260122_256,OVX,72,2,senktide,treatment,fast,chorus_norm,unfloored,0,2,6.0,0.3333333333333333,36,16,8,16,False,1380.0,2580.0
20260122_256,OVX,72,2,senktide,treatment,fast,chorus_norm,own_floor,16,0,0.0,0.3333333333333333,36,16,8,16,False,1380.0,2580.0
20260122_256,OVX,72,2,senktide,treatment,fast,chorus_norm,baseline_floor,8,0,0.0,0.3333333333333333,36,16,8,16,False,1380.0,2580.0
20260122_256,OVX,72,2,senktide,treatment,fast,chorus_gain_norm,unfloored,0,0,0.0,0.3333333333333333,36,16,8,16,False,1380.0,2580.0
20260122_256,OVX,72,2,senktide,treatment,fast,chorus_gain_norm,own_floor,16,0,0.0,0.3333333333333333,36,16,8,16,False,1380.0,2580.0
20260122_256,OVX,72,2,senktide,treatment,fast,chorus_gain_norm,baseline_floor,8,0,0.0,0.3333333333333333,36,16,8,16,False,1380.0,2580.0
20260122_256,OVX,72,2,senktide,treatment,slow,coact,tuned,6,1,3.0,0.3333333333333333,36,11,5,11,True,1380.0,2580.0
20260122_256,OVX,72,2,senktide,treatment,slow,coact,own_floor,11,0,0.0,0.3333333333333333,36,11,5,11,True,1380.0,2580.0
20260122_256,OVX,72,2,senktide,treatment,slow,coact,baseline_floor,5,4,12.0,0.3333333333333333,36,11,5,11,True,1380.0,2580.0
20260122_256,OVX,72,2,senktide,treatment,slow,chorus_norm,unfloored,0,0,0.0,0.3333333333333333,36,11,5,11,True,1380.0,2580.0
20260122_256,OVX,72,2,senktide,treatment,slow,chorus_norm,own_floor,11,0,0.0,0.3333333333333333,36,11,5,11,True,1380.0,2580.0
20260122_256,OVX,72,2,senktide,treatment,slow,chorus_norm,baseline_floor,5,0,0.0,0.3333333333333333,36,11,5,11,True,1380.0,2580.0
20260122_256,OVX,72,2,senktide,treatment,slow,chorus_gain_norm,unfloored,0,0,0.0,0.3333333333333333,36,11,5,11,True,1380.0,2580.0
20260122_256,OVX,72,2,senktide,treatment,slow,chorus_gain_norm,own_floor,11,0,0.0,0.3333333333333333,36,11,5,11,True,1380.0,2580.0
20260122_256,OVX,72,2,senktide,treatment,slow,chorus_gain_norm,baseline_floor,5,0,0.0,0.3333333333333333,36,11,5,11,True,1380.0,2580.0
20260122_256,OVX,72,2,senktide,treatment,combined,coact,tuned,4,2,6.0,0.3333333333333333,36,20,9,20,True,1380.0,2580.0
20260122_256,OVX,72,2,senktide,treatment,combined,coact,own_floor,20,1,3.0,0.3333333333333333,36,20,9,20,True,1380.0,2580.0
20260122_256,OVX,72,2,senktide,treatment,combined,coact,baseline_floor,9,2,6.0,0.3333333333333333,36,20,9,20,True,1380.0,2580.0
20260122_256,OVX,72,2,senktide,treatment,combined,chorus_norm,unfloored,0,11,33.0,0.3333333333333333,36,20,9,20,True,1380.0,2580.0
20260122_256,OVX,72,2,senktide,treatment,combined,chorus_norm,own_floor,20,0,0.0,0.3333333333333333,36,20,9,20,True,1380.0,2580.0
20260122_256,OVX,72,2,senktide,treatment,combined,chorus_norm,baseline_floor,9,3,9.0,0.3333333333333333,36,20,9,20,True,1380.0,2580.0
20260122_256,OVX,72,2,senktide,treatment,combined,chorus_gain_norm,unfloored,0,14,42.0,0.3333333333333333,36,20,9,20,True,1380.0,2580.0
20260122_256,OVX,72,2,senktide,treatment,combined,chorus_gain_norm,own_floor,20,0,0.0,0.3333333333333333,36,20,9,20,True,1380.0,2580.0
20260122_256,OVX,72,2,senktide,treatment,combined,chorus_gain_norm,baseline_floor,9,1,3.0,0.3333333333333333,36,20,9,20,True,1380.0,2580.0
20260122_256,OVX,72,3,high K+,treatment,fast,coact,tuned,3,2,17.471029593325323,0.11447522249999995,36,17,8,17,True,2820.0,3232.110801
20260122_256,OVX,72,3,high K+,treatment,fast,coact,own_floor,17,0,0.0,0.11447522249999995,36,17,8,17,True,2820.0,3232.110801
20260122_256,OVX,72,3,high K+,treatment,fast,coact,baseline_floor,8,2,17.471029593325323,0.11447522249999995,36,17,8,17,True,2820.0,3232.110801
20260122_256,OVX,72,3,high K+,treatment,fast,chorus_norm,unfloored,0,1,8.735514796662661,0.11447522249999995,36,17,8,17,True,2820.0,3232.110801
20260122_256,OVX,72,3,high K+,treatment,fast,chorus_norm,own_floor,17,0,0.0,0.11447522249999995,36,17,8,17,True,2820.0,3232.110801
20260122_256,OVX,72,3,high K+,treatment,fast,chorus_norm,baseline_floor,8,0,0.0,0.11447522249999995,36,17,8,17,True,2820.0,3232.110801
20260122_256,OVX,72,3,high K+,treatment,fast,chorus_gain_norm,unfloored,0,1,8.735514796662661,0.11447522249999995,36,17,8,17,True,2820.0,3232.110801
20260122_256,OVX,72,3,high K+,treatment,fast,chorus_gain_norm,own_floor,17,0,0.0,0.11447522249999995,36,17,8,17,True,2820.0,3232.110801
20260122_256,OVX,72,3,high K+,treatment,fast,chorus_gain_norm,baseline_floor,8,0,0.0,0.11447522249999995,36,17,8,17,True,2820.0,3232.110801
20260122_256,OVX,72,3,high K+,treatment,slow,coact,tuned,6,4,34.942059186650646,0.11447522249999995,36,9,5,9,True,2820.0,3232.110801
20260122_256,OVX,72,3,high K+,treatment,slow,coact,own_floor,9,2,17.471029593325323,0.11447522249999995,36,9,5,9,True,2820.0,3232.110801
20260122_256,OVX,72,3,high K+,treatment,slow,coact,baseline_floor,5,5,43.67757398331331,0.11447522249999995,36,9,5,9,True,2820.0,3232.110801
20260122_256,OVX,72,3,high K+,treatment,slow,chorus_norm,unfloored,0,2,17.471029593325323,0.11447522249999995,36,9,5,9,True,2820.0,3232.110801
20260122_256,OVX,72,3,high K+,treatment,slow,chorus_norm,own_floor,9,1,8.735514796662661,0.11447522249999995,36,9,5,9,True,2820.0,3232.110801
20260122_256,OVX,72,3,high K+,treatment,slow,chorus_norm,baseline_floor,5,1,8.735514796662661,0.11447522249999995,36,9,5,9,True,2820.0,3232.110801
20260122_256,OVX,72,3,high K+,treatment,slow,chorus_gain_norm,unfloored,0,1,8.735514796662661,0.11447522249999995,36,9,5,9,True,2820.0,3232.110801
20260122_256,OVX,72,3,high K+,treatment,slow,chorus_gain_norm,own_floor,9,1,8.735514796662661,0.11447522249999995,36,9,5,9,True,2820.0,3232.110801
20260122_256,OVX,72,3,high K+,treatment,slow,chorus_gain_norm,baseline_floor,5,1,8.735514796662661,0.11447522249999995,36,9,5,9,True,2820.0,3232.110801
20260122_256,OVX,72,3,high K+,treatment,combined,coact,tuned,4,3,26.206544389987986,0.11447522249999995,36,19,9,19,True,2820.0,3232.110801
20260122_256,OVX,72,3,high K+,treatment,combined,coact,own_floor,19,1,8.735514796662661,0.11447522249999995,36,19,9,19,True,2820.0,3232.110801
20260122_256,OVX,72,3,high K+,treatment,combined,coact,baseline_floor,9,2,17.471029593325323,0.11447522249999995,36,19,9,19,True,2820.0,3232.110801
20260122_256,OVX,72,3,high K+,treatment,combined,chorus_norm,unfloored,0,2,17.471029593325323,0.11447522249999995,36,19,9,19,True,2820.0,3232.110801
20260122_256,OVX,72,3,high K+,treatment,combined,chorus_norm,own_floor,19,1,8.735514796662661,0.11447522249999995,36,19,9,19,True,2820.0,3232.110801
20260122_256,OVX,72,3,high K+,treatment,combined,chorus_norm,baseline_floor,9,1,8.735514796662661,0.11447522249999995,36,19,9,19,True,2820.0,3232.110801
20260122_256,OVX,72,3,high K+,treatment,combined,chorus_gain_norm,unfloored,0,2,17.471029593325323,0.11447522249999995,36,19,9,19,True,2820.0,3232.110801
20260122_256,OVX,72,3,high K+,treatment,combined,chorus_gain_norm,own_floor,19,0,0.0,0.11447522249999995,36,19,9,19,True,2820.0,3232.110801
20260122_256,OVX,72,3,high K+,treatment,combined,chorus_gain_norm,baseline_floor,9,0,0.0,0.11447522249999995,36,19,9,19,True,2820.0,3232.110801
20260122_259,OVX,72,1,baseline,baseline,fast,coact,tuned,3,0,0.0,0.31666666666666665,37,4,4,4,True,0.0,1140.0
20260122_259,OVX,72,1,baseline,baseline,fast,coact,own_floor,4,0,0.0,0.31666666666666665,37,4,4,4,True,0.0,1140.0
20260122_259,OVX,72,1,baseline,baseline,fast,coact,baseline_floor,4,0,0.0,0.31666666666666665,37,4,4,4,True,0.0,1140.0
20260122_259,OVX,72,1,baseline,baseline,fast,chorus_norm,unfloored,0,0,0.0,0.31666666666666665,37,4,4,4,True,0.0,1140.0
20260122_259,OVX,72,1,baseline,baseline,fast,chorus_norm,own_floor,4,0,0.0,0.31666666666666665,37,4,4,4,True,0.0,1140.0
20260122_259,OVX,72,1,baseline,baseline,fast,chorus_norm,baseline_floor,4,0,0.0,0.31666666666666665,37,4,4,4,True,0.0,1140.0
20260122_259,OVX,72,1,baseline,baseline,fast,chorus_gain_norm,unfloored,0,0,0.0,0.31666666666666665,37,4,4,4,True,0.0,1140.0
20260122_259,OVX,72,1,baseline,baseline,fast,chorus_gain_norm,own_floor,4,0,0.0,0.31666666666666665,37,4,4,4,True,0.0,1140.0
20260122_259,OVX,72,1,baseline,baseline,fast,chorus_gain_norm,baseline_floor,4,0,0.0,0.31666666666666665,37,4,4,4,True,0.0,1140.0
20260122_259,OVX,72,1,baseline,baseline,slow,coact,tuned,6,0,0.0,0.31666666666666665,37,4,4,4,True,0.0,1140.0
20260122_259,OVX,72,1,baseline,baseline,slow,coact,own_floor,4,0,0.0,0.31666666666666665,37,4,4,4,True,0.0,1140.0
20260122_259,OVX,72,1,baseline,baseline,slow,coact,baseline_floor,4,0,0.0,0.31666666666666665,37,4,4,4,True,0.0,1140.0
20260122_259,OVX,72,1,baseline,baseline,slow,chorus_norm,unfloored,0,0,0.0,0.31666666666666665,37,4,4,4,True,0.0,1140.0
20260122_259,OVX,72,1,baseline,baseline,slow,chorus_norm,own_floor,4,0,0.0,0.31666666666666665,37,4,4,4,True,0.0,1140.0
20260122_259,OVX,72,1,baseline,baseline,slow,chorus_norm,baseline_floor,4,0,0.0,0.31666666666666665,37,4,4,4,True,0.0,1140.0
20260122_259,OVX,72,1,baseline,baseline,slow,chorus_gain_norm,unfloored,0,0,0.0,0.31666666666666665,37,4,4,4,True,0.0,1140.0
20260122_259,OVX,72,1,baseline,baseline,slow,chorus_gain_norm,own_floor,4,0,0.0,0.31666666666666665,37,4,4,4,True,0.0,1140.0
20260122_259,OVX,72,1,baseline,baseline,slow,chorus_gain_norm,baseline_floor,4,0,0.0,0.31666666666666665,37,4,4,4,True,0.0,1140.0
20260122_259,OVX,72,1,baseline,baseline,combined,coact,tuned,4,0,0.0,0.31666666666666665,37,5,5,5,True,0.0,1140.0
20260122_259,OVX,72,1,baseline,baseline,combined,coact,own_floor,5,0,0.0,0.31666666666666665,37,5,5,5,True,0.0,1140.0
20260122_259,OVX,72,1,baseline,baseline,combined,coact,baseline_floor,5,0,0.0,0.31666666666666665,37,5,5,5,True,0.0,1140.0
20260122_259,OVX,72,1,baseline,baseline,combined,chorus_norm,unfloored,0,0,0.0,0.31666666666666665,37,5,5,5,True,0.0,1140.0
20260122_259,OVX,72,1,baseline,baseline,combined,chorus_norm,own_floor,5,0,0.0,0.31666666666666665,37,5,5,5,True,0.0,1140.0
20260122_259,OVX,72,1,baseline,baseline,combined,chorus_norm,baseline_floor,5,0,0.0,0.31666666666666665,37,5,5,5,True,0.0,1140.0
20260122_259,OVX,72,1,baseline,baseline,combined,chorus_gain_norm,unfloored,0,0,0.0,0.31666666666666665,37,5,5,5,True,0.0,1140.0
20260122_259,OVX,72,1,baseline,baseline,combined,chorus_gain_norm,own_floor,5,0,0.0,0.31666666666666665,37,5,5,5,True,0.0,1140.0
20260122_259,OVX,72,1,baseline,baseline,combined,chorus_gain_norm,baseline_floor,5,0,0.0,0.31666666666666665,37,5,5,5,True,0.0,1140.0
20260122_259,OVX,72,2,senktide,treatment,fast,coact,tuned,3,5,15.0,0.3333333333333333,37,34,4,34,True,1260.0,2460.0
20260122_259,OVX,72,2,senktide,treatment,fast,coact,own_floor,34,0,0.0,0.3333333333333333,37,34,4,34,True,1260.0,2460.0
20260122_259,OVX,72,2,senktide,treatment,fast,coact,baseline_floor,4,5,15.0,0.3333333333333333,37,34,4,34,True,1260.0,2460.0
20260122_259,OVX,72,2,senktide,treatment,fast,chorus_norm,unfloored,0,1,3.0,0.3333333333333333,37,34,4,34,True,1260.0,2460.0
20260122_259,OVX,72,2,senktide,treatment,fast,chorus_norm,own_floor,34,0,0.0,0.3333333333333333,37,34,4,34,True,1260.0,2460.0
20260122_259,OVX,72,2,senktide,treatment,fast,chorus_norm,baseline_floor,4,1,3.0,0.3333333333333333,37,34,4,34,True,1260.0,2460.0
20260122_259,OVX,72,2,senktide,treatment,fast,chorus_gain_norm,unfloored,0,1,3.0,0.3333333333333333,37,34,4,34,True,1260.0,2460.0
20260122_259,OVX,72,2,senktide,treatment,fast,chorus_gain_norm,own_floor,34,0,0.0,0.3333333333333333,37,34,4,34,True,1260.0,2460.0
20260122_259,OVX,72,2,senktide,treatment,fast,chorus_gain_norm,baseline_floor,4,1,3.0,0.3333333333333333,37,34,4,34,True,1260.0,2460.0
20260122_259,OVX,72,2,senktide,treatment,slow,coact,tuned,6,4,12.0,0.3333333333333333,37,9,4,9,True,1260.0,2460.0
20260122_259,OVX,72,2,senktide,treatment,slow,coact,own_floor,9,2,6.0,0.3333333333333333,37,9,4,9,True,1260.0,2460.0
20260122_259,OVX,72,2,senktide,treatment,slow,coact,baseline_floor,4,5,15.0,0.3333333333333333,37,9,4,9,True,1260.0,2460.0
20260122_259,OVX,72,2,senktide,treatment,slow,chorus_norm,unfloored,0,3,9.0,0.3333333333333333,37,9,4,9,True,1260.0,2460.0
20260122_259,OVX,72,2,senktide,treatment,slow,chorus_norm,own_floor,9,0,0.0,0.3333333333333333,37,9,4,9,True,1260.0,2460.0
20260122_259,OVX,72,2,senktide,treatment,slow,chorus_norm,baseline_floor,4,2,6.0,0.3333333333333333,37,9,4,9,True,1260.0,2460.0
20260122_259,OVX,72,2,senktide,treatment,slow,chorus_gain_norm,unfloored,0,1,3.0,0.3333333333333333,37,9,4,9,True,1260.0,2460.0
20260122_259,OVX,72,2,senktide,treatment,slow,chorus_gain_norm,own_floor,9,0,0.0,0.3333333333333333,37,9,4,9,True,1260.0,2460.0
20260122_259,OVX,72,2,senktide,treatment,slow,chorus_gain_norm,baseline_floor,4,0,0.0,0.3333333333333333,37,9,4,9,True,1260.0,2460.0
20260122_259,OVX,72,2,senktide,treatment,combined,coact,tuned,4,8,24.0,0.3333333333333333,37,35,5,35,True,1260.0,2460.0
20260122_259,OVX,72,2,senktide,treatment,combined,coact,own_floor,35,0,0.0,0.3333333333333333,37,35,5,35,True,1260.0,2460.0
20260122_259,OVX,72,2,senktide,treatment,combined,coact,baseline_floor,5,7,21.0,0.3333333333333333,37,35,5,35,True,1260.0,2460.0
20260122_259,OVX,72,2,senktide,treatment,combined,chorus_norm,unfloored,0,9,27.0,0.3333333333333333,37,35,5,35,True,1260.0,2460.0
20260122_259,OVX,72,2,senktide,treatment,combined,chorus_norm,own_floor,35,0,0.0,0.3333333333333333,37,35,5,35,True,1260.0,2460.0
20260122_259,OVX,72,2,senktide,treatment,combined,chorus_norm,baseline_floor,5,9,27.0,0.3333333333333333,37,35,5,35,True,1260.0,2460.0
20260122_259,OVX,72,2,senktide,treatment,combined,chorus_gain_norm,unfloored,0,9,27.0,0.3333333333333333,37,35,5,35,True,1260.0,2460.0
20260122_259,OVX,72,2,senktide,treatment,combined,chorus_gain_norm,own_floor,35,0,0.0,0.3333333333333333,37,35,5,35,True,1260.0,2460.0
20260122_259,OVX,72,2,senktide,treatment,combined,chorus_gain_norm,baseline_floor,5,9,27.0,0.3333333333333333,37,35,5,35,True,1260.0,2460.0
20260122_259,OVX,72,3,high K+,treatment,fast,coact,tuned,3,2,19.999399962447242,0.10000300027777775,37,32,4,32,True,2700.0,3060.010801
20260122_259,OVX,72,3,high K+,treatment,fast,coact,own_floor,32,0,0.0,0.10000300027777775,37,32,4,32,True,2700.0,3060.010801
20260122_259,OVX,72,3,high K+,treatment,fast,coact,baseline_floor,4,2,19.999399962447242,0.10000300027777775,37,32,4,32,True,2700.0,3060.010801
20260122_259,OVX,72,3,high K+,treatment,fast,chorus_norm,unfloored,0,0,0.0,0.10000300027777775,37,32,4,32,True,2700.0,3060.010801
20260122_259,OVX,72,3,high K+,treatment,fast,chorus_norm,own_floor,32,0,0.0,0.10000300027777775,37,32,4,32,True,2700.0,3060.010801
20260122_259,OVX,72,3,high K+,treatment,fast,chorus_norm,baseline_floor,4,0,0.0,0.10000300027777775,37,32,4,32,True,2700.0,3060.010801
20260122_259,OVX,72,3,high K+,treatment,fast,chorus_gain_norm,unfloored,0,0,0.0,0.10000300027777775,37,32,4,32,True,2700.0,3060.010801
20260122_259,OVX,72,3,high K+,treatment,fast,chorus_gain_norm,own_floor,32,0,0.0,0.10000300027777775,37,32,4,32,True,2700.0,3060.010801
20260122_259,OVX,72,3,high K+,treatment,fast,chorus_gain_norm,baseline_floor,4,0,0.0,0.10000300027777775,37,32,4,32,True,2700.0,3060.010801
20260122_259,OVX,72,3,high K+,treatment,slow,coact,tuned,6,1,9.999699981223621,0.10000300027777775,37,8,4,8,False,2700.0,3060.010801
20260122_259,OVX,72,3,high K+,treatment,slow,coact,own_floor,8,0,0.0,0.10000300027777775,37,8,4,8,False,2700.0,3060.010801
20260122_259,OVX,72,3,high K+,treatment,slow,coact,baseline_floor,4,1,9.999699981223621,0.10000300027777775,37,8,4,8,False,2700.0,3060.010801
20260122_259,OVX,72,3,high K+,treatment,slow,chorus_norm,unfloored,0,0,0.0,0.10000300027777775,37,8,4,8,False,2700.0,3060.010801
20260122_259,OVX,72,3,high K+,treatment,slow,chorus_norm,own_floor,8,0,0.0,0.10000300027777775,37,8,4,8,False,2700.0,3060.010801
20260122_259,OVX,72,3,high K+,treatment,slow,chorus_norm,baseline_floor,4,0,0.0,0.10000300027777775,37,8,4,8,False,2700.0,3060.010801
20260122_259,OVX,72,3,high K+,treatment,slow,chorus_gain_norm,unfloored,0,0,0.0,0.10000300027777775,37,8,4,8,False,2700.0,3060.010801
20260122_259,OVX,72,3,high K+,treatment,slow,chorus_gain_norm,own_floor,8,0,0.0,0.10000300027777775,37,8,4,8,False,2700.0,3060.010801
20260122_259,OVX,72,3,high K+,treatment,slow,chorus_gain_norm,baseline_floor,4,0,0.0,0.10000300027777775,37,8,4,8,False,2700.0,3060.010801
20260122_259,OVX,72,3,high K+,treatment,combined,coact,tuned,4,2,19.999399962447242,0.10000300027777775,37,32,5,32,False,2700.0,3060.010801
20260122_259,OVX,72,3,high K+,treatment,combined,coact,own_floor,32,0,0.0,0.10000300027777775,37,32,5,32,False,2700.0,3060.010801
20260122_259,OVX,72,3,high K+,treatment,combined,coact,baseline_floor,5,2,19.999399962447242,0.10000300027777775,37,32,5,32,False,2700.0,3060.010801
20260122_259,OVX,72,3,high K+,treatment,combined,chorus_norm,unfloored,0,3,29.999099943670863,0.10000300027777775,37,32,5,32,False,2700.0,3060.010801
20260122_259,OVX,72,3,high K+,treatment,combined,chorus_norm,own_floor,32,0,0.0,0.10000300027777775,37,32,5,32,False,2700.0,3060.010801
20260122_259,OVX,72,3,high K+,treatment,combined,chorus_norm,baseline_floor,5,3,29.999099943670863,0.10000300027777775,37,32,5,32,False,2700.0,3060.010801
20260122_259,OVX,72,3,high K+,treatment,combined,chorus_gain_norm,unfloored,0,1,9.999699981223621,0.10000300027777775,37,32,5,32,False,2700.0,3060.010801
20260122_259,OVX,72,3,high K+,treatment,combined,chorus_gain_norm,own_floor,32,0,0.0,0.10000300027777775,37,32,5,32,False,2700.0,3060.010801
20260122_259,OVX,72,3,high K+,treatment,combined,chorus_gain_norm,baseline_floor,5,1,9.999699981223621,0.10000300027777775,37,32,5,32,False,2700.0,3060.010801
20260130_270,DI,75,1,baseline,baseline,fast,coact,tuned,3,15,45.0,0.3333333333333333,48,8,8,8,True,60.0,1260.0
20260130_270,DI,75,1,baseline,baseline,fast,coact,own_floor,8,4,12.0,0.3333333333333333,48,8,8,8,True,60.0,1260.0
20260130_270,DI,75,1,baseline,baseline,fast,coact,baseline_floor,8,4,12.0,0.3333333333333333,48,8,8,8,True,60.0,1260.0
20260130_270,DI,75,1,baseline,baseline,fast,chorus_norm,unfloored,0,24,72.0,0.3333333333333333,48,8,8,8,True,60.0,1260.0
20260130_270,DI,75,1,baseline,baseline,fast,chorus_norm,own_floor,8,2,6.0,0.3333333333333333,48,8,8,8,True,60.0,1260.0
20260130_270,DI,75,1,baseline,baseline,fast,chorus_norm,baseline_floor,8,2,6.0,0.3333333333333333,48,8,8,8,True,60.0,1260.0
20260130_270,DI,75,1,baseline,baseline,fast,chorus_gain_norm,unfloored,0,19,57.0,0.3333333333333333,48,8,8,8,True,60.0,1260.0
20260130_270,DI,75,1,baseline,baseline,fast,chorus_gain_norm,own_floor,8,1,3.0,0.3333333333333333,48,8,8,8,True,60.0,1260.0
20260130_270,DI,75,1,baseline,baseline,fast,chorus_gain_norm,baseline_floor,8,1,3.0,0.3333333333333333,48,8,8,8,True,60.0,1260.0
20260130_270,DI,75,1,baseline,baseline,slow,coact,tuned,6,10,30.0,0.3333333333333333,48,10,10,10,True,60.0,1260.0
20260130_270,DI,75,1,baseline,baseline,slow,coact,own_floor,10,9,27.0,0.3333333333333333,48,10,10,10,True,60.0,1260.0
20260130_270,DI,75,1,baseline,baseline,slow,coact,baseline_floor,10,9,27.0,0.3333333333333333,48,10,10,10,True,60.0,1260.0
20260130_270,DI,75,1,baseline,baseline,slow,chorus_norm,unfloored,0,11,33.0,0.3333333333333333,48,10,10,10,True,60.0,1260.0
20260130_270,DI,75,1,baseline,baseline,slow,chorus_norm,own_floor,10,10,30.0,0.3333333333333333,48,10,10,10,True,60.0,1260.0
20260130_270,DI,75,1,baseline,baseline,slow,chorus_norm,baseline_floor,10,10,30.0,0.3333333333333333,48,10,10,10,True,60.0,1260.0
20260130_270,DI,75,1,baseline,baseline,slow,chorus_gain_norm,unfloored,0,10,30.0,0.3333333333333333,48,10,10,10,True,60.0,1260.0
20260130_270,DI,75,1,baseline,baseline,slow,chorus_gain_norm,own_floor,10,9,27.0,0.3333333333333333,48,10,10,10,True,60.0,1260.0
20260130_270,DI,75,1,baseline,baseline,slow,chorus_gain_norm,baseline_floor,10,9,27.0,0.3333333333333333,48,10,10,10,True,60.0,1260.0
20260130_270,DI,75,1,baseline,baseline,combined,coact,tuned,4,13,39.0,0.3333333333333333,48,11,11,11,True,60.0,1260.0
20260130_270,DI,75,1,baseline,baseline,combined,coact,own_floor,11,10,30.0,0.3333333333333333,48,11,11,11,True,60.0,1260.0
20260130_270,DI,75,1,baseline,baseline,combined,coact,baseline_floor,11,10,30.0,0.3333333333333333,48,11,11,11,True,60.0,1260.0
20260130_270,DI,75,1,baseline,baseline,combined,chorus_norm,unfloored,0,21,63.0,0.3333333333333333,48,11,11,11,True,60.0,1260.0
20260130_270,DI,75,1,baseline,baseline,combined,chorus_norm,own_floor,11,10,30.0,0.3333333333333333,48,11,11,11,True,60.0,1260.0
20260130_270,DI,75,1,baseline,baseline,combined,chorus_norm,baseline_floor,11,10,30.0,0.3333333333333333,48,11,11,11,True,60.0,1260.0
20260130_270,DI,75,1,baseline,baseline,combined,chorus_gain_norm,unfloored,0,26,78.0,0.3333333333333333,48,11,11,11,True,60.0,1260.0
20260130_270,DI,75,1,baseline,baseline,combined,chorus_gain_norm,own_floor,11,10,30.0,0.3333333333333333,48,11,11,11,True,60.0,1260.0
20260130_270,DI,75,1,baseline,baseline,combined,chorus_gain_norm,baseline_floor,11,10,30.0,0.3333333333333333,48,11,11,11,True,60.0,1260.0
20260130_270,DI,75,2,senktide,treatment,fast,coact,tuned,3,30,90.0,0.3333333333333333,48,15,8,15,True,1380.0,2580.0
20260130_270,DI,75,2,senktide,treatment,fast,coact,own_floor,15,11,33.0,0.3333333333333333,48,15,8,15,True,1380.0,2580.0
20260130_270,DI,75,2,senktide,treatment,fast,coact,baseline_floor,8,20,60.0,0.3333333333333333,48,15,8,15,True,1380.0,2580.0
20260130_270,DI,75,2,senktide,treatment,fast,chorus_norm,unfloored,0,29,87.0,0.3333333333333333,48,15,8,15,True,1380.0,2580.0
20260130_270,DI,75,2,senktide,treatment,fast,chorus_norm,own_floor,15,3,9.0,0.3333333333333333,48,15,8,15,True,1380.0,2580.0
20260130_270,DI,75,2,senktide,treatment,fast,chorus_norm,baseline_floor,8,10,30.0,0.3333333333333333,48,15,8,15,True,1380.0,2580.0
20260130_270,DI,75,2,senktide,treatment,fast,chorus_gain_norm,unfloored,0,26,78.0,0.3333333333333333,48,15,8,15,True,1380.0,2580.0
20260130_270,DI,75,2,senktide,treatment,fast,chorus_gain_norm,own_floor,15,2,6.0,0.3333333333333333,48,15,8,15,True,1380.0,2580.0
20260130_270,DI,75,2,senktide,treatment,fast,chorus_gain_norm,baseline_floor,8,6,18.0,0.3333333333333333,48,15,8,15,True,1380.0,2580.0
20260130_270,DI,75,2,senktide,treatment,slow,coact,tuned,6,41,123.0,0.3333333333333333,48,15,10,15,False,1380.0,2580.0
20260130_270,DI,75,2,senktide,treatment,slow,coact,own_floor,15,37,111.0,0.3333333333333333,48,15,10,15,False,1380.0,2580.0
20260130_270,DI,75,2,senktide,treatment,slow,coact,baseline_floor,10,39,117.0,0.3333333333333333,48,15,10,15,False,1380.0,2580.0
20260130_270,DI,75,2,senktide,treatment,slow,chorus_norm,unfloored,0,37,111.0,0.3333333333333333,48,15,10,15,False,1380.0,2580.0
20260130_270,DI,75,2,senktide,treatment,slow,chorus_norm,own_floor,15,32,96.0,0.3333333333333333,48,15,10,15,False,1380.0,2580.0
20260130_270,DI,75,2,senktide,treatment,slow,chorus_norm,baseline_floor,10,34,102.0,0.3333333333333333,48,15,10,15,False,1380.0,2580.0
20260130_270,DI,75,2,senktide,treatment,slow,chorus_gain_norm,unfloored,0,36,108.0,0.3333333333333333,48,15,10,15,False,1380.0,2580.0
20260130_270,DI,75,2,senktide,treatment,slow,chorus_gain_norm,own_floor,15,25,75.0,0.3333333333333333,48,15,10,15,False,1380.0,2580.0
20260130_270,DI,75,2,senktide,treatment,slow,chorus_gain_norm,baseline_floor,10,28,84.0,0.3333333333333333,48,15,10,15,False,1380.0,2580.0
20260130_270,DI,75,2,senktide,treatment,combined,coact,tuned,4,41,123.0,0.3333333333333333,48,20,11,20,True,1380.0,2580.0
20260130_270,DI,75,2,senktide,treatment,combined,coact,own_floor,20,36,108.0,0.3333333333333333,48,20,11,20,True,1380.0,2580.0
20260130_270,DI,75,2,senktide,treatment,combined,coact,baseline_floor,11,40,120.0,0.3333333333333333,48,20,11,20,True,1380.0,2580.0
20260130_270,DI,75,2,senktide,treatment,combined,chorus_norm,unfloored,0,58,174.0,0.3333333333333333,48,20,11,20,True,1380.0,2580.0
20260130_270,DI,75,2,senktide,treatment,combined,chorus_norm,own_floor,20,44,132.0,0.3333333333333333,48,20,11,20,True,1380.0,2580.0
20260130_270,DI,75,2,senktide,treatment,combined,chorus_norm,baseline_floor,11,52,156.0,0.3333333333333333,48,20,11,20,True,1380.0,2580.0
20260130_270,DI,75,2,senktide,treatment,combined,chorus_gain_norm,unfloored,0,50,150.0,0.3333333333333333,48,20,11,20,True,1380.0,2580.0
20260130_270,DI,75,2,senktide,treatment,combined,chorus_gain_norm,own_floor,20,28,84.0,0.3333333333333333,48,20,11,20,True,1380.0,2580.0
20260130_270,DI,75,2,senktide,treatment,combined,chorus_gain_norm,baseline_floor,11,37,111.0,0.3333333333333333,48,20,11,20,True,1380.0,2580.0
20260130_270,DI,75,3,high K+,treatment,fast,coact,tuned,3,5,37.1432084527559,0.13461411138888885,48,17,8,17,True,2820.0,3304.610801
20260130_270,DI,75,3,high K+,treatment,fast,coact,own_floor,17,2,14.85728338110236,0.13461411138888885,48,17,8,17,True,2820.0,3304.610801
20260130_270,DI,75,3,high K+,treatment,fast,coact,baseline_floor,8,5,37.1432084527559,0.13461411138888885,48,17,8,17,True,2820.0,3304.610801
20260130_270,DI,75,3,high K+,treatment,fast,chorus_norm,unfloored,0,1,7.42864169055118,0.13461411138888885,48,17,8,17,True,2820.0,3304.610801
20260130_270,DI,75,3,high K+,treatment,fast,chorus_norm,own_floor,17,1,7.42864169055118,0.13461411138888885,48,17,8,17,True,2820.0,3304.610801
20260130_270,DI,75,3,high K+,treatment,fast,chorus_norm,baseline_floor,8,1,7.42864169055118,0.13461411138888885,48,17,8,17,True,2820.0,3304.610801
20260130_270,DI,75,3,high K+,treatment,fast,chorus_gain_norm,unfloored,0,1,7.42864169055118,0.13461411138888885,48,17,8,17,True,2820.0,3304.610801
20260130_270,DI,75,3,high K+,treatment,fast,chorus_gain_norm,own_floor,17,0,0.0,0.13461411138888885,48,17,8,17,True,2820.0,3304.610801
20260130_270,DI,75,3,high K+,treatment,fast,chorus_gain_norm,baseline_floor,8,0,0.0,0.13461411138888885,48,17,8,17,True,2820.0,3304.610801
20260130_270,DI,75,3,high K+,treatment,slow,coact,tuned,6,6,44.571850143307074,0.13461411138888885,48,11,10,11,True,2820.0,3304.610801
20260130_270,DI,75,3,high K+,treatment,slow,coact,own_floor,11,3,22.285925071653537,0.13461411138888885,48,11,10,11,True,2820.0,3304.610801
20260130_270,DI,75,3,high K+,treatment,slow,coact,baseline_floor,10,4,29.71456676220472,0.13461411138888885,48,11,10,11,True,2820.0,3304.610801
20260130_270,DI,75,3,high K+,treatment,slow,chorus_norm,unfloored,0,3,22.285925071653537,0.13461411138888885,48,11,10,11,True,2820.0,3304.610801
20260130_270,DI,75,3,high K+,treatment,slow,chorus_norm,own_floor,11,1,7.42864169055118,0.13461411138888885,48,11,10,11,True,2820.0,3304.610801
20260130_270,DI,75,3,high K+,treatment,slow,chorus_norm,baseline_floor,10,1,7.42864169055118,0.13461411138888885,48,11,10,11,True,2820.0,3304.610801
20260130_270,DI,75,3,high K+,treatment,slow,chorus_gain_norm,unfloored,0,2,14.85728338110236,0.13461411138888885,48,11,10,11,True,2820.0,3304.610801
20260130_270,DI,75,3,high K+,treatment,slow,chorus_gain_norm,own_floor,11,1,7.42864169055118,0.13461411138888885,48,11,10,11,True,2820.0,3304.610801
20260130_270,DI,75,3,high K+,treatment,slow,chorus_gain_norm,baseline_floor,10,1,7.42864169055118,0.13461411138888885,48,11,10,11,True,2820.0,3304.610801
20260130_270,DI,75,3,high K+,treatment,combined,coact,tuned,4,6,44.571850143307074,0.13461411138888885,48,18,11,18,True,2820.0,3304.610801
20260130_270,DI,75,3,high K+,treatment,combined,coact,own_floor,18,5,37.1432084527559,0.13461411138888885,48,18,11,18,True,2820.0,3304.610801
20260130_270,DI,75,3,high K+,treatment,combined,coact,baseline_floor,11,6,44.571850143307074,0.13461411138888885,48,18,11,18,True,2820.0,3304.610801
20260130_270,DI,75,3,high K+,treatment,combined,chorus_norm,unfloored,0,5,37.1432084527559,0.13461411138888885,48,18,11,18,True,2820.0,3304.610801
20260130_270,DI,75,3,high K+,treatment,combined,chorus_norm,own_floor,18,3,22.285925071653537,0.13461411138888885,48,18,11,18,True,2820.0,3304.610801
20260130_270,DI,75,3,high K+,treatment,combined,chorus_norm,baseline_floor,11,4,29.71456676220472,0.13461411138888885,48,18,11,18,True,2820.0,3304.610801
20260130_270,DI,75,3,high K+,treatment,combined,chorus_gain_norm,unfloored,0,5,37.1432084527559,0.13461411138888885,48,18,11,18,True,2820.0,3304.610801
20260130_270,DI,75,3,high K+,treatment,combined,chorus_gain_norm,own_floor,18,0,0.0,0.13461411138888885,48,18,11,18,True,2820.0,3304.610801
20260130_270,DI,75,3,high K+,treatment,combined,chorus_gain_norm,baseline_floor,11,0,0.0,0.13461411138888885,48,18,11,18,True,2820.0,3304.610801
20260130_272,DI,76,1,baseline,baseline,fast,coact,tuned,3,2,6.0,0.3333333333333333,28,7,7,7,True,210.0,1410.0
20260130_272,DI,76,1,baseline,baseline,fast,coact,own_floor,7,0,0.0,0.3333333333333333,28,7,7,7,True,210.0,1410.0
20260130_272,DI,76,1,baseline,baseline,fast,coact,baseline_floor,7,0,0.0,0.3333333333333333,28,7,7,7,True,210.0,1410.0
20260130_272,DI,76,1,baseline,baseline,fast,chorus_norm,unfloored,0,7,21.0,0.3333333333333333,28,7,7,7,True,210.0,1410.0
20260130_272,DI,76,1,baseline,baseline,fast,chorus_norm,own_floor,7,0,0.0,0.3333333333333333,28,7,7,7,True,210.0,1410.0
20260130_272,DI,76,1,baseline,baseline,fast,chorus_norm,baseline_floor,7,0,0.0,0.3333333333333333,28,7,7,7,True,210.0,1410.0
20260130_272,DI,76,1,baseline,baseline,fast,chorus_gain_norm,unfloored,0,7,21.0,0.3333333333333333,28,7,7,7,True,210.0,1410.0
20260130_272,DI,76,1,baseline,baseline,fast,chorus_gain_norm,own_floor,7,0,0.0,0.3333333333333333,28,7,7,7,True,210.0,1410.0
20260130_272,DI,76,1,baseline,baseline,fast,chorus_gain_norm,baseline_floor,7,0,0.0,0.3333333333333333,28,7,7,7,True,210.0,1410.0
20260130_272,DI,76,1,baseline,baseline,slow,coact,tuned,6,2,6.0,0.3333333333333333,28,5,5,5,True,210.0,1410.0
20260130_272,DI,76,1,baseline,baseline,slow,coact,own_floor,5,4,12.0,0.3333333333333333,28,5,5,5,True,210.0,1410.0
20260130_272,DI,76,1,baseline,baseline,slow,coact,baseline_floor,5,4,12.0,0.3333333333333333,28,5,5,5,True,210.0,1410.0
20260130_272,DI,76,1,baseline,baseline,slow,chorus_norm,unfloored,0,3,9.0,0.3333333333333333,28,5,5,5,True,210.0,1410.0
20260130_272,DI,76,1,baseline,baseline,slow,chorus_norm,own_floor,5,3,9.0,0.3333333333333333,28,5,5,5,True,210.0,1410.0
20260130_272,DI,76,1,baseline,baseline,slow,chorus_norm,baseline_floor,5,3,9.0,0.3333333333333333,28,5,5,5,True,210.0,1410.0
20260130_272,DI,76,1,baseline,baseline,slow,chorus_gain_norm,unfloored,0,3,9.0,0.3333333333333333,28,5,5,5,True,210.0,1410.0
20260130_272,DI,76,1,baseline,baseline,slow,chorus_gain_norm,own_floor,5,2,6.0,0.3333333333333333,28,5,5,5,True,210.0,1410.0
20260130_272,DI,76,1,baseline,baseline,slow,chorus_gain_norm,baseline_floor,5,2,6.0,0.3333333333333333,28,5,5,5,True,210.0,1410.0
20260130_272,DI,76,1,baseline,baseline,combined,coact,tuned,4,5,15.0,0.3333333333333333,28,8,8,8,True,210.0,1410.0
20260130_272,DI,76,1,baseline,baseline,combined,coact,own_floor,8,4,12.0,0.3333333333333333,28,8,8,8,True,210.0,1410.0
20260130_272,DI,76,1,baseline,baseline,combined,coact,baseline_floor,8,4,12.0,0.3333333333333333,28,8,8,8,True,210.0,1410.0
20260130_272,DI,76,1,baseline,baseline,combined,chorus_norm,unfloored,0,14,42.0,0.3333333333333333,28,8,8,8,True,210.0,1410.0
20260130_272,DI,76,1,baseline,baseline,combined,chorus_norm,own_floor,8,4,12.0,0.3333333333333333,28,8,8,8,True,210.0,1410.0
20260130_272,DI,76,1,baseline,baseline,combined,chorus_norm,baseline_floor,8,4,12.0,0.3333333333333333,28,8,8,8,True,210.0,1410.0
20260130_272,DI,76,1,baseline,baseline,combined,chorus_gain_norm,unfloored,0,11,33.0,0.3333333333333333,28,8,8,8,True,210.0,1410.0
20260130_272,DI,76,1,baseline,baseline,combined,chorus_gain_norm,own_floor,8,4,12.0,0.3333333333333333,28,8,8,8,True,210.0,1410.0
20260130_272,DI,76,1,baseline,baseline,combined,chorus_gain_norm,baseline_floor,8,4,12.0,0.3333333333333333,28,8,8,8,True,210.0,1410.0
20260130_272,DI,76,2,senktide,treatment,fast,coact,tuned,3,6,18.0,0.3333333333333333,28,7,7,7,True,1530.0,2730.0
20260130_272,DI,76,2,senktide,treatment,fast,coact,own_floor,7,1,3.0,0.3333333333333333,28,7,7,7,True,1530.0,2730.0
20260130_272,DI,76,2,senktide,treatment,fast,coact,baseline_floor,7,1,3.0,0.3333333333333333,28,7,7,7,True,1530.0,2730.0
20260130_272,DI,76,2,senktide,treatment,fast,chorus_norm,unfloored,0,9,27.0,0.3333333333333333,28,7,7,7,True,1530.0,2730.0
20260130_272,DI,76,2,senktide,treatment,fast,chorus_norm,own_floor,7,1,3.0,0.3333333333333333,28,7,7,7,True,1530.0,2730.0
20260130_272,DI,76,2,senktide,treatment,fast,chorus_norm,baseline_floor,7,1,3.0,0.3333333333333333,28,7,7,7,True,1530.0,2730.0
20260130_272,DI,76,2,senktide,treatment,fast,chorus_gain_norm,unfloored,0,4,12.0,0.3333333333333333,28,7,7,7,True,1530.0,2730.0
20260130_272,DI,76,2,senktide,treatment,fast,chorus_gain_norm,own_floor,7,1,3.0,0.3333333333333333,28,7,7,7,True,1530.0,2730.0
20260130_272,DI,76,2,senktide,treatment,fast,chorus_gain_norm,baseline_floor,7,1,3.0,0.3333333333333333,28,7,7,7,True,1530.0,2730.0
20260130_272,DI,76,2,senktide,treatment,slow,coact,tuned,6,12,36.0,0.3333333333333333,28,7,5,7,True,1530.0,2730.0
20260130_272,DI,76,2,senktide,treatment,slow,coact,own_floor,7,10,30.0,0.3333333333333333,28,7,5,7,True,1530.0,2730.0
20260130_272,DI,76,2,senktide,treatment,slow,coact,baseline_floor,5,14,42.0,0.3333333333333333,28,7,5,7,True,1530.0,2730.0
20260130_272,DI,76,2,senktide,treatment,slow,chorus_norm,unfloored,0,16,48.0,0.3333333333333333,28,7,5,7,True,1530.0,2730.0
20260130_272,DI,76,2,senktide,treatment,slow,chorus_norm,own_floor,7,7,21.0,0.3333333333333333,28,7,5,7,True,1530.0,2730.0
20260130_272,DI,76,2,senktide,treatment,slow,chorus_norm,baseline_floor,5,13,39.0,0.3333333333333333,28,7,5,7,True,1530.0,2730.0
20260130_272,DI,76,2,senktide,treatment,slow,chorus_gain_norm,unfloored,0,11,33.0,0.3333333333333333,28,7,5,7,True,1530.0,2730.0
20260130_272,DI,76,2,senktide,treatment,slow,chorus_gain_norm,own_floor,7,5,15.0,0.3333333333333333,28,7,5,7,True,1530.0,2730.0
20260130_272,DI,76,2,senktide,treatment,slow,chorus_gain_norm,baseline_floor,5,10,30.0,0.3333333333333333,28,7,5,7,True,1530.0,2730.0
20260130_272,DI,76,2,senktide,treatment,combined,coact,tuned,4,16,48.0,0.3333333333333333,28,9,8,9,True,1530.0,2730.0
20260130_272,DI,76,2,senktide,treatment,combined,coact,own_floor,9,8,24.0,0.3333333333333333,28,9,8,9,True,1530.0,2730.0
20260130_272,DI,76,2,senktide,treatment,combined,coact,baseline_floor,8,9,27.0,0.3333333333333333,28,9,8,9,True,1530.0,2730.0
20260130_272,DI,76,2,senktide,treatment,combined,chorus_norm,unfloored,0,22,66.0,0.3333333333333333,28,9,8,9,True,1530.0,2730.0
20260130_272,DI,76,2,senktide,treatment,combined,chorus_norm,own_floor,9,6,18.0,0.3333333333333333,28,9,8,9,True,1530.0,2730.0
20260130_272,DI,76,2,senktide,treatment,combined,chorus_norm,baseline_floor,8,9,27.0,0.3333333333333333,28,9,8,9,True,1530.0,2730.0
20260130_272,DI,76,2,senktide,treatment,combined,chorus_gain_norm,unfloored,0,19,57.0,0.3333333333333333,28,9,8,9,True,1530.0,2730.0
20260130_272,DI,76,2,senktide,treatment,combined,chorus_gain_norm,own_floor,9,6,18.0,0.3333333333333333,28,9,8,9,True,1530.0,2730.0
20260130_272,DI,76,2,senktide,treatment,combined,chorus_gain_norm,baseline_floor,8,8,24.0,0.3333333333333333,28,9,8,9,True,1530.0,2730.0
20260130_272,DI,76,3,high K+,treatment,fast,coact,tuned,3,0,0.0,0.1710863336111111,28,5,7,5,True,2940.0,3555.910801
20260130_272,DI,76,3,high K+,treatment,fast,coact,own_floor,5,0,0.0,0.1710863336111111,28,5,7,5,True,2940.0,3555.910801
20260130_272,DI,76,3,high K+,treatment,fast,coact,baseline_floor,7,0,0.0,0.1710863336111111,28,5,7,5,True,2940.0,3555.910801
20260130_272,DI,76,3,high K+,treatment,fast,chorus_norm,unfloored,0,0,0.0,0.1710863336111111,28,5,7,5,True,2940.0,3555.910801
20260130_272,DI,76,3,high K+,treatment,fast,chorus_norm,own_floor,5,0,0.0,0.1710863336111111,28,5,7,5,True,2940.0,3555.910801
20260130_272,DI,76,3,high K+,treatment,fast,chorus_norm,baseline_floor,7,0,0.0,0.1710863336111111,28,5,7,5,True,2940.0,3555.910801
20260130_272,DI,76,3,high K+,treatment,fast,chorus_gain_norm,unfloored,0,0,0.0,0.1710863336111111,28,5,7,5,True,2940.0,3555.910801
20260130_272,DI,76,3,high K+,treatment,fast,chorus_gain_norm,own_floor,5,0,0.0,0.1710863336111111,28,5,7,5,True,2940.0,3555.910801
20260130_272,DI,76,3,high K+,treatment,fast,chorus_gain_norm,baseline_floor,7,0,0.0,0.1710863336111111,28,5,7,5,True,2940.0,3555.910801
20260130_272,DI,76,3,high K+,treatment,slow,coact,tuned,6,1,5.8450022213525035,0.1710863336111111,28,7,5,7,True,2940.0,3555.910801
20260130_272,DI,76,3,high K+,treatment,slow,coact,own_floor,7,0,0.0,0.1710863336111111,28,7,5,7,True,2940.0,3555.910801
20260130_272,DI,76,3,high K+,treatment,slow,coact,baseline_floor,5,1,5.8450022213525035,0.1710863336111111,28,7,5,7,True,2940.0,3555.910801
20260130_272,DI,76,3,high K+,treatment,slow,chorus_norm,unfloored,0,1,5.8450022213525035,0.1710863336111111,28,7,5,7,True,2940.0,3555.910801
20260130_272,DI,76,3,high K+,treatment,slow,chorus_norm,own_floor,7,0,0.0,0.1710863336111111,28,7,5,7,True,2940.0,3555.910801
20260130_272,DI,76,3,high K+,treatment,slow,chorus_norm,baseline_floor,5,1,5.8450022213525035,0.1710863336111111,28,7,5,7,True,2940.0,3555.910801
20260130_272,DI,76,3,high K+,treatment,slow,chorus_gain_norm,unfloored,0,0,0.0,0.1710863336111111,28,7,5,7,True,2940.0,3555.910801
20260130_272,DI,76,3,high K+,treatment,slow,chorus_gain_norm,own_floor,7,0,0.0,0.1710863336111111,28,7,5,7,True,2940.0,3555.910801
20260130_272,DI,76,3,high K+,treatment,slow,chorus_gain_norm,baseline_floor,5,0,0.0,0.1710863336111111,28,7,5,7,True,2940.0,3555.910801
20260130_272,DI,76,3,high K+,treatment,combined,coact,tuned,4,1,5.8450022213525035,0.1710863336111111,28,7,8,7,True,2940.0,3555.910801
20260130_272,DI,76,3,high K+,treatment,combined,coact,own_floor,7,0,0.0,0.1710863336111111,28,7,8,7,True,2940.0,3555.910801
20260130_272,DI,76,3,high K+,treatment,combined,coact,baseline_floor,8,0,0.0,0.1710863336111111,28,7,8,7,True,2940.0,3555.910801
20260130_272,DI,76,3,high K+,treatment,combined,chorus_norm,unfloored,0,1,5.8450022213525035,0.1710863336111111,28,7,8,7,True,2940.0,3555.910801
20260130_272,DI,76,3,high K+,treatment,combined,chorus_norm,own_floor,7,0,0.0,0.1710863336111111,28,7,8,7,True,2940.0,3555.910801
20260130_272,DI,76,3,high K+,treatment,combined,chorus_norm,baseline_floor,8,0,0.0,0.1710863336111111,28,7,8,7,True,2940.0,3555.910801
20260130_272,DI,76,3,high K+,treatment,combined,chorus_gain_norm,unfloored,0,1,5.8450022213525035,0.1710863336111111,28,7,8,7,True,2940.0,3555.910801
20260130_272,DI,76,3,high K+,treatment,combined,chorus_gain_norm,own_floor,7,0,0.0,0.1710863336111111,28,7,8,7,True,2940.0,3555.910801
20260130_272,DI,76,3,high K+,treatment,combined,chorus_gain_norm,baseline_floor,8,0,0.0,0.1710863336111111,28,7,8,7,True,2940.0,3555.910801
20260225_275,ORX,77,1,baseline,baseline,fast,coact,tuned,3,0,0.0,0.3333333333333333,29,3,3,3,True,45.0,1245.0
20260225_275,ORX,77,1,baseline,baseline,fast,coact,own_floor,3,0,0.0,0.3333333333333333,29,3,3,3,True,45.0,1245.0
20260225_275,ORX,77,1,baseline,baseline,fast,coact,baseline_floor,3,0,0.0,0.3333333333333333,29,3,3,3,True,45.0,1245.0
20260225_275,ORX,77,1,baseline,baseline,fast,chorus_norm,unfloored,0,1,3.0,0.3333333333333333,29,3,3,3,True,45.0,1245.0
20260225_275,ORX,77,1,baseline,baseline,fast,chorus_norm,own_floor,3,0,0.0,0.3333333333333333,29,3,3,3,True,45.0,1245.0
20260225_275,ORX,77,1,baseline,baseline,fast,chorus_norm,baseline_floor,3,0,0.0,0.3333333333333333,29,3,3,3,True,45.0,1245.0
20260225_275,ORX,77,1,baseline,baseline,fast,chorus_gain_norm,unfloored,0,0,0.0,0.3333333333333333,29,3,3,3,True,45.0,1245.0
20260225_275,ORX,77,1,baseline,baseline,fast,chorus_gain_norm,own_floor,3,0,0.0,0.3333333333333333,29,3,3,3,True,45.0,1245.0
20260225_275,ORX,77,1,baseline,baseline,fast,chorus_gain_norm,baseline_floor,3,0,0.0,0.3333333333333333,29,3,3,3,True,45.0,1245.0
20260225_275,ORX,77,1,baseline,baseline,slow,coact,tuned,6,0,0.0,0.3333333333333333,29,3,3,3,True,45.0,1245.0
20260225_275,ORX,77,1,baseline,baseline,slow,coact,own_floor,3,0,0.0,0.3333333333333333,29,3,3,3,True,45.0,1245.0
20260225_275,ORX,77,1,baseline,baseline,slow,coact,baseline_floor,3,0,0.0,0.3333333333333333,29,3,3,3,True,45.0,1245.0
20260225_275,ORX,77,1,baseline,baseline,slow,chorus_norm,unfloored,0,0,0.0,0.3333333333333333,29,3,3,3,True,45.0,1245.0
20260225_275,ORX,77,1,baseline,baseline,slow,chorus_norm,own_floor,3,0,0.0,0.3333333333333333,29,3,3,3,True,45.0,1245.0
20260225_275,ORX,77,1,baseline,baseline,slow,chorus_norm,baseline_floor,3,0,0.0,0.3333333333333333,29,3,3,3,True,45.0,1245.0
20260225_275,ORX,77,1,baseline,baseline,slow,chorus_gain_norm,unfloored,0,0,0.0,0.3333333333333333,29,3,3,3,True,45.0,1245.0
20260225_275,ORX,77,1,baseline,baseline,slow,chorus_gain_norm,own_floor,3,0,0.0,0.3333333333333333,29,3,3,3,True,45.0,1245.0
20260225_275,ORX,77,1,baseline,baseline,slow,chorus_gain_norm,baseline_floor,3,0,0.0,0.3333333333333333,29,3,3,3,True,45.0,1245.0
20260225_275,ORX,77,1,baseline,baseline,combined,coact,tuned,4,0,0.0,0.3333333333333333,29,3,3,3,True,45.0,1245.0
20260225_275,ORX,77,1,baseline,baseline,combined,coact,own_floor,3,1,3.0,0.3333333333333333,29,3,3,3,True,45.0,1245.0
20260225_275,ORX,77,1,baseline,baseline,combined,coact,baseline_floor,3,1,3.0,0.3333333333333333,29,3,3,3,True,45.0,1245.0
20260225_275,ORX,77,1,baseline,baseline,combined,chorus_norm,unfloored,0,0,0.0,0.3333333333333333,29,3,3,3,True,45.0,1245.0
20260225_275,ORX,77,1,baseline,baseline,combined,chorus_norm,own_floor,3,0,0.0,0.3333333333333333,29,3,3,3,True,45.0,1245.0
20260225_275,ORX,77,1,baseline,baseline,combined,chorus_norm,baseline_floor,3,0,0.0,0.3333333333333333,29,3,3,3,True,45.0,1245.0
20260225_275,ORX,77,1,baseline,baseline,combined,chorus_gain_norm,unfloored,0,0,0.0,0.3333333333333333,29,3,3,3,True,45.0,1245.0
20260225_275,ORX,77,1,baseline,baseline,combined,chorus_gain_norm,own_floor,3,0,0.0,0.3333333333333333,29,3,3,3,True,45.0,1245.0
20260225_275,ORX,77,1,baseline,baseline,combined,chorus_gain_norm,baseline_floor,3,0,0.0,0.3333333333333333,29,3,3,3,True,45.0,1245.0
20260225_275,ORX,77,2,TTX,treatment,fast,coact,tuned,3,0,0.0,0.3333333333333333,29,3,3,2,True,1365.0,2565.0
20260225_275,ORX,77,2,TTX,treatment,fast,coact,own_floor,3,0,0.0,0.3333333333333333,29,3,3,2,True,1365.0,2565.0
20260225_275,ORX,77,2,TTX,treatment,fast,coact,baseline_floor,3,0,0.0,0.3333333333333333,29,3,3,2,True,1365.0,2565.0
20260225_275,ORX,77,2,TTX,treatment,fast,chorus_norm,unfloored,0,0,0.0,0.3333333333333333,29,3,3,2,True,1365.0,2565.0
20260225_275,ORX,77,2,TTX,treatment,fast,chorus_norm,own_floor,3,0,0.0,0.3333333333333333,29,3,3,2,True,1365.0,2565.0
20260225_275,ORX,77,2,TTX,treatment,fast,chorus_norm,baseline_floor,3,0,0.0,0.3333333333333333,29,3,3,2,True,1365.0,2565.0
20260225_275,ORX,77,2,TTX,treatment,fast,chorus_gain_norm,unfloored,0,0,0.0,0.3333333333333333,29,3,3,2,True,1365.0,2565.0
20260225_275,ORX,77,2,TTX,treatment,fast,chorus_gain_norm,own_floor,3,0,0.0,0.3333333333333333,29,3,3,2,True,1365.0,2565.0
20260225_275,ORX,77,2,TTX,treatment,fast,chorus_gain_norm,baseline_floor,3,0,0.0,0.3333333333333333,29,3,3,2,True,1365.0,2565.0
20260225_275,ORX,77,2,TTX,treatment,slow,coact,tuned,6,2,6.0,0.3333333333333333,29,5,3,5,True,1365.0,2565.0
20260225_275,ORX,77,2,TTX,treatment,slow,coact,own_floor,5,2,6.0,0.3333333333333333,29,5,3,5,True,1365.0,2565.0
20260225_275,ORX,77,2,TTX,treatment,slow,coact,baseline_floor,3,2,6.0,0.3333333333333333,29,5,3,5,True,1365.0,2565.0
20260225_275,ORX,77,2,TTX,treatment,slow,chorus_norm,unfloored,0,2,6.0,0.3333333333333333,29,5,3,5,True,1365.0,2565.0
20260225_275,ORX,77,2,TTX,treatment,slow,chorus_norm,own_floor,5,2,6.0,0.3333333333333333,29,5,3,5,True,1365.0,2565.0
20260225_275,ORX,77,2,TTX,treatment,slow,chorus_norm,baseline_floor,3,2,6.0,0.3333333333333333,29,5,3,5,True,1365.0,2565.0
20260225_275,ORX,77,2,TTX,treatment,slow,chorus_gain_norm,unfloored,0,2,6.0,0.3333333333333333,29,5,3,5,True,1365.0,2565.0
20260225_275,ORX,77,2,TTX,treatment,slow,chorus_gain_norm,own_floor,5,2,6.0,0.3333333333333333,29,5,3,5,True,1365.0,2565.0
20260225_275,ORX,77,2,TTX,treatment,slow,chorus_gain_norm,baseline_floor,3,2,6.0,0.3333333333333333,29,5,3,5,True,1365.0,2565.0
20260225_275,ORX,77,2,TTX,treatment,combined,coact,tuned,4,2,6.0,0.3333333333333333,29,5,3,5,False,1365.0,2565.0
20260225_275,ORX,77,2,TTX,treatment,combined,coact,own_floor,5,2,6.0,0.3333333333333333,29,5,3,5,False,1365.0,2565.0
20260225_275,ORX,77,2,TTX,treatment,combined,coact,baseline_floor,3,2,6.0,0.3333333333333333,29,5,3,5,False,1365.0,2565.0
20260225_275,ORX,77,2,TTX,treatment,combined,chorus_norm,unfloored,0,2,6.0,0.3333333333333333,29,5,3,5,False,1365.0,2565.0
20260225_275,ORX,77,2,TTX,treatment,combined,chorus_norm,own_floor,5,2,6.0,0.3333333333333333,29,5,3,5,False,1365.0,2565.0
20260225_275,ORX,77,2,TTX,treatment,combined,chorus_norm,baseline_floor,3,2,6.0,0.3333333333333333,29,5,3,5,False,1365.0,2565.0
20260225_275,ORX,77,2,TTX,treatment,combined,chorus_gain_norm,unfloored,0,2,6.0,0.3333333333333333,29,5,3,5,False,1365.0,2565.0
20260225_275,ORX,77,2,TTX,treatment,combined,chorus_gain_norm,own_floor,5,2,6.0,0.3333333333333333,29,5,3,5,False,1365.0,2565.0
20260225_275,ORX,77,2,TTX,treatment,combined,chorus_gain_norm,baseline_floor,3,2,6.0,0.3333333333333333,29,5,3,5,False,1365.0,2565.0
20260225_275,ORX,77,3,high K+,treatment,fast,coact,tuned,3,2,19.178990004605648,0.10428077805555555,29,13,3,13,True,2779.8,3155.210801
20260225_275,ORX,77,3,high K+,treatment,fast,coact,own_floor,13,1,9.589495002302824,0.10428077805555555,29,13,3,13,True,2779.8,3155.210801
20260225_275,ORX,77,3,high K+,treatment,fast,coact,baseline_floor,3,2,19.178990004605648,0.10428077805555555,29,13,3,13,True,2779.8,3155.210801
20260225_275,ORX,77,3,high K+,treatment,fast,chorus_norm,unfloored,0,1,9.589495002302824,0.10428077805555555,29,13,3,13,True,2779.8,3155.210801
20260225_275,ORX,77,3,high K+,treatment,fast,chorus_norm,own_floor,13,0,0.0,0.10428077805555555,29,13,3,13,True,2779.8,3155.210801
20260225_275,ORX,77,3,high K+,treatment,fast,chorus_norm,baseline_floor,3,1,9.589495002302824,0.10428077805555555,29,13,3,13,True,2779.8,3155.210801
20260225_275,ORX,77,3,high K+,treatment,fast,chorus_gain_norm,unfloored,0,1,9.589495002302824,0.10428077805555555,29,13,3,13,True,2779.8,3155.210801
20260225_275,ORX,77,3,high K+,treatment,fast,chorus_gain_norm,own_floor,13,0,0.0,0.10428077805555555,29,13,3,13,True,2779.8,3155.210801
20260225_275,ORX,77,3,high K+,treatment,fast,chorus_gain_norm,baseline_floor,3,1,9.589495002302824,0.10428077805555555,29,13,3,13,True,2779.8,3155.210801
20260225_275,ORX,77,3,high K+,treatment,slow,coact,tuned,6,4,38.357980009211296,0.10428077805555555,29,8,3,8,True,2779.8,3155.210801
20260225_275,ORX,77,3,high K+,treatment,slow,coact,own_floor,8,1,9.589495002302824,0.10428077805555555,29,8,3,8,True,2779.8,3155.210801
20260225_275,ORX,77,3,high K+,treatment,slow,coact,baseline_floor,3,6,57.53697001381695,0.10428077805555555,29,8,3,8,True,2779.8,3155.210801
20260225_275,ORX,77,3,high K+,treatment,slow,chorus_norm,unfloored,0,4,38.357980009211296,0.10428077805555555,29,8,3,8,True,2779.8,3155.210801
20260225_275,ORX,77,3,high K+,treatment,slow,chorus_norm,own_floor,8,1,9.589495002302824,0.10428077805555555,29,8,3,8,True,2779.8,3155.210801
20260225_275,ORX,77,3,high K+,treatment,slow,chorus_norm,baseline_floor,3,4,38.357980009211296,0.10428077805555555,29,8,3,8,True,2779.8,3155.210801
20260225_275,ORX,77,3,high K+,treatment,slow,chorus_gain_norm,unfloored,0,3,28.768485006908474,0.10428077805555555,29,8,3,8,True,2779.8,3155.210801
20260225_275,ORX,77,3,high K+,treatment,slow,chorus_gain_norm,own_floor,8,0,0.0,0.10428077805555555,29,8,3,8,True,2779.8,3155.210801
20260225_275,ORX,77,3,high K+,treatment,slow,chorus_gain_norm,baseline_floor,3,3,28.768485006908474,0.10428077805555555,29,8,3,8,True,2779.8,3155.210801
20260225_275,ORX,77,3,high K+,treatment,combined,coact,tuned,4,7,67.12646501611977,0.10428077805555555,29,13,3,13,True,2779.8,3155.210801
20260225_275,ORX,77,3,high K+,treatment,combined,coact,own_floor,13,2,19.178990004605648,0.10428077805555555,29,13,3,13,True,2779.8,3155.210801
20260225_275,ORX,77,3,high K+,treatment,combined,coact,baseline_floor,3,7,67.12646501611977,0.10428077805555555,29,13,3,13,True,2779.8,3155.210801
20260225_275,ORX,77,3,high K+,treatment,combined,chorus_norm,unfloored,0,7,67.12646501611977,0.10428077805555555,29,13,3,13,True,2779.8,3155.210801
20260225_275,ORX,77,3,high K+,treatment,combined,chorus_norm,own_floor,13,0,0.0,0.10428077805555555,29,13,3,13,True,2779.8,3155.210801
20260225_275,ORX,77,3,high K+,treatment,combined,chorus_norm,baseline_floor,3,7,67.12646501611977,0.10428077805555555,29,13,3,13,True,2779.8,3155.210801
20260225_275,ORX,77,3,high K+,treatment,combined,chorus_gain_norm,unfloored,0,8,76.71596001842259,0.10428077805555555,29,13,3,13,True,2779.8,3155.210801
20260225_275,ORX,77,3,high K+,treatment,combined,chorus_gain_norm,own_floor,13,2,19.178990004605648,0.10428077805555555,29,13,3,13,True,2779.8,3155.210801
20260225_275,ORX,77,3,high K+,treatment,combined,chorus_gain_norm,baseline_floor,3,8,76.71596001842259,0.10428077805555555,29,13,3,13,True,2779.8,3155.210801
20260225_277,ORX,77,1,baseline,baseline,fast,coact,tuned,3,1,3.0,0.3333333333333333,26,5,5,5,True,270.0,1470.0
20260225_277,ORX,77,1,baseline,baseline,fast,coact,own_floor,5,1,3.0,0.3333333333333333,26,5,5,5,True,270.0,1470.0
20260225_277,ORX,77,1,baseline,baseline,fast,coact,baseline_floor,5,1,3.0,0.3333333333333333,26,5,5,5,True,270.0,1470.0
20260225_277,ORX,77,1,baseline,baseline,fast,chorus_norm,unfloored,0,1,3.0,0.3333333333333333,26,5,5,5,True,270.0,1470.0
20260225_277,ORX,77,1,baseline,baseline,fast,chorus_norm,own_floor,5,1,3.0,0.3333333333333333,26,5,5,5,True,270.0,1470.0
20260225_277,ORX,77,1,baseline,baseline,fast,chorus_norm,baseline_floor,5,1,3.0,0.3333333333333333,26,5,5,5,True,270.0,1470.0
20260225_277,ORX,77,1,baseline,baseline,fast,chorus_gain_norm,unfloored,0,1,3.0,0.3333333333333333,26,5,5,5,True,270.0,1470.0
20260225_277,ORX,77,1,baseline,baseline,fast,chorus_gain_norm,own_floor,5,1,3.0,0.3333333333333333,26,5,5,5,True,270.0,1470.0
20260225_277,ORX,77,1,baseline,baseline,fast,chorus_gain_norm,baseline_floor,5,1,3.0,0.3333333333333333,26,5,5,5,True,270.0,1470.0
20260225_277,ORX,77,1,baseline,baseline,slow,coact,tuned,6,0,0.0,0.3333333333333333,26,3,3,3,True,270.0,1470.0
20260225_277,ORX,77,1,baseline,baseline,slow,coact,own_floor,3,0,0.0,0.3333333333333333,26,3,3,3,True,270.0,1470.0
20260225_277,ORX,77,1,baseline,baseline,slow,coact,baseline_floor,3,0,0.0,0.3333333333333333,26,3,3,3,True,270.0,1470.0
20260225_277,ORX,77,1,baseline,baseline,slow,chorus_norm,unfloored,0,0,0.0,0.3333333333333333,26,3,3,3,True,270.0,1470.0
20260225_277,ORX,77,1,baseline,baseline,slow,chorus_norm,own_floor,3,0,0.0,0.3333333333333333,26,3,3,3,True,270.0,1470.0
20260225_277,ORX,77,1,baseline,baseline,slow,chorus_norm,baseline_floor,3,0,0.0,0.3333333333333333,26,3,3,3,True,270.0,1470.0
20260225_277,ORX,77,1,baseline,baseline,slow,chorus_gain_norm,unfloored,0,0,0.0,0.3333333333333333,26,3,3,3,True,270.0,1470.0
20260225_277,ORX,77,1,baseline,baseline,slow,chorus_gain_norm,own_floor,3,0,0.0,0.3333333333333333,26,3,3,3,True,270.0,1470.0
20260225_277,ORX,77,1,baseline,baseline,slow,chorus_gain_norm,baseline_floor,3,0,0.0,0.3333333333333333,26,3,3,3,True,270.0,1470.0
20260225_277,ORX,77,1,baseline,baseline,combined,coact,tuned,4,1,3.0,0.3333333333333333,26,5,5,5,True,270.0,1470.0
20260225_277,ORX,77,1,baseline,baseline,combined,coact,own_floor,5,1,3.0,0.3333333333333333,26,5,5,5,True,270.0,1470.0
20260225_277,ORX,77,1,baseline,baseline,combined,coact,baseline_floor,5,1,3.0,0.3333333333333333,26,5,5,5,True,270.0,1470.0
20260225_277,ORX,77,1,baseline,baseline,combined,chorus_norm,unfloored,0,2,6.0,0.3333333333333333,26,5,5,5,True,270.0,1470.0
20260225_277,ORX,77,1,baseline,baseline,combined,chorus_norm,own_floor,5,1,3.0,0.3333333333333333,26,5,5,5,True,270.0,1470.0
20260225_277,ORX,77,1,baseline,baseline,combined,chorus_norm,baseline_floor,5,1,3.0,0.3333333333333333,26,5,5,5,True,270.0,1470.0
20260225_277,ORX,77,1,baseline,baseline,combined,chorus_gain_norm,unfloored,0,1,3.0,0.3333333333333333,26,5,5,5,True,270.0,1470.0
20260225_277,ORX,77,1,baseline,baseline,combined,chorus_gain_norm,own_floor,5,1,3.0,0.3333333333333333,26,5,5,5,True,270.0,1470.0
20260225_277,ORX,77,1,baseline,baseline,combined,chorus_gain_norm,baseline_floor,5,1,3.0,0.3333333333333333,26,5,5,5,True,270.0,1470.0
20260225_277,ORX,77,2,TTX,treatment,fast,coact,tuned,3,1,3.0,0.3333333333333333,26,3,5,3,True,1590.0,2790.0
20260225_277,ORX,77,2,TTX,treatment,fast,coact,own_floor,3,1,3.0,0.3333333333333333,26,3,5,3,True,1590.0,2790.0
20260225_277,ORX,77,2,TTX,treatment,fast,coact,baseline_floor,5,0,0.0,0.3333333333333333,26,3,5,3,True,1590.0,2790.0
20260225_277,ORX,77,2,TTX,treatment,fast,chorus_norm,unfloored,0,2,6.0,0.3333333333333333,26,3,5,3,True,1590.0,2790.0
20260225_277,ORX,77,2,TTX,treatment,fast,chorus_norm,own_floor,3,0,0.0,0.3333333333333333,26,3,5,3,True,1590.0,2790.0
20260225_277,ORX,77,2,TTX,treatment,fast,chorus_norm,baseline_floor,5,0,0.0,0.3333333333333333,26,3,5,3,True,1590.0,2790.0
20260225_277,ORX,77,2,TTX,treatment,fast,chorus_gain_norm,unfloored,0,0,0.0,0.3333333333333333,26,3,5,3,True,1590.0,2790.0
20260225_277,ORX,77,2,TTX,treatment,fast,chorus_gain_norm,own_floor,3,0,0.0,0.3333333333333333,26,3,5,3,True,1590.0,2790.0
20260225_277,ORX,77,2,TTX,treatment,fast,chorus_gain_norm,baseline_floor,5,0,0.0,0.3333333333333333,26,3,5,3,True,1590.0,2790.0
20260225_277,ORX,77,2,TTX,treatment,slow,coact,tuned,6,1,3.0,0.3333333333333333,26,4,3,4,True,1590.0,2790.0
20260225_277,ORX,77,2,TTX,treatment,slow,coact,own_floor,4,4,12.0,0.3333333333333333,26,4,3,4,True,1590.0,2790.0
20260225_277,ORX,77,2,TTX,treatment,slow,coact,baseline_floor,3,6,18.0,0.3333333333333333,26,4,3,4,True,1590.0,2790.0
20260225_277,ORX,77,2,TTX,treatment,slow,chorus_norm,unfloored,0,2,6.0,0.3333333333333333,26,4,3,4,True,1590.0,2790.0
20260225_277,ORX,77,2,TTX,treatment,slow,chorus_norm,own_floor,4,2,6.0,0.3333333333333333,26,4,3,4,True,1590.0,2790.0
20260225_277,ORX,77,2,TTX,treatment,slow,chorus_norm,baseline_floor,3,2,6.0,0.3333333333333333,26,4,3,4,True,1590.0,2790.0
20260225_277,ORX,77,2,TTX,treatment,slow,chorus_gain_norm,unfloored,0,2,6.0,0.3333333333333333,26,4,3,4,True,1590.0,2790.0
20260225_277,ORX,77,2,TTX,treatment,slow,chorus_gain_norm,own_floor,4,1,3.0,0.3333333333333333,26,4,3,4,True,1590.0,2790.0
20260225_277,ORX,77,2,TTX,treatment,slow,chorus_gain_norm,baseline_floor,3,1,3.0,0.3333333333333333,26,4,3,4,True,1590.0,2790.0
20260225_277,ORX,77,2,TTX,treatment,combined,coact,tuned,4,5,15.0,0.3333333333333333,26,4,5,4,True,1590.0,2790.0
20260225_277,ORX,77,2,TTX,treatment,combined,coact,own_floor,4,5,15.0,0.3333333333333333,26,4,5,4,True,1590.0,2790.0
20260225_277,ORX,77,2,TTX,treatment,combined,coact,baseline_floor,5,3,9.0,0.3333333333333333,26,4,5,4,True,1590.0,2790.0
20260225_277,ORX,77,2,TTX,treatment,combined,chorus_norm,unfloored,0,9,27.0,0.3333333333333333,26,4,5,4,True,1590.0,2790.0
20260225_277,ORX,77,2,TTX,treatment,combined,chorus_norm,own_floor,4,2,6.0,0.3333333333333333,26,4,5,4,True,1590.0,2790.0
20260225_277,ORX,77,2,TTX,treatment,combined,chorus_norm,baseline_floor,5,2,6.0,0.3333333333333333,26,4,5,4,True,1590.0,2790.0
20260225_277,ORX,77,2,TTX,treatment,combined,chorus_gain_norm,unfloored,0,2,6.0,0.3333333333333333,26,4,5,4,True,1590.0,2790.0
20260225_277,ORX,77,2,TTX,treatment,combined,chorus_gain_norm,own_floor,4,2,6.0,0.3333333333333333,26,4,5,4,True,1590.0,2790.0
20260225_277,ORX,77,2,TTX,treatment,combined,chorus_gain_norm,baseline_floor,5,2,6.0,0.3333333333333333,26,4,5,4,True,1590.0,2790.0
20260225_277,ORX,77,3,high K+,treatment,fast,coact,tuned,3,5,41.96676781753509,0.11914188916666667,26,7,5,7,True,2970.0,3398.910801
20260225_277,ORX,77,3,high K+,treatment,fast,coact,own_floor,7,3,25.180060690521056,0.11914188916666667,26,7,5,7,True,2970.0,3398.910801
20260225_277,ORX,77,3,high K+,treatment,fast,coact,baseline_floor,5,5,41.96676781753509,0.11914188916666667,26,7,5,7,True,2970.0,3398.910801
20260225_277,ORX,77,3,high K+,treatment,fast,chorus_norm,unfloored,0,6,50.36012138104211,0.11914188916666667,26,7,5,7,True,2970.0,3398.910801
20260225_277,ORX,77,3,high K+,treatment,fast,chorus_norm,own_floor,7,3,25.180060690521056,0.11914188916666667,26,7,5,7,True,2970.0,3398.910801
20260225_277,ORX,77,3,high K+,treatment,fast,chorus_norm,baseline_floor,5,3,25.180060690521056,0.11914188916666667,26,7,5,7,True,2970.0,3398.910801
20260225_277,ORX,77,3,high K+,treatment,fast,chorus_gain_norm,unfloored,0,6,50.36012138104211,0.11914188916666667,26,7,5,7,True,2970.0,3398.910801
20260225_277,ORX,77,3,high K+,treatment,fast,chorus_gain_norm,own_floor,7,3,25.180060690521056,0.11914188916666667,26,7,5,7,True,2970.0,3398.910801
20260225_277,ORX,77,3,high K+,treatment,fast,chorus_gain_norm,baseline_floor,5,3,25.180060690521056,0.11914188916666667,26,7,5,7,True,2970.0,3398.910801
20260225_277,ORX,77,3,high K+,treatment,slow,coact,tuned,6,8,67.14682850805616,0.11914188916666667,26,9,3,9,True,2970.0,3398.910801
20260225_277,ORX,77,3,high K+,treatment,slow,coact,own_floor,9,7,58.75347494454913,0.11914188916666667,26,9,3,9,True,2970.0,3398.910801
20260225_277,ORX,77,3,high K+,treatment,slow,coact,baseline_floor,3,11,92.3268891985772,0.11914188916666667,26,9,3,9,True,2970.0,3398.910801
20260225_277,ORX,77,3,high K+,treatment,slow,chorus_norm,unfloored,0,9,75.54018207156317,0.11914188916666667,26,9,3,9,True,2970.0,3398.910801
20260225_277,ORX,77,3,high K+,treatment,slow,chorus_norm,own_floor,9,7,58.75347494454913,0.11914188916666667,26,9,3,9,True,2970.0,3398.910801
20260225_277,ORX,77,3,high K+,treatment,slow,chorus_norm,baseline_floor,3,9,75.54018207156317,0.11914188916666667,26,9,3,9,True,2970.0,3398.910801
20260225_277,ORX,77,3,high K+,treatment,slow,chorus_gain_norm,unfloored,0,7,58.75347494454913,0.11914188916666667,26,9,3,9,True,2970.0,3398.910801
20260225_277,ORX,77,3,high K+,treatment,slow,chorus_gain_norm,own_floor,9,5,41.96676781753509,0.11914188916666667,26,9,3,9,True,2970.0,3398.910801
20260225_277,ORX,77,3,high K+,treatment,slow,chorus_gain_norm,baseline_floor,3,7,58.75347494454913,0.11914188916666667,26,9,3,9,True,2970.0,3398.910801
20260225_277,ORX,77,3,high K+,treatment,combined,coact,tuned,4,10,83.93353563507019,0.11914188916666667,26,10,5,10,True,2970.0,3398.910801
20260225_277,ORX,77,3,high K+,treatment,combined,coact,own_floor,10,7,58.75347494454913,0.11914188916666667,26,10,5,10,True,2970.0,3398.910801
20260225_277,ORX,77,3,high K+,treatment,combined,coact,baseline_floor,5,10,83.93353563507019,0.11914188916666667,26,10,5,10,True,2970.0,3398.910801
20260225_277,ORX,77,3,high K+,treatment,combined,chorus_norm,unfloored,0,12,100.72024276208423,0.11914188916666667,26,10,5,10,True,2970.0,3398.910801
20260225_277,ORX,77,3,high K+,treatment,combined,chorus_norm,own_floor,10,7,58.75347494454913,0.11914188916666667,26,10,5,10,True,2970.0,3398.910801
20260225_277,ORX,77,3,high K+,treatment,combined,chorus_norm,baseline_floor,5,11,92.3268891985772,0.11914188916666667,26,10,5,10,True,2970.0,3398.910801
20260225_277,ORX,77,3,high K+,treatment,combined,chorus_gain_norm,unfloored,0,10,83.93353563507019,0.11914188916666667,26,10,5,10,True,2970.0,3398.910801
20260225_277,ORX,77,3,high K+,treatment,combined,chorus_gain_norm,own_floor,10,8,67.14682850805616,0.11914188916666667,26,10,5,10,True,2970.0,3398.910801
20260225_277,ORX,77,3,high K+,treatment,combined,chorus_gain_norm,baseline_floor,5,10,83.93353563507019,0.11914188916666667,26,10,5,10,True,2970.0,3398.910801
20260225_280,ORX,77,1,baseline,baseline,fast,coact,tuned,3,0,0.0,0.3333333333333333,15,3,3,2,True,120.0,1320.0
20260225_280,ORX,77,1,baseline,baseline,fast,coact,own_floor,3,0,0.0,0.3333333333333333,15,3,3,2,True,120.0,1320.0
20260225_280,ORX,77,1,baseline,baseline,fast,coact,baseline_floor,3,0,0.0,0.3333333333333333,15,3,3,2,True,120.0,1320.0
20260225_280,ORX,77,1,baseline,baseline,fast,chorus_norm,unfloored,0,1,3.0,0.3333333333333333,15,3,3,2,True,120.0,1320.0
20260225_280,ORX,77,1,baseline,baseline,fast,chorus_norm,own_floor,3,0,0.0,0.3333333333333333,15,3,3,2,True,120.0,1320.0
20260225_280,ORX,77,1,baseline,baseline,fast,chorus_norm,baseline_floor,3,0,0.0,0.3333333333333333,15,3,3,2,True,120.0,1320.0
20260225_280,ORX,77,1,baseline,baseline,fast,chorus_gain_norm,unfloored,0,0,0.0,0.3333333333333333,15,3,3,2,True,120.0,1320.0
20260225_280,ORX,77,1,baseline,baseline,fast,chorus_gain_norm,own_floor,3,0,0.0,0.3333333333333333,15,3,3,2,True,120.0,1320.0
20260225_280,ORX,77,1,baseline,baseline,fast,chorus_gain_norm,baseline_floor,3,0,0.0,0.3333333333333333,15,3,3,2,True,120.0,1320.0
20260225_280,ORX,77,1,baseline,baseline,slow,coact,tuned,6,0,0.0,0.3333333333333333,15,3,3,2,True,120.0,1320.0
20260225_280,ORX,77,1,baseline,baseline,slow,coact,own_floor,3,0,0.0,0.3333333333333333,15,3,3,2,True,120.0,1320.0
20260225_280,ORX,77,1,baseline,baseline,slow,coact,baseline_floor,3,0,0.0,0.3333333333333333,15,3,3,2,True,120.0,1320.0
20260225_280,ORX,77,1,baseline,baseline,slow,chorus_norm,unfloored,0,0,0.0,0.3333333333333333,15,3,3,2,True,120.0,1320.0
20260225_280,ORX,77,1,baseline,baseline,slow,chorus_norm,own_floor,3,0,0.0,0.3333333333333333,15,3,3,2,True,120.0,1320.0
20260225_280,ORX,77,1,baseline,baseline,slow,chorus_norm,baseline_floor,3,0,0.0,0.3333333333333333,15,3,3,2,True,120.0,1320.0
20260225_280,ORX,77,1,baseline,baseline,slow,chorus_gain_norm,unfloored,0,0,0.0,0.3333333333333333,15,3,3,2,True,120.0,1320.0
20260225_280,ORX,77,1,baseline,baseline,slow,chorus_gain_norm,own_floor,3,0,0.0,0.3333333333333333,15,3,3,2,True,120.0,1320.0
20260225_280,ORX,77,1,baseline,baseline,slow,chorus_gain_norm,baseline_floor,3,0,0.0,0.3333333333333333,15,3,3,2,True,120.0,1320.0
20260225_280,ORX,77,1,baseline,baseline,combined,coact,tuned,4,0,0.0,0.3333333333333333,15,3,3,2,False,120.0,1320.0
20260225_280,ORX,77,1,baseline,baseline,combined,coact,own_floor,3,0,0.0,0.3333333333333333,15,3,3,2,False,120.0,1320.0
20260225_280,ORX,77,1,baseline,baseline,combined,coact,baseline_floor,3,0,0.0,0.3333333333333333,15,3,3,2,False,120.0,1320.0
20260225_280,ORX,77,1,baseline,baseline,combined,chorus_norm,unfloored,0,2,6.0,0.3333333333333333,15,3,3,2,False,120.0,1320.0
20260225_280,ORX,77,1,baseline,baseline,combined,chorus_norm,own_floor,3,0,0.0,0.3333333333333333,15,3,3,2,False,120.0,1320.0
20260225_280,ORX,77,1,baseline,baseline,combined,chorus_norm,baseline_floor,3,0,0.0,0.3333333333333333,15,3,3,2,False,120.0,1320.0
20260225_280,ORX,77,1,baseline,baseline,combined,chorus_gain_norm,unfloored,0,0,0.0,0.3333333333333333,15,3,3,2,False,120.0,1320.0
20260225_280,ORX,77,1,baseline,baseline,combined,chorus_gain_norm,own_floor,3,0,0.0,0.3333333333333333,15,3,3,2,False,120.0,1320.0
20260225_280,ORX,77,1,baseline,baseline,combined,chorus_gain_norm,baseline_floor,3,0,0.0,0.3333333333333333,15,3,3,2,False,120.0,1320.0
20260225_280,ORX,77,2,TTX,treatment,fast,coact,tuned,3,0,0.0,0.3333333333333333,15,3,3,2,True,1440.0,2640.0
20260225_280,ORX,77,2,TTX,treatment,fast,coact,own_floor,3,0,0.0,0.3333333333333333,15,3,3,2,True,1440.0,2640.0
20260225_280,ORX,77,2,TTX,treatment,fast,coact,baseline_floor,3,0,0.0,0.3333333333333333,15,3,3,2,True,1440.0,2640.0
20260225_280,ORX,77,2,TTX,treatment,fast,chorus_norm,unfloored,0,0,0.0,0.3333333333333333,15,3,3,2,True,1440.0,2640.0
20260225_280,ORX,77,2,TTX,treatment,fast,chorus_norm,own_floor,3,0,0.0,0.3333333333333333,15,3,3,2,True,1440.0,2640.0
20260225_280,ORX,77,2,TTX,treatment,fast,chorus_norm,baseline_floor,3,0,0.0,0.3333333333333333,15,3,3,2,True,1440.0,2640.0
20260225_280,ORX,77,2,TTX,treatment,fast,chorus_gain_norm,unfloored,0,0,0.0,0.3333333333333333,15,3,3,2,True,1440.0,2640.0
20260225_280,ORX,77,2,TTX,treatment,fast,chorus_gain_norm,own_floor,3,0,0.0,0.3333333333333333,15,3,3,2,True,1440.0,2640.0
20260225_280,ORX,77,2,TTX,treatment,fast,chorus_gain_norm,baseline_floor,3,0,0.0,0.3333333333333333,15,3,3,2,True,1440.0,2640.0
20260225_280,ORX,77,2,TTX,treatment,slow,coact,tuned,6,0,0.0,0.3333333333333333,15,3,3,3,True,1440.0,2640.0
20260225_280,ORX,77,2,TTX,treatment,slow,coact,own_floor,3,1,3.0,0.3333333333333333,15,3,3,3,True,1440.0,2640.0
20260225_280,ORX,77,2,TTX,treatment,slow,coact,baseline_floor,3,1,3.0,0.3333333333333333,15,3,3,3,True,1440.0,2640.0
20260225_280,ORX,77,2,TTX,treatment,slow,chorus_norm,unfloored,0,1,3.0,0.3333333333333333,15,3,3,3,True,1440.0,2640.0
20260225_280,ORX,77,2,TTX,treatment,slow,chorus_norm,own_floor,3,1,3.0,0.3333333333333333,15,3,3,3,True,1440.0,2640.0
20260225_280,ORX,77,2,TTX,treatment,slow,chorus_norm,baseline_floor,3,1,3.0,0.3333333333333333,15,3,3,3,True,1440.0,2640.0
20260225_280,ORX,77,2,TTX,treatment,slow,chorus_gain_norm,unfloored,0,0,0.0,0.3333333333333333,15,3,3,3,True,1440.0,2640.0
20260225_280,ORX,77,2,TTX,treatment,slow,chorus_gain_norm,own_floor,3,0,0.0,0.3333333333333333,15,3,3,3,True,1440.0,2640.0
20260225_280,ORX,77,2,TTX,treatment,slow,chorus_gain_norm,baseline_floor,3,0,0.0,0.3333333333333333,15,3,3,3,True,1440.0,2640.0
20260225_280,ORX,77,2,TTX,treatment,combined,coact,tuned,4,0,0.0,0.3333333333333333,15,3,3,3,True,1440.0,2640.0
20260225_280,ORX,77,2,TTX,treatment,combined,coact,own_floor,3,1,3.0,0.3333333333333333,15,3,3,3,True,1440.0,2640.0
20260225_280,ORX,77,2,TTX,treatment,combined,coact,baseline_floor,3,1,3.0,0.3333333333333333,15,3,3,3,True,1440.0,2640.0
20260225_280,ORX,77,2,TTX,treatment,combined,chorus_norm,unfloored,0,2,6.0,0.3333333333333333,15,3,3,3,True,1440.0,2640.0
20260225_280,ORX,77,2,TTX,treatment,combined,chorus_norm,own_floor,3,1,3.0,0.3333333333333333,15,3,3,3,True,1440.0,2640.0
20260225_280,ORX,77,2,TTX,treatment,combined,chorus_norm,baseline_floor,3,1,3.0,0.3333333333333333,15,3,3,3,True,1440.0,2640.0
20260225_280,ORX,77,2,TTX,treatment,combined,chorus_gain_norm,unfloored,0,0,0.0,0.3333333333333333,15,3,3,3,True,1440.0,2640.0
20260225_280,ORX,77,2,TTX,treatment,combined,chorus_gain_norm,own_floor,3,0,0.0,0.3333333333333333,15,3,3,3,True,1440.0,2640.0
20260225_280,ORX,77,2,TTX,treatment,combined,chorus_gain_norm,baseline_floor,3,0,0.0,0.3333333333333333,15,3,3,3,True,1440.0,2640.0
20260225_280,ORX,77,3,high K+,treatment,fast,coact,tuned,3,0,0.0,0.0868085558333333,15,5,3,5,True,2925.0,3237.510801
20260225_280,ORX,77,3,high K+,treatment,fast,coact,own_floor,5,0,0.0,0.0868085558333333,15,5,3,5,True,2925.0,3237.510801
20260225_280,ORX,77,3,high K+,treatment,fast,coact,baseline_floor,3,0,0.0,0.0868085558333333,15,5,3,5,True,2925.0,3237.510801
20260225_280,ORX,77,3,high K+,treatment,fast,chorus_norm,unfloored,0,1,11.51960184569749,0.0868085558333333,15,5,3,5,True,2925.0,3237.510801
20260225_280,ORX,77,3,high K+,treatment,fast,chorus_norm,own_floor,5,0,0.0,0.0868085558333333,15,5,3,5,True,2925.0,3237.510801
20260225_280,ORX,77,3,high K+,treatment,fast,chorus_norm,baseline_floor,3,1,11.51960184569749,0.0868085558333333,15,5,3,5,True,2925.0,3237.510801
20260225_280,ORX,77,3,high K+,treatment,fast,chorus_gain_norm,unfloored,0,0,0.0,0.0868085558333333,15,5,3,5,True,2925.0,3237.510801
20260225_280,ORX,77,3,high K+,treatment,fast,chorus_gain_norm,own_floor,5,0,0.0,0.0868085558333333,15,5,3,5,True,2925.0,3237.510801
20260225_280,ORX,77,3,high K+,treatment,fast,chorus_gain_norm,baseline_floor,3,0,0.0,0.0868085558333333,15,5,3,5,True,2925.0,3237.510801
20260225_280,ORX,77,3,high K+,treatment,slow,coact,tuned,6,0,0.0,0.0868085558333333,15,5,3,5,True,2925.0,3237.510801
20260225_280,ORX,77,3,high K+,treatment,slow,coact,own_floor,5,0,0.0,0.0868085558333333,15,5,3,5,True,2925.0,3237.510801
20260225_280,ORX,77,3,high K+,treatment,slow,coact,baseline_floor,3,4,46.07840738278996,0.0868085558333333,15,5,3,5,True,2925.0,3237.510801
20260225_280,ORX,77,3,high K+,treatment,slow,chorus_norm,unfloored,0,1,11.51960184569749,0.0868085558333333,15,5,3,5,True,2925.0,3237.510801
20260225_280,ORX,77,3,high K+,treatment,slow,chorus_norm,own_floor,5,0,0.0,0.0868085558333333,15,5,3,5,True,2925.0,3237.510801
20260225_280,ORX,77,3,high K+,treatment,slow,chorus_norm,baseline_floor,3,1,11.51960184569749,0.0868085558333333,15,5,3,5,True,2925.0,3237.510801
20260225_280,ORX,77,3,high K+,treatment,slow,chorus_gain_norm,unfloored,0,0,0.0,0.0868085558333333,15,5,3,5,True,2925.0,3237.510801
20260225_280,ORX,77,3,high K+,treatment,slow,chorus_gain_norm,own_floor,5,0,0.0,0.0868085558333333,15,5,3,5,True,2925.0,3237.510801
20260225_280,ORX,77,3,high K+,treatment,slow,chorus_gain_norm,baseline_floor,3,0,0.0,0.0868085558333333,15,5,3,5,True,2925.0,3237.510801
20260225_280,ORX,77,3,high K+,treatment,combined,coact,tuned,4,2,23.03920369139498,0.0868085558333333,15,7,3,7,True,2925.0,3237.510801
20260225_280,ORX,77,3,high K+,treatment,combined,coact,own_floor,7,0,0.0,0.0868085558333333,15,7,3,7,True,2925.0,3237.510801
20260225_280,ORX,77,3,high K+,treatment,combined,coact,baseline_floor,3,2,23.03920369139498,0.0868085558333333,15,7,3,7,True,2925.0,3237.510801
20260225_280,ORX,77,3,high K+,treatment,combined,chorus_norm,unfloored,0,2,23.03920369139498,0.0868085558333333,15,7,3,7,True,2925.0,3237.510801
20260225_280,ORX,77,3,high K+,treatment,combined,chorus_norm,own_floor,7,0,0.0,0.0868085558333333,15,7,3,7,True,2925.0,3237.510801
20260225_280,ORX,77,3,high K+,treatment,combined,chorus_norm,baseline_floor,3,2,23.03920369139498,0.0868085558333333,15,7,3,7,True,2925.0,3237.510801
20260225_280,ORX,77,3,high K+,treatment,combined,chorus_gain_norm,unfloored,0,2,23.03920369139498,0.0868085558333333,15,7,3,7,True,2925.0,3237.510801
20260225_280,ORX,77,3,high K+,treatment,combined,chorus_gain_norm,own_floor,7,0,0.0,0.0868085558333333,15,7,3,7,True,2925.0,3237.510801
20260225_280,ORX,77,3,high K+,treatment,combined,chorus_gain_norm,baseline_floor,3,2,23.03920369139498,0.0868085558333333,15,7,3,7,True,2925.0,3237.510801
20260226_282,OVX,78,1,baseline,baseline,fast,coact,tuned,3,0,0.0,0.3333333333333333,16,5,5,5,True,0.0,1200.0
20260226_282,OVX,78,1,baseline,baseline,fast,coact,own_floor,5,0,0.0,0.3333333333333333,16,5,5,5,True,0.0,1200.0
20260226_282,OVX,78,1,baseline,baseline,fast,coact,baseline_floor,5,0,0.0,0.3333333333333333,16,5,5,5,True,0.0,1200.0
20260226_282,OVX,78,1,baseline,baseline,fast,chorus_norm,unfloored,0,6,18.0,0.3333333333333333,16,5,5,5,True,0.0,1200.0
20260226_282,OVX,78,1,baseline,baseline,fast,chorus_norm,own_floor,5,0,0.0,0.3333333333333333,16,5,5,5,True,0.0,1200.0
20260226_282,OVX,78,1,baseline,baseline,fast,chorus_norm,baseline_floor,5,0,0.0,0.3333333333333333,16,5,5,5,True,0.0,1200.0
20260226_282,OVX,78,1,baseline,baseline,fast,chorus_gain_norm,unfloored,0,2,6.0,0.3333333333333333,16,5,5,5,True,0.0,1200.0
20260226_282,OVX,78,1,baseline,baseline,fast,chorus_gain_norm,own_floor,5,0,0.0,0.3333333333333333,16,5,5,5,True,0.0,1200.0
20260226_282,OVX,78,1,baseline,baseline,fast,chorus_gain_norm,baseline_floor,5,0,0.0,0.3333333333333333,16,5,5,5,True,0.0,1200.0
20260226_282,OVX,78,1,baseline,baseline,slow,coact,tuned,6,0,0.0,0.3333333333333333,16,3,3,3,True,0.0,1200.0
20260226_282,OVX,78,1,baseline,baseline,slow,coact,own_floor,3,0,0.0,0.3333333333333333,16,3,3,3,True,0.0,1200.0
20260226_282,OVX,78,1,baseline,baseline,slow,coact,baseline_floor,3,0,0.0,0.3333333333333333,16,3,3,3,True,0.0,1200.0
20260226_282,OVX,78,1,baseline,baseline,slow,chorus_norm,unfloored,0,0,0.0,0.3333333333333333,16,3,3,3,True,0.0,1200.0
20260226_282,OVX,78,1,baseline,baseline,slow,chorus_norm,own_floor,3,0,0.0,0.3333333333333333,16,3,3,3,True,0.0,1200.0
20260226_282,OVX,78,1,baseline,baseline,slow,chorus_norm,baseline_floor,3,0,0.0,0.3333333333333333,16,3,3,3,True,0.0,1200.0
20260226_282,OVX,78,1,baseline,baseline,slow,chorus_gain_norm,unfloored,0,0,0.0,0.3333333333333333,16,3,3,3,True,0.0,1200.0
20260226_282,OVX,78,1,baseline,baseline,slow,chorus_gain_norm,own_floor,3,0,0.0,0.3333333333333333,16,3,3,3,True,0.0,1200.0
20260226_282,OVX,78,1,baseline,baseline,slow,chorus_gain_norm,baseline_floor,3,0,0.0,0.3333333333333333,16,3,3,3,True,0.0,1200.0
20260226_282,OVX,78,1,baseline,baseline,combined,coact,tuned,4,0,0.0,0.3333333333333333,16,5,5,5,True,0.0,1200.0
20260226_282,OVX,78,1,baseline,baseline,combined,coact,own_floor,5,0,0.0,0.3333333333333333,16,5,5,5,True,0.0,1200.0
20260226_282,OVX,78,1,baseline,baseline,combined,coact,baseline_floor,5,0,0.0,0.3333333333333333,16,5,5,5,True,0.0,1200.0
20260226_282,OVX,78,1,baseline,baseline,combined,chorus_norm,unfloored,0,7,21.0,0.3333333333333333,16,5,5,5,True,0.0,1200.0
20260226_282,OVX,78,1,baseline,baseline,combined,chorus_norm,own_floor,5,0,0.0,0.3333333333333333,16,5,5,5,True,0.0,1200.0
20260226_282,OVX,78,1,baseline,baseline,combined,chorus_norm,baseline_floor,5,0,0.0,0.3333333333333333,16,5,5,5,True,0.0,1200.0
20260226_282,OVX,78,1,baseline,baseline,combined,chorus_gain_norm,unfloored,0,1,3.0,0.3333333333333333,16,5,5,5,True,0.0,1200.0
20260226_282,OVX,78,1,baseline,baseline,combined,chorus_gain_norm,own_floor,5,0,0.0,0.3333333333333333,16,5,5,5,True,0.0,1200.0
20260226_282,OVX,78,1,baseline,baseline,combined,chorus_gain_norm,baseline_floor,5,0,0.0,0.3333333333333333,16,5,5,5,True,0.0,1200.0
20260226_282,OVX,78,2,TTX,treatment,fast,coact,tuned,3,0,0.0,0.3333333333333333,16,5,5,5,True,1320.0,2520.0
20260226_282,OVX,78,2,TTX,treatment,fast,coact,own_floor,5,0,0.0,0.3333333333333333,16,5,5,5,True,1320.0,2520.0
20260226_282,OVX,78,2,TTX,treatment,fast,coact,baseline_floor,5,0,0.0,0.3333333333333333,16,5,5,5,True,1320.0,2520.0
20260226_282,OVX,78,2,TTX,treatment,fast,chorus_norm,unfloored,0,2,6.0,0.3333333333333333,16,5,5,5,True,1320.0,2520.0
20260226_282,OVX,78,2,TTX,treatment,fast,chorus_norm,own_floor,5,0,0.0,0.3333333333333333,16,5,5,5,True,1320.0,2520.0
20260226_282,OVX,78,2,TTX,treatment,fast,chorus_norm,baseline_floor,5,0,0.0,0.3333333333333333,16,5,5,5,True,1320.0,2520.0
20260226_282,OVX,78,2,TTX,treatment,fast,chorus_gain_norm,unfloored,0,0,0.0,0.3333333333333333,16,5,5,5,True,1320.0,2520.0
20260226_282,OVX,78,2,TTX,treatment,fast,chorus_gain_norm,own_floor,5,0,0.0,0.3333333333333333,16,5,5,5,True,1320.0,2520.0
20260226_282,OVX,78,2,TTX,treatment,fast,chorus_gain_norm,baseline_floor,5,0,0.0,0.3333333333333333,16,5,5,5,True,1320.0,2520.0
20260226_282,OVX,78,2,TTX,treatment,slow,coact,tuned,6,0,0.0,0.3333333333333333,16,3,3,3,True,1320.0,2520.0
20260226_282,OVX,78,2,TTX,treatment,slow,coact,own_floor,3,1,3.0,0.3333333333333333,16,3,3,3,True,1320.0,2520.0
20260226_282,OVX,78,2,TTX,treatment,slow,coact,baseline_floor,3,1,3.0,0.3333333333333333,16,3,3,3,True,1320.0,2520.0
20260226_282,OVX,78,2,TTX,treatment,slow,chorus_norm,unfloored,0,1,3.0,0.3333333333333333,16,3,3,3,True,1320.0,2520.0
20260226_282,OVX,78,2,TTX,treatment,slow,chorus_norm,own_floor,3,1,3.0,0.3333333333333333,16,3,3,3,True,1320.0,2520.0
20260226_282,OVX,78,2,TTX,treatment,slow,chorus_norm,baseline_floor,3,1,3.0,0.3333333333333333,16,3,3,3,True,1320.0,2520.0
20260226_282,OVX,78,2,TTX,treatment,slow,chorus_gain_norm,unfloored,0,1,3.0,0.3333333333333333,16,3,3,3,True,1320.0,2520.0
20260226_282,OVX,78,2,TTX,treatment,slow,chorus_gain_norm,own_floor,3,1,3.0,0.3333333333333333,16,3,3,3,True,1320.0,2520.0
20260226_282,OVX,78,2,TTX,treatment,slow,chorus_gain_norm,baseline_floor,3,1,3.0,0.3333333333333333,16,3,3,3,True,1320.0,2520.0
20260226_282,OVX,78,2,TTX,treatment,combined,coact,tuned,4,1,3.0,0.3333333333333333,16,5,5,5,True,1320.0,2520.0
20260226_282,OVX,78,2,TTX,treatment,combined,coact,own_floor,5,1,3.0,0.3333333333333333,16,5,5,5,True,1320.0,2520.0
20260226_282,OVX,78,2,TTX,treatment,combined,coact,baseline_floor,5,1,3.0,0.3333333333333333,16,5,5,5,True,1320.0,2520.0
20260226_282,OVX,78,2,TTX,treatment,combined,chorus_norm,unfloored,0,3,9.0,0.3333333333333333,16,5,5,5,True,1320.0,2520.0
20260226_282,OVX,78,2,TTX,treatment,combined,chorus_norm,own_floor,5,1,3.0,0.3333333333333333,16,5,5,5,True,1320.0,2520.0
20260226_282,OVX,78,2,TTX,treatment,combined,chorus_norm,baseline_floor,5,1,3.0,0.3333333333333333,16,5,5,5,True,1320.0,2520.0
20260226_282,OVX,78,2,TTX,treatment,combined,chorus_gain_norm,unfloored,0,1,3.0,0.3333333333333333,16,5,5,5,True,1320.0,2520.0
20260226_282,OVX,78,2,TTX,treatment,combined,chorus_gain_norm,own_floor,5,1,3.0,0.3333333333333333,16,5,5,5,True,1320.0,2520.0
20260226_282,OVX,78,2,TTX,treatment,combined,chorus_gain_norm,baseline_floor,5,1,3.0,0.3333333333333333,16,5,5,5,True,1320.0,2520.0
20260226_282,OVX,78,3,high K+,treatment,fast,coact,tuned,3,0,0.0,0.14522522250000003,16,6,5,6,True,2700.0,3222.810801
20260226_282,OVX,78,3,high K+,treatment,fast,coact,own_floor,6,0,0.0,0.14522522250000003,16,6,5,6,True,2700.0,3222.810801
20260226_282,OVX,78,3,high K+,treatment,fast,coact,baseline_floor,5,0,0.0,0.14522522250000003,16,6,5,6,True,2700.0,3222.810801
20260226_282,OVX,78,3,high K+,treatment,fast,chorus_norm,unfloored,0,6,41.315137251726355,0.14522522250000003,16,6,5,6,True,2700.0,3222.810801
20260226_282,OVX,78,3,high K+,treatment,fast,chorus_norm,own_floor,6,0,0.0,0.14522522250000003,16,6,5,6,True,2700.0,3222.810801
20260226_282,OVX,78,3,high K+,treatment,fast,chorus_norm,baseline_floor,5,0,0.0,0.14522522250000003,16,6,5,6,True,2700.0,3222.810801
20260226_282,OVX,78,3,high K+,treatment,fast,chorus_gain_norm,unfloored,0,0,0.0,0.14522522250000003,16,6,5,6,True,2700.0,3222.810801
20260226_282,OVX,78,3,high K+,treatment,fast,chorus_gain_norm,own_floor,6,0,0.0,0.14522522250000003,16,6,5,6,True,2700.0,3222.810801
20260226_282,OVX,78,3,high K+,treatment,fast,chorus_gain_norm,baseline_floor,5,0,0.0,0.14522522250000003,16,6,5,6,True,2700.0,3222.810801
20260226_282,OVX,78,3,high K+,treatment,slow,coact,tuned,6,3,20.657568625863178,0.14522522250000003,16,7,3,7,True,2700.0,3222.810801
20260226_282,OVX,78,3,high K+,treatment,slow,coact,own_floor,7,3,20.657568625863178,0.14522522250000003,16,7,3,7,True,2700.0,3222.810801
20260226_282,OVX,78,3,high K+,treatment,slow,coact,baseline_floor,3,5,34.4292810431053,0.14522522250000003,16,7,3,7,True,2700.0,3222.810801
20260226_282,OVX,78,3,high K+,treatment,slow,chorus_norm,unfloored,0,6,41.315137251726355,0.14522522250000003,16,7,3,7,True,2700.0,3222.810801
20260226_282,OVX,78,3,high K+,treatment,slow,chorus_norm,own_floor,7,2,13.771712417242119,0.14522522250000003,16,7,3,7,True,2700.0,3222.810801
20260226_282,OVX,78,3,high K+,treatment,slow,chorus_norm,baseline_floor,3,5,34.4292810431053,0.14522522250000003,16,7,3,7,True,2700.0,3222.810801
20260226_282,OVX,78,3,high K+,treatment,slow,chorus_gain_norm,unfloored,0,4,27.543424834484238,0.14522522250000003,16,7,3,7,True,2700.0,3222.810801
20260226_282,OVX,78,3,high K+,treatment,slow,chorus_gain_norm,own_floor,7,2,13.771712417242119,0.14522522250000003,16,7,3,7,True,2700.0,3222.810801
20260226_282,OVX,78,3,high K+,treatment,slow,chorus_gain_norm,baseline_floor,3,4,27.543424834484238,0.14522522250000003,16,7,3,7,True,2700.0,3222.810801
20260226_282,OVX,78,3,high K+,treatment,combined,coact,tuned,4,4,27.543424834484238,0.14522522250000003,16,8,5,8,True,2700.0,3222.810801
20260226_282,OVX,78,3,high K+,treatment,combined,coact,own_floor,8,2,13.771712417242119,0.14522522250000003,16,8,5,8,True,2700.0,3222.810801
20260226_282,OVX,78,3,high K+,treatment,combined,coact,baseline_floor,5,4,27.543424834484238,0.14522522250000003,16,8,5,8,True,2700.0,3222.810801
20260226_282,OVX,78,3,high K+,treatment,combined,chorus_norm,unfloored,0,8,55.086849668968476,0.14522522250000003,16,8,5,8,True,2700.0,3222.810801
20260226_282,OVX,78,3,high K+,treatment,combined,chorus_norm,own_floor,8,2,13.771712417242119,0.14522522250000003,16,8,5,8,True,2700.0,3222.810801
20260226_282,OVX,78,3,high K+,treatment,combined,chorus_norm,baseline_floor,5,6,41.315137251726355,0.14522522250000003,16,8,5,8,True,2700.0,3222.810801
20260226_282,OVX,78,3,high K+,treatment,combined,chorus_gain_norm,unfloored,0,5,34.4292810431053,0.14522522250000003,16,8,5,8,True,2700.0,3222.810801
20260226_282,OVX,78,3,high K+,treatment,combined,chorus_gain_norm,own_floor,8,2,13.771712417242119,0.14522522250000003,16,8,5,8,True,2700.0,3222.810801
20260226_282,OVX,78,3,high K+,treatment,combined,chorus_gain_norm,baseline_floor,5,5,34.4292810431053,0.14522522250000003,16,8,5,8,True,2700.0,3222.810801
20260226_285,OVX,78,1,baseline,baseline,fast,coact,tuned,3,1,3.1578947368421053,0.31666666666666665,27,3,3,3,True,0.0,1140.0
20260226_285,OVX,78,1,baseline,baseline,fast,coact,own_floor,3,1,3.1578947368421053,0.31666666666666665,27,3,3,3,True,0.0,1140.0
20260226_285,OVX,78,1,baseline,baseline,fast,coact,baseline_floor,3,1,3.1578947368421053,0.31666666666666665,27,3,3,3,True,0.0,1140.0
20260226_285,OVX,78,1,baseline,baseline,fast,chorus_norm,unfloored,0,1,3.1578947368421053,0.31666666666666665,27,3,3,3,True,0.0,1140.0
20260226_285,OVX,78,1,baseline,baseline,fast,chorus_norm,own_floor,3,1,3.1578947368421053,0.31666666666666665,27,3,3,3,True,0.0,1140.0
20260226_285,OVX,78,1,baseline,baseline,fast,chorus_norm,baseline_floor,3,1,3.1578947368421053,0.31666666666666665,27,3,3,3,True,0.0,1140.0
20260226_285,OVX,78,1,baseline,baseline,fast,chorus_gain_norm,unfloored,0,0,0.0,0.31666666666666665,27,3,3,3,True,0.0,1140.0
20260226_285,OVX,78,1,baseline,baseline,fast,chorus_gain_norm,own_floor,3,0,0.0,0.31666666666666665,27,3,3,3,True,0.0,1140.0
20260226_285,OVX,78,1,baseline,baseline,fast,chorus_gain_norm,baseline_floor,3,0,0.0,0.31666666666666665,27,3,3,3,True,0.0,1140.0
20260226_285,OVX,78,1,baseline,baseline,slow,coact,tuned,6,0,0.0,0.31666666666666665,27,3,3,3,True,0.0,1140.0
20260226_285,OVX,78,1,baseline,baseline,slow,coact,own_floor,3,0,0.0,0.31666666666666665,27,3,3,3,True,0.0,1140.0
20260226_285,OVX,78,1,baseline,baseline,slow,coact,baseline_floor,3,0,0.0,0.31666666666666665,27,3,3,3,True,0.0,1140.0
20260226_285,OVX,78,1,baseline,baseline,slow,chorus_norm,unfloored,0,0,0.0,0.31666666666666665,27,3,3,3,True,0.0,1140.0
20260226_285,OVX,78,1,baseline,baseline,slow,chorus_norm,own_floor,3,0,0.0,0.31666666666666665,27,3,3,3,True,0.0,1140.0
20260226_285,OVX,78,1,baseline,baseline,slow,chorus_norm,baseline_floor,3,0,0.0,0.31666666666666665,27,3,3,3,True,0.0,1140.0
20260226_285,OVX,78,1,baseline,baseline,slow,chorus_gain_norm,unfloored,0,0,0.0,0.31666666666666665,27,3,3,3,True,0.0,1140.0
20260226_285,OVX,78,1,baseline,baseline,slow,chorus_gain_norm,own_floor,3,0,0.0,0.31666666666666665,27,3,3,3,True,0.0,1140.0
20260226_285,OVX,78,1,baseline,baseline,slow,chorus_gain_norm,baseline_floor,3,0,0.0,0.31666666666666665,27,3,3,3,True,0.0,1140.0
20260226_285,OVX,78,1,baseline,baseline,combined,coact,tuned,4,0,0.0,0.31666666666666665,27,4,4,4,True,0.0,1140.0
20260226_285,OVX,78,1,baseline,baseline,combined,coact,own_floor,4,0,0.0,0.31666666666666665,27,4,4,4,True,0.0,1140.0
20260226_285,OVX,78,1,baseline,baseline,combined,coact,baseline_floor,4,0,0.0,0.31666666666666665,27,4,4,4,True,0.0,1140.0
20260226_285,OVX,78,1,baseline,baseline,combined,chorus_norm,unfloored,0,0,0.0,0.31666666666666665,27,4,4,4,True,0.0,1140.0
20260226_285,OVX,78,1,baseline,baseline,combined,chorus_norm,own_floor,4,0,0.0,0.31666666666666665,27,4,4,4,True,0.0,1140.0
20260226_285,OVX,78,1,baseline,baseline,combined,chorus_norm,baseline_floor,4,0,0.0,0.31666666666666665,27,4,4,4,True,0.0,1140.0
20260226_285,OVX,78,1,baseline,baseline,combined,chorus_gain_norm,unfloored,0,0,0.0,0.31666666666666665,27,4,4,4,True,0.0,1140.0
20260226_285,OVX,78,1,baseline,baseline,combined,chorus_gain_norm,own_floor,4,0,0.0,0.31666666666666665,27,4,4,4,True,0.0,1140.0
20260226_285,OVX,78,1,baseline,baseline,combined,chorus_gain_norm,baseline_floor,4,0,0.0,0.31666666666666665,27,4,4,4,True,0.0,1140.0
20260226_285,OVX,78,2,senktide,treatment,fast,coact,tuned,3,14,42.0,0.3333333333333333,27,25,3,25,True,1260.0,2460.0
20260226_285,OVX,78,2,senktide,treatment,fast,coact,own_floor,25,1,3.0,0.3333333333333333,27,25,3,25,True,1260.0,2460.0
20260226_285,OVX,78,2,senktide,treatment,fast,coact,baseline_floor,3,14,42.0,0.3333333333333333,27,25,3,25,True,1260.0,2460.0
20260226_285,OVX,78,2,senktide,treatment,fast,chorus_norm,unfloored,0,15,45.0,0.3333333333333333,27,25,3,25,True,1260.0,2460.0
20260226_285,OVX,78,2,senktide,treatment,fast,chorus_norm,own_floor,25,0,0.0,0.3333333333333333,27,25,3,25,True,1260.0,2460.0
20260226_285,OVX,78,2,senktide,treatment,fast,chorus_norm,baseline_floor,3,15,45.0,0.3333333333333333,27,25,3,25,True,1260.0,2460.0
20260226_285,OVX,78,2,senktide,treatment,fast,chorus_gain_norm,unfloored,0,3,9.0,0.3333333333333333,27,25,3,25,True,1260.0,2460.0
20260226_285,OVX,78,2,senktide,treatment,fast,chorus_gain_norm,own_floor,25,0,0.0,0.3333333333333333,27,25,3,25,True,1260.0,2460.0
20260226_285,OVX,78,2,senktide,treatment,fast,chorus_gain_norm,baseline_floor,3,3,9.0,0.3333333333333333,27,25,3,25,True,1260.0,2460.0
20260226_285,OVX,78,2,senktide,treatment,slow,coact,tuned,6,9,27.0,0.3333333333333333,27,9,3,9,True,1260.0,2460.0
20260226_285,OVX,78,2,senktide,treatment,slow,coact,own_floor,9,6,18.0,0.3333333333333333,27,9,3,9,True,1260.0,2460.0
20260226_285,OVX,78,2,senktide,treatment,slow,coact,baseline_floor,3,13,39.0,0.3333333333333333,27,9,3,9,True,1260.0,2460.0
20260226_285,OVX,78,2,senktide,treatment,slow,chorus_norm,unfloored,0,8,24.0,0.3333333333333333,27,9,3,9,True,1260.0,2460.0
20260226_285,OVX,78,2,senktide,treatment,slow,chorus_norm,own_floor,9,3,9.0,0.3333333333333333,27,9,3,9,True,1260.0,2460.0
20260226_285,OVX,78,2,senktide,treatment,slow,chorus_norm,baseline_floor,3,8,24.0,0.3333333333333333,27,9,3,9,True,1260.0,2460.0
20260226_285,OVX,78,2,senktide,treatment,slow,chorus_gain_norm,unfloored,0,6,18.0,0.3333333333333333,27,9,3,9,True,1260.0,2460.0
20260226_285,OVX,78,2,senktide,treatment,slow,chorus_gain_norm,own_floor,9,2,6.0,0.3333333333333333,27,9,3,9,True,1260.0,2460.0
20260226_285,OVX,78,2,senktide,treatment,slow,chorus_gain_norm,baseline_floor,3,5,15.0,0.3333333333333333,27,9,3,9,True,1260.0,2460.0
20260226_285,OVX,78,2,senktide,treatment,combined,coact,tuned,4,21,63.0,0.3333333333333333,27,25,4,25,True,1260.0,2460.0
20260226_285,OVX,78,2,senktide,treatment,combined,coact,own_floor,25,2,6.0,0.3333333333333333,27,25,4,25,True,1260.0,2460.0
20260226_285,OVX,78,2,senktide,treatment,combined,coact,baseline_floor,4,21,63.0,0.3333333333333333,27,25,4,25,True,1260.0,2460.0
20260226_285,OVX,78,2,senktide,treatment,combined,chorus_norm,unfloored,0,36,108.0,0.3333333333333333,27,25,4,25,True,1260.0,2460.0
20260226_285,OVX,78,2,senktide,treatment,combined,chorus_norm,own_floor,25,0,0.0,0.3333333333333333,27,25,4,25,True,1260.0,2460.0
20260226_285,OVX,78,2,senktide,treatment,combined,chorus_norm,baseline_floor,4,36,108.0,0.3333333333333333,27,25,4,25,True,1260.0,2460.0
20260226_285,OVX,78,2,senktide,treatment,combined,chorus_gain_norm,unfloored,0,34,102.0,0.3333333333333333,27,25,4,25,True,1260.0,2460.0
20260226_285,OVX,78,2,senktide,treatment,combined,chorus_gain_norm,own_floor,25,0,0.0,0.3333333333333333,27,25,4,25,True,1260.0,2460.0
20260226_285,OVX,78,2,senktide,treatment,combined,chorus_gain_norm,baseline_floor,4,34,102.0,0.3333333333333333,27,25,4,25,True,1260.0,2460.0
20260226_285,OVX,78,3,high K+,treatment,fast,coact,tuned,3,4,24.619138465866698,0.1624752225,27,24,3,24,False,2760.0,3344.910801
20260226_285,OVX,78,3,high K+,treatment,fast,coact,own_floor,24,2,12.309569232933349,0.1624752225,27,24,3,24,False,2760.0,3344.910801
20260226_285,OVX,78,3,high K+,treatment,fast,coact,baseline_floor,3,4,24.619138465866698,0.1624752225,27,24,3,24,False,2760.0,3344.910801
20260226_285,OVX,78,3,high K+,treatment,fast,chorus_norm,unfloored,0,1,6.154784616466674,0.1624752225,27,24,3,24,False,2760.0,3344.910801
20260226_285,OVX,78,3,high K+,treatment,fast,chorus_norm,own_floor,24,0,0.0,0.1624752225,27,24,3,24,False,2760.0,3344.910801
20260226_285,OVX,78,3,high K+,treatment,fast,chorus_norm,baseline_floor,3,1,6.154784616466674,0.1624752225,27,24,3,24,False,2760.0,3344.910801
20260226_285,OVX,78,3,high K+,treatment,fast,chorus_gain_norm,unfloored,0,1,6.154784616466674,0.1624752225,27,24,3,24,False,2760.0,3344.910801
20260226_285,OVX,78,3,high K+,treatment,fast,chorus_gain_norm,own_floor,24,0,0.0,0.1624752225,27,24,3,24,False,2760.0,3344.910801
20260226_285,OVX,78,3,high K+,treatment,fast,chorus_gain_norm,baseline_floor,3,1,6.154784616466674,0.1624752225,27,24,3,24,False,2760.0,3344.910801
20260226_285,OVX,78,3,high K+,treatment,slow,coact,tuned,6,6,36.928707698800046,0.1624752225,27,8,3,8,True,2760.0,3344.910801
20260226_285,OVX,78,3,high K+,treatment,slow,coact,own_floor,8,2,12.309569232933349,0.1624752225,27,8,3,8,True,2760.0,3344.910801
20260226_285,OVX,78,3,high K+,treatment,slow,coact,baseline_floor,3,10,61.547846164666744,0.1624752225,27,8,3,8,True,2760.0,3344.910801
20260226_285,OVX,78,3,high K+,treatment,slow,chorus_norm,unfloored,0,7,43.08349231526672,0.1624752225,27,8,3,8,True,2760.0,3344.910801
20260226_285,OVX,78,3,high K+,treatment,slow,chorus_norm,own_floor,8,1,6.154784616466674,0.1624752225,27,8,3,8,True,2760.0,3344.910801
20260226_285,OVX,78,3,high K+,treatment,slow,chorus_norm,baseline_floor,3,7,43.08349231526672,0.1624752225,27,8,3,8,True,2760.0,3344.910801
20260226_285,OVX,78,3,high K+,treatment,slow,chorus_gain_norm,unfloored,0,3,18.464353849400023,0.1624752225,27,8,3,8,True,2760.0,3344.910801
20260226_285,OVX,78,3,high K+,treatment,slow,chorus_gain_norm,own_floor,8,1,6.154784616466674,0.1624752225,27,8,3,8,True,2760.0,3344.910801
20260226_285,OVX,78,3,high K+,treatment,slow,chorus_gain_norm,baseline_floor,3,3,18.464353849400023,0.1624752225,27,8,3,8,True,2760.0,3344.910801
20260226_285,OVX,78,3,high K+,treatment,combined,coact,tuned,4,7,43.08349231526672,0.1624752225,27,25,4,25,True,2760.0,3344.910801
20260226_285,OVX,78,3,high K+,treatment,combined,coact,own_floor,25,0,0.0,0.1624752225,27,25,4,25,True,2760.0,3344.910801
20260226_285,OVX,78,3,high K+,treatment,combined,coact,baseline_floor,4,7,43.08349231526672,0.1624752225,27,25,4,25,True,2760.0,3344.910801
20260226_285,OVX,78,3,high K+,treatment,combined,chorus_norm,unfloored,0,6,36.928707698800046,0.1624752225,27,25,4,25,True,2760.0,3344.910801
20260226_285,OVX,78,3,high K+,treatment,combined,chorus_norm,own_floor,25,0,0.0,0.1624752225,27,25,4,25,True,2760.0,3344.910801
20260226_285,OVX,78,3,high K+,treatment,combined,chorus_norm,baseline_floor,4,6,36.928707698800046,0.1624752225,27,25,4,25,True,2760.0,3344.910801
20260226_285,OVX,78,3,high K+,treatment,combined,chorus_gain_norm,unfloored,0,6,36.928707698800046,0.1624752225,27,25,4,25,True,2760.0,3344.910801
20260226_285,OVX,78,3,high K+,treatment,combined,chorus_gain_norm,own_floor,25,0,0.0,0.1624752225,27,25,4,25,True,2760.0,3344.910801
20260226_285,OVX,78,3,high K+,treatment,combined,chorus_gain_norm,baseline_floor,4,6,36.928707698800046,0.1624752225,27,25,4,25,True,2760.0,3344.910801
20260226_287,OVX,78,1,baseline,baseline,fast,coact,tuned,3,0,0.0,0.3333333333333333,15,9,9,9,True,180.0,1380.0
20260226_287,OVX,78,1,baseline,baseline,fast,coact,own_floor,9,0,0.0,0.3333333333333333,15,9,9,9,True,180.0,1380.0
20260226_287,OVX,78,1,baseline,baseline,fast,coact,baseline_floor,9,0,0.0,0.3333333333333333,15,9,9,9,True,180.0,1380.0
20260226_287,OVX,78,1,baseline,baseline,fast,chorus_norm,unfloored,0,6,18.0,0.3333333333333333,15,9,9,9,True,180.0,1380.0
20260226_287,OVX,78,1,baseline,baseline,fast,chorus_norm,own_floor,9,0,0.0,0.3333333333333333,15,9,9,9,True,180.0,1380.0
20260226_287,OVX,78,1,baseline,baseline,fast,chorus_norm,baseline_floor,9,0,0.0,0.3333333333333333,15,9,9,9,True,180.0,1380.0
20260226_287,OVX,78,1,baseline,baseline,fast,chorus_gain_norm,unfloored,0,0,0.0,0.3333333333333333,15,9,9,9,True,180.0,1380.0
20260226_287,OVX,78,1,baseline,baseline,fast,chorus_gain_norm,own_floor,9,0,0.0,0.3333333333333333,15,9,9,9,True,180.0,1380.0
20260226_287,OVX,78,1,baseline,baseline,fast,chorus_gain_norm,baseline_floor,9,0,0.0,0.3333333333333333,15,9,9,9,True,180.0,1380.0
20260226_287,OVX,78,1,baseline,baseline,slow,coact,tuned,6,0,0.0,0.3333333333333333,15,5,5,5,True,180.0,1380.0
20260226_287,OVX,78,1,baseline,baseline,slow,coact,own_floor,5,0,0.0,0.3333333333333333,15,5,5,5,True,180.0,1380.0
20260226_287,OVX,78,1,baseline,baseline,slow,coact,baseline_floor,5,0,0.0,0.3333333333333333,15,5,5,5,True,180.0,1380.0
20260226_287,OVX,78,1,baseline,baseline,slow,chorus_norm,unfloored,0,1,3.0,0.3333333333333333,15,5,5,5,True,180.0,1380.0
20260226_287,OVX,78,1,baseline,baseline,slow,chorus_norm,own_floor,5,0,0.0,0.3333333333333333,15,5,5,5,True,180.0,1380.0
20260226_287,OVX,78,1,baseline,baseline,slow,chorus_norm,baseline_floor,5,0,0.0,0.3333333333333333,15,5,5,5,True,180.0,1380.0
20260226_287,OVX,78,1,baseline,baseline,slow,chorus_gain_norm,unfloored,0,0,0.0,0.3333333333333333,15,5,5,5,True,180.0,1380.0
20260226_287,OVX,78,1,baseline,baseline,slow,chorus_gain_norm,own_floor,5,0,0.0,0.3333333333333333,15,5,5,5,True,180.0,1380.0
20260226_287,OVX,78,1,baseline,baseline,slow,chorus_gain_norm,baseline_floor,5,0,0.0,0.3333333333333333,15,5,5,5,True,180.0,1380.0
20260226_287,OVX,78,1,baseline,baseline,combined,coact,tuned,4,0,0.0,0.3333333333333333,15,9,9,9,True,180.0,1380.0
20260226_287,OVX,78,1,baseline,baseline,combined,coact,own_floor,9,0,0.0,0.3333333333333333,15,9,9,9,True,180.0,1380.0
20260226_287,OVX,78,1,baseline,baseline,combined,coact,baseline_floor,9,0,0.0,0.3333333333333333,15,9,9,9,True,180.0,1380.0
20260226_287,OVX,78,1,baseline,baseline,combined,chorus_norm,unfloored,0,19,57.0,0.3333333333333333,15,9,9,9,True,180.0,1380.0
20260226_287,OVX,78,1,baseline,baseline,combined,chorus_norm,own_floor,9,0,0.0,0.3333333333333333,15,9,9,9,True,180.0,1380.0
20260226_287,OVX,78,1,baseline,baseline,combined,chorus_norm,baseline_floor,9,0,0.0,0.3333333333333333,15,9,9,9,True,180.0,1380.0
20260226_287,OVX,78,1,baseline,baseline,combined,chorus_gain_norm,unfloored,0,4,12.0,0.3333333333333333,15,9,9,9,True,180.0,1380.0
20260226_287,OVX,78,1,baseline,baseline,combined,chorus_gain_norm,own_floor,9,0,0.0,0.3333333333333333,15,9,9,9,True,180.0,1380.0
20260226_287,OVX,78,1,baseline,baseline,combined,chorus_gain_norm,baseline_floor,9,0,0.0,0.3333333333333333,15,9,9,9,True,180.0,1380.0
20260226_287,OVX,78,2,TTX,treatment,fast,coact,tuned,3,0,0.0,0.3333333333333333,15,10,9,10,True,1500.0,2700.0
20260226_287,OVX,78,2,TTX,treatment,fast,coact,own_floor,10,0,0.0,0.3333333333333333,15,10,9,10,True,1500.0,2700.0
20260226_287,OVX,78,2,TTX,treatment,fast,coact,baseline_floor,9,0,0.0,0.3333333333333333,15,10,9,10,True,1500.0,2700.0
20260226_287,OVX,78,2,TTX,treatment,fast,chorus_norm,unfloored,0,4,12.0,0.3333333333333333,15,10,9,10,True,1500.0,2700.0
20260226_287,OVX,78,2,TTX,treatment,fast,chorus_norm,own_floor,10,0,0.0,0.3333333333333333,15,10,9,10,True,1500.0,2700.0
20260226_287,OVX,78,2,TTX,treatment,fast,chorus_norm,baseline_floor,9,0,0.0,0.3333333333333333,15,10,9,10,True,1500.0,2700.0
20260226_287,OVX,78,2,TTX,treatment,fast,chorus_gain_norm,unfloored,0,0,0.0,0.3333333333333333,15,10,9,10,True,1500.0,2700.0
20260226_287,OVX,78,2,TTX,treatment,fast,chorus_gain_norm,own_floor,10,0,0.0,0.3333333333333333,15,10,9,10,True,1500.0,2700.0
20260226_287,OVX,78,2,TTX,treatment,fast,chorus_gain_norm,baseline_floor,9,0,0.0,0.3333333333333333,15,10,9,10,True,1500.0,2700.0
20260226_287,OVX,78,2,TTX,treatment,slow,coact,tuned,6,0,0.0,0.3333333333333333,15,3,5,3,True,1500.0,2700.0
20260226_287,OVX,78,2,TTX,treatment,slow,coact,own_floor,3,1,3.0,0.3333333333333333,15,3,5,3,True,1500.0,2700.0
20260226_287,OVX,78,2,TTX,treatment,slow,coact,baseline_floor,5,0,0.0,0.3333333333333333,15,3,5,3,True,1500.0,2700.0
20260226_287,OVX,78,2,TTX,treatment,slow,chorus_norm,unfloored,0,0,0.0,0.3333333333333333,15,3,5,3,True,1500.0,2700.0
20260226_287,OVX,78,2,TTX,treatment,slow,chorus_norm,own_floor,3,0,0.0,0.3333333333333333,15,3,5,3,True,1500.0,2700.0
20260226_287,OVX,78,2,TTX,treatment,slow,chorus_norm,baseline_floor,5,0,0.0,0.3333333333333333,15,3,5,3,True,1500.0,2700.0
20260226_287,OVX,78,2,TTX,treatment,slow,chorus_gain_norm,unfloored,0,0,0.0,0.3333333333333333,15,3,5,3,True,1500.0,2700.0
20260226_287,OVX,78,2,TTX,treatment,slow,chorus_gain_norm,own_floor,3,0,0.0,0.3333333333333333,15,3,5,3,True,1500.0,2700.0
20260226_287,OVX,78,2,TTX,treatment,slow,chorus_gain_norm,baseline_floor,5,0,0.0,0.3333333333333333,15,3,5,3,True,1500.0,2700.0
20260226_287,OVX,78,2,TTX,treatment,combined,coact,tuned,4,0,0.0,0.3333333333333333,15,10,9,10,True,1500.0,2700.0
20260226_287,OVX,78,2,TTX,treatment,combined,coact,own_floor,10,0,0.0,0.3333333333333333,15,10,9,10,True,1500.0,2700.0
20260226_287,OVX,78,2,TTX,treatment,combined,coact,baseline_floor,9,0,0.0,0.3333333333333333,15,10,9,10,True,1500.0,2700.0
20260226_287,OVX,78,2,TTX,treatment,combined,chorus_norm,unfloored,0,18,54.0,0.3333333333333333,15,10,9,10,True,1500.0,2700.0
20260226_287,OVX,78,2,TTX,treatment,combined,chorus_norm,own_floor,10,0,0.0,0.3333333333333333,15,10,9,10,True,1500.0,2700.0
20260226_287,OVX,78,2,TTX,treatment,combined,chorus_norm,baseline_floor,9,0,0.0,0.3333333333333333,15,10,9,10,True,1500.0,2700.0
20260226_287,OVX,78,2,TTX,treatment,combined,chorus_gain_norm,unfloored,0,3,9.0,0.3333333333333333,15,10,9,10,True,1500.0,2700.0
20260226_287,OVX,78,2,TTX,treatment,combined,chorus_gain_norm,own_floor,10,0,0.0,0.3333333333333333,15,10,9,10,True,1500.0,2700.0
20260226_287,OVX,78,2,TTX,treatment,combined,chorus_gain_norm,baseline_floor,9,0,0.0,0.3333333333333333,15,10,9,10,True,1500.0,2700.0
20260226_287,OVX,78,3,high K+,treatment,fast,coact,tuned,3,1,11.263699439243926,0.08878077805555551,15,9,9,9,True,2760.0,3079.610801
20260226_287,OVX,78,3,high K+,treatment,fast,coact,own_floor,9,1,11.263699439243926,0.08878077805555551,15,9,9,9,True,2760.0,3079.610801
20260226_287,OVX,78,3,high K+,treatment,fast,coact,baseline_floor,9,1,11.263699439243926,0.08878077805555551,15,9,9,9,True,2760.0,3079.610801
20260226_287,OVX,78,3,high K+,treatment,fast,chorus_norm,unfloored,0,2,22.52739887848785,0.08878077805555551,15,9,9,9,True,2760.0,3079.610801
20260226_287,OVX,78,3,high K+,treatment,fast,chorus_norm,own_floor,9,0,0.0,0.08878077805555551,15,9,9,9,True,2760.0,3079.610801
20260226_287,OVX,78,3,high K+,treatment,fast,chorus_norm,baseline_floor,9,0,0.0,0.08878077805555551,15,9,9,9,True,2760.0,3079.610801
20260226_287,OVX,78,3,high K+,treatment,fast,chorus_gain_norm,unfloored,0,0,0.0,0.08878077805555551,15,9,9,9,True,2760.0,3079.610801
20260226_287,OVX,78,3,high K+,treatment,fast,chorus_gain_norm,own_floor,9,0,0.0,0.08878077805555551,15,9,9,9,True,2760.0,3079.610801
20260226_287,OVX,78,3,high K+,treatment,fast,chorus_gain_norm,baseline_floor,9,0,0.0,0.08878077805555551,15,9,9,9,True,2760.0,3079.610801
20260226_287,OVX,78,3,high K+,treatment,slow,coact,tuned,6,0,0.0,0.08878077805555551,15,6,5,6,True,2760.0,3079.610801
20260226_287,OVX,78,3,high K+,treatment,slow,coact,own_floor,6,0,0.0,0.08878077805555551,15,6,5,6,True,2760.0,3079.610801
20260226_287,OVX,78,3,high K+,treatment,slow,coact,baseline_floor,5,0,0.0,0.08878077805555551,15,6,5,6,True,2760.0,3079.610801
20260226_287,OVX,78,3,high K+,treatment,slow,chorus_norm,unfloored,0,0,0.0,0.08878077805555551,15,6,5,6,True,2760.0,3079.610801
20260226_287,OVX,78,3,high K+,treatment,slow,chorus_norm,own_floor,6,0,0.0,0.08878077805555551,15,6,5,6,True,2760.0,3079.610801
20260226_287,OVX,78,3,high K+,treatment,slow,chorus_norm,baseline_floor,5,0,0.0,0.08878077805555551,15,6,5,6,True,2760.0,3079.610801
20260226_287,OVX,78,3,high K+,treatment,slow,chorus_gain_norm,unfloored,0,0,0.0,0.08878077805555551,15,6,5,6,True,2760.0,3079.610801
20260226_287,OVX,78,3,high K+,treatment,slow,chorus_gain_norm,own_floor,6,0,0.0,0.08878077805555551,15,6,5,6,True,2760.0,3079.610801
20260226_287,OVX,78,3,high K+,treatment,slow,chorus_gain_norm,baseline_floor,5,0,0.0,0.08878077805555551,15,6,5,6,True,2760.0,3079.610801
20260226_287,OVX,78,3,high K+,treatment,combined,coact,tuned,4,1,11.263699439243926,0.08878077805555551,15,10,9,10,True,2760.0,3079.610801
20260226_287,OVX,78,3,high K+,treatment,combined,coact,own_floor,10,1,11.263699439243926,0.08878077805555551,15,10,9,10,True,2760.0,3079.610801
20260226_287,OVX,78,3,high K+,treatment,combined,coact,baseline_floor,9,1,11.263699439243926,0.08878077805555551,15,10,9,10,True,2760.0,3079.610801
20260226_287,OVX,78,3,high K+,treatment,combined,chorus_norm,unfloored,0,4,45.0547977569757,0.08878077805555551,15,10,9,10,True,2760.0,3079.610801
20260226_287,OVX,78,3,high K+,treatment,combined,chorus_norm,own_floor,10,0,0.0,0.08878077805555551,15,10,9,10,True,2760.0,3079.610801
20260226_287,OVX,78,3,high K+,treatment,combined,chorus_norm,baseline_floor,9,0,0.0,0.08878077805555551,15,10,9,10,True,2760.0,3079.610801
20260226_287,OVX,78,3,high K+,treatment,combined,chorus_gain_norm,unfloored,0,2,22.52739887848785,0.08878077805555551,15,10,9,10,True,2760.0,3079.610801
20260226_287,OVX,78,3,high K+,treatment,combined,chorus_gain_norm,own_floor,10,0,0.0,0.08878077805555551,15,10,9,10,True,2760.0,3079.610801
20260226_287,OVX,78,3,high K+,treatment,combined,chorus_gain_norm,baseline_floor,9,0,0.0,0.08878077805555551,15,10,9,10,True,2760.0,3079.610801
20260303_290,DI,79,1,baseline,baseline,fast,coact,tuned,3,21,63.0,0.3333333333333333,33,8,8,8,True,120.0,1320.0
20260303_290,DI,79,1,baseline,baseline,fast,coact,own_floor,8,16,48.0,0.3333333333333333,33,8,8,8,True,120.0,1320.0
20260303_290,DI,79,1,baseline,baseline,fast,coact,baseline_floor,8,16,48.0,0.3333333333333333,33,8,8,8,True,120.0,1320.0
20260303_290,DI,79,1,baseline,baseline,fast,chorus_norm,unfloored,0,29,87.0,0.3333333333333333,33,8,8,8,True,120.0,1320.0
20260303_290,DI,79,1,baseline,baseline,fast,chorus_norm,own_floor,8,10,30.0,0.3333333333333333,33,8,8,8,True,120.0,1320.0
20260303_290,DI,79,1,baseline,baseline,fast,chorus_norm,baseline_floor,8,10,30.0,0.3333333333333333,33,8,8,8,True,120.0,1320.0
20260303_290,DI,79,1,baseline,baseline,fast,chorus_gain_norm,unfloored,0,22,66.0,0.3333333333333333,33,8,8,8,True,120.0,1320.0
20260303_290,DI,79,1,baseline,baseline,fast,chorus_gain_norm,own_floor,8,7,21.0,0.3333333333333333,33,8,8,8,True,120.0,1320.0
20260303_290,DI,79,1,baseline,baseline,fast,chorus_gain_norm,baseline_floor,8,7,21.0,0.3333333333333333,33,8,8,8,True,120.0,1320.0
20260303_290,DI,79,1,baseline,baseline,slow,coact,tuned,6,34,102.0,0.3333333333333333,33,10,10,10,True,120.0,1320.0
20260303_290,DI,79,1,baseline,baseline,slow,coact,own_floor,10,30,90.0,0.3333333333333333,33,10,10,10,True,120.0,1320.0
20260303_290,DI,79,1,baseline,baseline,slow,coact,baseline_floor,10,30,90.0,0.3333333333333333,33,10,10,10,True,120.0,1320.0
20260303_290,DI,79,1,baseline,baseline,slow,chorus_norm,unfloored,0,28,84.0,0.3333333333333333,33,10,10,10,True,120.0,1320.0
20260303_290,DI,79,1,baseline,baseline,slow,chorus_norm,own_floor,10,24,72.0,0.3333333333333333,33,10,10,10,True,120.0,1320.0
20260303_290,DI,79,1,baseline,baseline,slow,chorus_norm,baseline_floor,10,24,72.0,0.3333333333333333,33,10,10,10,True,120.0,1320.0
20260303_290,DI,79,1,baseline,baseline,slow,chorus_gain_norm,unfloored,0,30,90.0,0.3333333333333333,33,10,10,10,True,120.0,1320.0
20260303_290,DI,79,1,baseline,baseline,slow,chorus_gain_norm,own_floor,10,23,69.0,0.3333333333333333,33,10,10,10,True,120.0,1320.0
20260303_290,DI,79,1,baseline,baseline,slow,chorus_gain_norm,baseline_floor,10,23,69.0,0.3333333333333333,33,10,10,10,True,120.0,1320.0
20260303_290,DI,79,1,baseline,baseline,combined,coact,tuned,4,33,99.0,0.3333333333333333,33,12,12,12,True,120.0,1320.0
20260303_290,DI,79,1,baseline,baseline,combined,coact,own_floor,12,30,90.0,0.3333333333333333,33,12,12,12,True,120.0,1320.0
20260303_290,DI,79,1,baseline,baseline,combined,coact,baseline_floor,12,30,90.0,0.3333333333333333,33,12,12,12,True,120.0,1320.0
20260303_290,DI,79,1,baseline,baseline,combined,chorus_norm,unfloored,0,39,117.0,0.3333333333333333,33,12,12,12,True,120.0,1320.0
20260303_290,DI,79,1,baseline,baseline,combined,chorus_norm,own_floor,12,28,84.0,0.3333333333333333,33,12,12,12,True,120.0,1320.0
20260303_290,DI,79,1,baseline,baseline,combined,chorus_norm,baseline_floor,12,28,84.0,0.3333333333333333,33,12,12,12,True,120.0,1320.0
20260303_290,DI,79,1,baseline,baseline,combined,chorus_gain_norm,unfloored,0,38,114.0,0.3333333333333333,33,12,12,12,True,120.0,1320.0
20260303_290,DI,79,1,baseline,baseline,combined,chorus_gain_norm,own_floor,12,29,87.0,0.3333333333333333,33,12,12,12,True,120.0,1320.0
20260303_290,DI,79,1,baseline,baseline,combined,chorus_gain_norm,baseline_floor,12,29,87.0,0.3333333333333333,33,12,12,12,True,120.0,1320.0
20260303_290,DI,79,2,TTX,treatment,fast,coact,tuned,3,5,15.0,0.3333333333333333,33,4,8,4,True,1440.0,2640.0
20260303_290,DI,79,2,TTX,treatment,fast,coact,own_floor,4,3,9.0,0.3333333333333333,33,4,8,4,True,1440.0,2640.0
20260303_290,DI,79,2,TTX,treatment,fast,coact,baseline_floor,8,0,0.0,0.3333333333333333,33,4,8,4,True,1440.0,2640.0
20260303_290,DI,79,2,TTX,treatment,fast,chorus_norm,unfloored,0,5,15.0,0.3333333333333333,33,4,8,4,True,1440.0,2640.0
20260303_290,DI,79,2,TTX,treatment,fast,chorus_norm,own_floor,4,1,3.0,0.3333333333333333,33,4,8,4,True,1440.0,2640.0
20260303_290,DI,79,2,TTX,treatment,fast,chorus_norm,baseline_floor,8,0,0.0,0.3333333333333333,33,4,8,4,True,1440.0,2640.0
20260303_290,DI,79,2,TTX,treatment,fast,chorus_gain_norm,unfloored,0,5,15.0,0.3333333333333333,33,4,8,4,True,1440.0,2640.0
20260303_290,DI,79,2,TTX,treatment,fast,chorus_gain_norm,own_floor,4,2,6.0,0.3333333333333333,33,4,8,4,True,1440.0,2640.0
20260303_290,DI,79,2,TTX,treatment,fast,chorus_gain_norm,baseline_floor,8,0,0.0,0.3333333333333333,33,4,8,4,True,1440.0,2640.0
20260303_290,DI,79,2,TTX,treatment,slow,coact,tuned,6,10,30.0,0.3333333333333333,33,6,10,6,True,1440.0,2640.0
20260303_290,DI,79,2,TTX,treatment,slow,coact,own_floor,6,10,30.0,0.3333333333333333,33,6,10,6,True,1440.0,2640.0
20260303_290,DI,79,2,TTX,treatment,slow,coact,baseline_floor,10,4,12.0,0.3333333333333333,33,6,10,6,True,1440.0,2640.0
20260303_290,DI,79,2,TTX,treatment,slow,chorus_norm,unfloored,0,10,30.0,0.3333333333333333,33,6,10,6,True,1440.0,2640.0
20260303_290,DI,79,2,TTX,treatment,slow,chorus_norm,own_floor,6,7,21.0,0.3333333333333333,33,6,10,6,True,1440.0,2640.0
20260303_290,DI,79,2,TTX,treatment,slow,chorus_norm,baseline_floor,10,2,6.0,0.3333333333333333,33,6,10,6,True,1440.0,2640.0
20260303_290,DI,79,2,TTX,treatment,slow,chorus_gain_norm,unfloored,0,10,30.0,0.3333333333333333,33,6,10,6,True,1440.0,2640.0
20260303_290,DI,79,2,TTX,treatment,slow,chorus_gain_norm,own_floor,6,7,21.0,0.3333333333333333,33,6,10,6,True,1440.0,2640.0
20260303_290,DI,79,2,TTX,treatment,slow,chorus_gain_norm,baseline_floor,10,2,6.0,0.3333333333333333,33,6,10,6,True,1440.0,2640.0
20260303_290,DI,79,2,TTX,treatment,combined,coact,tuned,4,14,42.0,0.3333333333333333,33,6,12,6,True,1440.0,2640.0
20260303_290,DI,79,2,TTX,treatment,combined,coact,own_floor,6,11,33.0,0.3333333333333333,33,6,12,6,True,1440.0,2640.0
20260303_290,DI,79,2,TTX,treatment,combined,coact,baseline_floor,12,3,9.0,0.3333333333333333,33,6,12,6,True,1440.0,2640.0
20260303_290,DI,79,2,TTX,treatment,combined,chorus_norm,unfloored,0,14,42.0,0.3333333333333333,33,6,12,6,True,1440.0,2640.0
20260303_290,DI,79,2,TTX,treatment,combined,chorus_norm,own_floor,6,10,30.0,0.3333333333333333,33,6,12,6,True,1440.0,2640.0
20260303_290,DI,79,2,TTX,treatment,combined,chorus_norm,baseline_floor,12,2,6.0,0.3333333333333333,33,6,12,6,True,1440.0,2640.0
20260303_290,DI,79,2,TTX,treatment,combined,chorus_gain_norm,unfloored,0,14,42.0,0.3333333333333333,33,6,12,6,True,1440.0,2640.0
20260303_290,DI,79,2,TTX,treatment,combined,chorus_gain_norm,own_floor,6,10,30.0,0.3333333333333333,33,6,12,6,True,1440.0,2640.0
20260303_290,DI,79,2,TTX,treatment,combined,chorus_gain_norm,baseline_floor,12,1,3.0,0.3333333333333333,33,6,12,6,True,1440.0,2640.0
20260303_290,DI,79,3,high K+,treatment,fast,coact,tuned,3,0,0.0,0.09164188916666667,33,3,8,3,True,2700.0,3029.910801
20260303_290,DI,79,3,high K+,treatment,fast,coact,own_floor,3,0,0.0,0.09164188916666667,33,3,8,3,True,2700.0,3029.910801
20260303_290,DI,79,3,high K+,treatment,fast,coact,baseline_floor,8,0,0.0,0.09164188916666667,33,3,8,3,True,2700.0,3029.910801
20260303_290,DI,79,3,high K+,treatment,fast,chorus_norm,unfloored,0,0,0.0,0.09164188916666667,33,3,8,3,True,2700.0,3029.910801
20260303_290,DI,79,3,high K+,treatment,fast,chorus_norm,own_floor,3,0,0.0,0.09164188916666667,33,3,8,3,True,2700.0,3029.910801
20260303_290,DI,79,3,high K+,treatment,fast,chorus_norm,baseline_floor,8,0,0.0,0.09164188916666667,33,3,8,3,True,2700.0,3029.910801
20260303_290,DI,79,3,high K+,treatment,fast,chorus_gain_norm,unfloored,0,0,0.0,0.09164188916666667,33,3,8,3,True,2700.0,3029.910801
20260303_290,DI,79,3,high K+,treatment,fast,chorus_gain_norm,own_floor,3,0,0.0,0.09164188916666667,33,3,8,3,True,2700.0,3029.910801
20260303_290,DI,79,3,high K+,treatment,fast,chorus_gain_norm,baseline_floor,8,0,0.0,0.09164188916666667,33,3,8,3,True,2700.0,3029.910801
20260303_290,DI,79,3,high K+,treatment,slow,coact,tuned,6,0,0.0,0.09164188916666667,33,5,10,5,True,2700.0,3029.910801
20260303_290,DI,79,3,high K+,treatment,slow,coact,own_floor,5,0,0.0,0.09164188916666667,33,5,10,5,True,2700.0,3029.910801
20260303_290,DI,79,3,high K+,treatment,slow,coact,baseline_floor,10,0,0.0,0.09164188916666667,33,5,10,5,True,2700.0,3029.910801
20260303_290,DI,79,3,high K+,treatment,slow,chorus_norm,unfloored,0,1,10.912040433620117,0.09164188916666667,33,5,10,5,True,2700.0,3029.910801
20260303_290,DI,79,3,high K+,treatment,slow,chorus_norm,own_floor,5,0,0.0,0.09164188916666667,33,5,10,5,True,2700.0,3029.910801
20260303_290,DI,79,3,high K+,treatment,slow,chorus_norm,baseline_floor,10,0,0.0,0.09164188916666667,33,5,10,5,True,2700.0,3029.910801
20260303_290,DI,79,3,high K+,treatment,slow,chorus_gain_norm,unfloored,0,0,0.0,0.09164188916666667,33,5,10,5,True,2700.0,3029.910801
20260303_290,DI,79,3,high K+,treatment,slow,chorus_gain_norm,own_floor,5,0,0.0,0.09164188916666667,33,5,10,5,True,2700.0,3029.910801
20260303_290,DI,79,3,high K+,treatment,slow,chorus_gain_norm,baseline_floor,10,0,0.0,0.09164188916666667,33,5,10,5,True,2700.0,3029.910801
20260303_290,DI,79,3,high K+,treatment,combined,coact,tuned,4,1,10.912040433620117,0.09164188916666667,33,5,12,5,True,2700.0,3029.910801
20260303_290,DI,79,3,high K+,treatment,combined,coact,own_floor,5,0,0.0,0.09164188916666667,33,5,12,5,True,2700.0,3029.910801
20260303_290,DI,79,3,high K+,treatment,combined,coact,baseline_floor,12,0,0.0,0.09164188916666667,33,5,12,5,True,2700.0,3029.910801
20260303_290,DI,79,3,high K+,treatment,combined,chorus_norm,unfloored,0,1,10.912040433620117,0.09164188916666667,33,5,12,5,True,2700.0,3029.910801
20260303_290,DI,79,3,high K+,treatment,combined,chorus_norm,own_floor,5,0,0.0,0.09164188916666667,33,5,12,5,True,2700.0,3029.910801
20260303_290,DI,79,3,high K+,treatment,combined,chorus_norm,baseline_floor,12,0,0.0,0.09164188916666667,33,5,12,5,True,2700.0,3029.910801
20260303_290,DI,79,3,high K+,treatment,combined,chorus_gain_norm,unfloored,0,1,10.912040433620117,0.09164188916666667,33,5,12,5,True,2700.0,3029.910801
20260303_290,DI,79,3,high K+,treatment,combined,chorus_gain_norm,own_floor,5,0,0.0,0.09164188916666667,33,5,12,5,True,2700.0,3029.910801
20260303_290,DI,79,3,high K+,treatment,combined,chorus_gain_norm,baseline_floor,12,0,0.0,0.09164188916666667,33,5,12,5,True,2700.0,3029.910801
20260303_296,DI,80,1,baseline,baseline,fast,coact,tuned,3,34,102.0,0.3333333333333333,51,13,13,13,True,0.0,1200.0
20260303_296,DI,80,1,baseline,baseline,fast,coact,own_floor,13,21,63.0,0.3333333333333333,51,13,13,13,True,0.0,1200.0
20260303_296,DI,80,1,baseline,baseline,fast,coact,baseline_floor,13,21,63.0,0.3333333333333333,51,13,13,13,True,0.0,1200.0
20260303_296,DI,80,1,baseline,baseline,fast,chorus_norm,unfloored,0,43,129.0,0.3333333333333333,51,13,13,13,True,0.0,1200.0
20260303_296,DI,80,1,baseline,baseline,fast,chorus_norm,own_floor,13,17,51.0,0.3333333333333333,51,13,13,13,True,0.0,1200.0
20260303_296,DI,80,1,baseline,baseline,fast,chorus_norm,baseline_floor,13,17,51.0,0.3333333333333333,51,13,13,13,True,0.0,1200.0
20260303_296,DI,80,1,baseline,baseline,fast,chorus_gain_norm,unfloored,0,33,99.0,0.3333333333333333,51,13,13,13,True,0.0,1200.0
20260303_296,DI,80,1,baseline,baseline,fast,chorus_gain_norm,own_floor,13,10,30.0,0.3333333333333333,51,13,13,13,True,0.0,1200.0
20260303_296,DI,80,1,baseline,baseline,fast,chorus_gain_norm,baseline_floor,13,10,30.0,0.3333333333333333,51,13,13,13,True,0.0,1200.0
20260303_296,DI,80,1,baseline,baseline,slow,coact,tuned,6,48,144.0,0.3333333333333333,51,16,16,16,True,0.0,1200.0
20260303_296,DI,80,1,baseline,baseline,slow,coact,own_floor,16,42,126.0,0.3333333333333333,51,16,16,16,True,0.0,1200.0
20260303_296,DI,80,1,baseline,baseline,slow,coact,baseline_floor,16,42,126.0,0.3333333333333333,51,16,16,16,True,0.0,1200.0
20260303_296,DI,80,1,baseline,baseline,slow,chorus_norm,unfloored,0,41,123.0,0.3333333333333333,51,16,16,16,True,0.0,1200.0
20260303_296,DI,80,1,baseline,baseline,slow,chorus_norm,own_floor,16,36,108.0,0.3333333333333333,51,16,16,16,True,0.0,1200.0
20260303_296,DI,80,1,baseline,baseline,slow,chorus_norm,baseline_floor,16,36,108.0,0.3333333333333333,51,16,16,16,True,0.0,1200.0
20260303_296,DI,80,1,baseline,baseline,slow,chorus_gain_norm,unfloored,0,43,129.0,0.3333333333333333,51,16,16,16,True,0.0,1200.0
20260303_296,DI,80,1,baseline,baseline,slow,chorus_gain_norm,own_floor,16,37,111.0,0.3333333333333333,51,16,16,16,True,0.0,1200.0
20260303_296,DI,80,1,baseline,baseline,slow,chorus_gain_norm,baseline_floor,16,37,111.0,0.3333333333333333,51,16,16,16,True,0.0,1200.0
20260303_296,DI,80,1,baseline,baseline,combined,coact,tuned,4,48,144.0,0.3333333333333333,51,19,19,19,True,0.0,1200.0
20260303_296,DI,80,1,baseline,baseline,combined,coact,own_floor,19,43,129.0,0.3333333333333333,51,19,19,19,True,0.0,1200.0
20260303_296,DI,80,1,baseline,baseline,combined,coact,baseline_floor,19,43,129.0,0.3333333333333333,51,19,19,19,True,0.0,1200.0
20260303_296,DI,80,1,baseline,baseline,combined,chorus_norm,unfloored,0,61,183.0,0.3333333333333333,51,19,19,19,True,0.0,1200.0
20260303_296,DI,80,1,baseline,baseline,combined,chorus_norm,own_floor,19,47,141.0,0.3333333333333333,51,19,19,19,True,0.0,1200.0
20260303_296,DI,80,1,baseline,baseline,combined,chorus_norm,baseline_floor,19,47,141.0,0.3333333333333333,51,19,19,19,True,0.0,1200.0
20260303_296,DI,80,1,baseline,baseline,combined,chorus_gain_norm,unfloored,0,52,156.0,0.3333333333333333,51,19,19,19,True,0.0,1200.0
20260303_296,DI,80,1,baseline,baseline,combined,chorus_gain_norm,own_floor,19,34,102.0,0.3333333333333333,51,19,19,19,True,0.0,1200.0
20260303_296,DI,80,1,baseline,baseline,combined,chorus_gain_norm,baseline_floor,19,34,102.0,0.3333333333333333,51,19,19,19,True,0.0,1200.0
20260303_296,DI,80,2,TTX,treatment,fast,coact,tuned,3,23,69.0,0.3333333333333333,51,8,13,8,True,1320.0,2520.0
20260303_296,DI,80,2,TTX,treatment,fast,coact,own_floor,8,15,45.0,0.3333333333333333,51,8,13,8,True,1320.0,2520.0
20260303_296,DI,80,2,TTX,treatment,fast,coact,baseline_floor,13,8,24.0,0.3333333333333333,51,8,13,8,True,1320.0,2520.0
20260303_296,DI,80,2,TTX,treatment,fast,chorus_norm,unfloored,0,29,87.0,0.3333333333333333,51,8,13,8,True,1320.0,2520.0
20260303_296,DI,80,2,TTX,treatment,fast,chorus_norm,own_floor,8,14,42.0,0.3333333333333333,51,8,13,8,True,1320.0,2520.0
20260303_296,DI,80,2,TTX,treatment,fast,chorus_norm,baseline_floor,13,7,21.0,0.3333333333333333,51,8,13,8,True,1320.0,2520.0
20260303_296,DI,80,2,TTX,treatment,fast,chorus_gain_norm,unfloored,0,29,87.0,0.3333333333333333,51,8,13,8,True,1320.0,2520.0
20260303_296,DI,80,2,TTX,treatment,fast,chorus_gain_norm,own_floor,8,14,42.0,0.3333333333333333,51,8,13,8,True,1320.0,2520.0
20260303_296,DI,80,2,TTX,treatment,fast,chorus_gain_norm,baseline_floor,13,4,12.0,0.3333333333333333,51,8,13,8,True,1320.0,2520.0
20260303_296,DI,80,2,TTX,treatment,slow,coact,tuned,6,43,129.0,0.3333333333333333,51,15,16,15,True,1320.0,2520.0
20260303_296,DI,80,2,TTX,treatment,slow,coact,own_floor,15,34,102.0,0.3333333333333333,51,15,16,15,True,1320.0,2520.0
20260303_296,DI,80,2,TTX,treatment,slow,coact,baseline_floor,16,32,96.0,0.3333333333333333,51,15,16,15,True,1320.0,2520.0
20260303_296,DI,80,2,TTX,treatment,slow,chorus_norm,unfloored,0,38,114.0,0.3333333333333333,51,15,16,15,True,1320.0,2520.0
20260303_296,DI,80,2,TTX,treatment,slow,chorus_norm,own_floor,15,28,84.0,0.3333333333333333,51,15,16,15,True,1320.0,2520.0
20260303_296,DI,80,2,TTX,treatment,slow,chorus_norm,baseline_floor,16,25,75.0,0.3333333333333333,51,15,16,15,True,1320.0,2520.0
20260303_296,DI,80,2,TTX,treatment,slow,chorus_gain_norm,unfloored,0,37,111.0,0.3333333333333333,51,15,16,15,True,1320.0,2520.0
20260303_296,DI,80,2,TTX,treatment,slow,chorus_gain_norm,own_floor,15,21,63.0,0.3333333333333333,51,15,16,15,True,1320.0,2520.0
20260303_296,DI,80,2,TTX,treatment,slow,chorus_gain_norm,baseline_floor,16,18,54.0,0.3333333333333333,51,15,16,15,True,1320.0,2520.0
20260303_296,DI,80,2,TTX,treatment,combined,coact,tuned,4,42,126.0,0.3333333333333333,51,16,19,16,True,1320.0,2520.0
20260303_296,DI,80,2,TTX,treatment,combined,coact,own_floor,16,33,99.0,0.3333333333333333,51,16,19,16,True,1320.0,2520.0
20260303_296,DI,80,2,TTX,treatment,combined,coact,baseline_floor,19,31,93.0,0.3333333333333333,51,16,19,16,True,1320.0,2520.0
20260303_296,DI,80,2,TTX,treatment,combined,chorus_norm,unfloored,0,52,156.0,0.3333333333333333,51,16,19,16,True,1320.0,2520.0
20260303_296,DI,80,2,TTX,treatment,combined,chorus_norm,own_floor,16,35,105.0,0.3333333333333333,51,16,19,16,True,1320.0,2520.0
20260303_296,DI,80,2,TTX,treatment,combined,chorus_norm,baseline_floor,19,30,90.0,0.3333333333333333,51,16,19,16,True,1320.0,2520.0
20260303_296,DI,80,2,TTX,treatment,combined,chorus_gain_norm,unfloored,0,55,165.0,0.3333333333333333,51,16,19,16,True,1320.0,2520.0
20260303_296,DI,80,2,TTX,treatment,combined,chorus_gain_norm,own_floor,16,30,90.0,0.3333333333333333,51,16,19,16,True,1320.0,2520.0
20260303_296,DI,80,2,TTX,treatment,combined,chorus_gain_norm,baseline_floor,19,23,69.0,0.3333333333333333,51,16,19,16,True,1320.0,2520.0
20260303_296,DI,80,3,high K+,treatment,fast,coact,tuned,3,7,76.38428303534081,0.09164188916666667,51,10,13,10,True,2700.0,3029.910801
20260303_296,DI,80,3,high K+,treatment,fast,coact,own_floor,10,3,32.73612130086035,0.09164188916666667,51,10,13,10,True,2700.0,3029.910801
20260303_296,DI,80,3,high K+,treatment,fast,coact,baseline_floor,13,2,21.824080867240234,0.09164188916666667,51,10,13,10,True,2700.0,3029.910801
20260303_296,DI,80,3,high K+,treatment,fast,chorus_norm,unfloored,0,5,54.56020216810058,0.09164188916666667,51,10,13,10,True,2700.0,3029.910801
20260303_296,DI,80,3,high K+,treatment,fast,chorus_norm,own_floor,10,1,10.912040433620117,0.09164188916666667,51,10,13,10,True,2700.0,3029.910801
20260303_296,DI,80,3,high K+,treatment,fast,chorus_norm,baseline_floor,13,1,10.912040433620117,0.09164188916666667,51,10,13,10,True,2700.0,3029.910801
20260303_296,DI,80,3,high K+,treatment,fast,chorus_gain_norm,unfloored,0,4,43.64816173448047,0.09164188916666667,51,10,13,10,True,2700.0,3029.910801
20260303_296,DI,80,3,high K+,treatment,fast,chorus_gain_norm,own_floor,10,1,10.912040433620117,0.09164188916666667,51,10,13,10,True,2700.0,3029.910801
20260303_296,DI,80,3,high K+,treatment,fast,chorus_gain_norm,baseline_floor,13,1,10.912040433620117,0.09164188916666667,51,10,13,10,True,2700.0,3029.910801
20260303_296,DI,80,3,high K+,treatment,slow,coact,tuned,6,11,120.03244476982128,0.09164188916666667,51,15,16,15,True,2700.0,3029.910801
20260303_296,DI,80,3,high K+,treatment,slow,coact,own_floor,15,7,76.38428303534081,0.09164188916666667,51,15,16,15,True,2700.0,3029.910801
20260303_296,DI,80,3,high K+,treatment,slow,coact,baseline_floor,16,7,76.38428303534081,0.09164188916666667,51,15,16,15,True,2700.0,3029.910801
20260303_296,DI,80,3,high K+,treatment,slow,chorus_norm,unfloored,0,8,87.29632346896094,0.09164188916666667,51,15,16,15,True,2700.0,3029.910801
20260303_296,DI,80,3,high K+,treatment,slow,chorus_norm,own_floor,15,5,54.56020216810058,0.09164188916666667,51,15,16,15,True,2700.0,3029.910801
20260303_296,DI,80,3,high K+,treatment,slow,chorus_norm,baseline_floor,16,5,54.56020216810058,0.09164188916666667,51,15,16,15,True,2700.0,3029.910801
20260303_296,DI,80,3,high K+,treatment,slow,chorus_gain_norm,unfloored,0,7,76.38428303534081,0.09164188916666667,51,15,16,15,True,2700.0,3029.910801
20260303_296,DI,80,3,high K+,treatment,slow,chorus_gain_norm,own_floor,15,4,43.64816173448047,0.09164188916666667,51,15,16,15,True,2700.0,3029.910801
20260303_296,DI,80,3,high K+,treatment,slow,chorus_gain_norm,baseline_floor,16,4,43.64816173448047,0.09164188916666667,51,15,16,15,True,2700.0,3029.910801
20260303_296,DI,80,3,high K+,treatment,combined,coact,tuned,4,9,98.20836390258104,0.09164188916666667,51,17,19,17,True,2700.0,3029.910801
20260303_296,DI,80,3,high K+,treatment,combined,coact,own_floor,17,7,76.38428303534081,0.09164188916666667,51,17,19,17,True,2700.0,3029.910801
20260303_296,DI,80,3,high K+,treatment,combined,coact,baseline_floor,19,7,76.38428303534081,0.09164188916666667,51,17,19,17,True,2700.0,3029.910801
20260303_296,DI,80,3,high K+,treatment,combined,chorus_norm,unfloored,0,11,120.03244476982128,0.09164188916666667,51,17,19,17,True,2700.0,3029.910801
20260303_296,DI,80,3,high K+,treatment,combined,chorus_norm,own_floor,17,7,76.38428303534081,0.09164188916666667,51,17,19,17,True,2700.0,3029.910801
20260303_296,DI,80,3,high K+,treatment,combined,chorus_norm,baseline_floor,19,7,76.38428303534081,0.09164188916666667,51,17,19,17,True,2700.0,3029.910801
20260303_296,DI,80,3,high K+,treatment,combined,chorus_gain_norm,unfloored,0,11,120.03244476982128,0.09164188916666667,51,17,19,17,True,2700.0,3029.910801
20260303_296,DI,80,3,high K+,treatment,combined,chorus_gain_norm,own_floor,17,4,43.64816173448047,0.09164188916666667,51,17,19,17,True,2700.0,3029.910801
20260303_296,DI,80,3,high K+,treatment,combined,chorus_gain_norm,baseline_floor,19,4,43.64816173448047,0.09164188916666667,51,17,19,17,True,2700.0,3029.910801
20260303_301,DI,79,1,baseline,baseline,fast,coact,tuned,3,13,39.0,0.3333333333333333,24,10,10,10,True,0.0,1200.0
20260303_301,DI,79,1,baseline,baseline,fast,coact,own_floor,10,3,9.0,0.3333333333333333,24,10,10,10,True,0.0,1200.0
20260303_301,DI,79,1,baseline,baseline,fast,coact,baseline_floor,10,3,9.0,0.3333333333333333,24,10,10,10,True,0.0,1200.0
20260303_301,DI,79,1,baseline,baseline,fast,chorus_norm,unfloored,0,20,60.0,0.3333333333333333,24,10,10,10,True,0.0,1200.0
20260303_301,DI,79,1,baseline,baseline,fast,chorus_norm,own_floor,10,0,0.0,0.3333333333333333,24,10,10,10,True,0.0,1200.0
20260303_301,DI,79,1,baseline,baseline,fast,chorus_norm,baseline_floor,10,0,0.0,0.3333333333333333,24,10,10,10,True,0.0,1200.0
20260303_301,DI,79,1,baseline,baseline,fast,chorus_gain_norm,unfloored,0,13,39.0,0.3333333333333333,24,10,10,10,True,0.0,1200.0
20260303_301,DI,79,1,baseline,baseline,fast,chorus_gain_norm,own_floor,10,0,0.0,0.3333333333333333,24,10,10,10,True,0.0,1200.0
20260303_301,DI,79,1,baseline,baseline,fast,chorus_gain_norm,baseline_floor,10,0,0.0,0.3333333333333333,24,10,10,10,True,0.0,1200.0
20260303_301,DI,79,1,baseline,baseline,slow,coact,tuned,6,8,24.0,0.3333333333333333,24,6,6,6,True,0.0,1200.0
20260303_301,DI,79,1,baseline,baseline,slow,coact,own_floor,6,8,24.0,0.3333333333333333,24,6,6,6,True,0.0,1200.0
20260303_301,DI,79,1,baseline,baseline,slow,coact,baseline_floor,6,8,24.0,0.3333333333333333,24,6,6,6,True,0.0,1200.0
20260303_301,DI,79,1,baseline,baseline,slow,chorus_norm,unfloored,0,10,30.0,0.3333333333333333,24,6,6,6,True,0.0,1200.0
20260303_301,DI,79,1,baseline,baseline,slow,chorus_norm,own_floor,6,7,21.0,0.3333333333333333,24,6,6,6,True,0.0,1200.0
20260303_301,DI,79,1,baseline,baseline,slow,chorus_norm,baseline_floor,6,7,21.0,0.3333333333333333,24,6,6,6,True,0.0,1200.0
20260303_301,DI,79,1,baseline,baseline,slow,chorus_gain_norm,unfloored,0,7,21.0,0.3333333333333333,24,6,6,6,True,0.0,1200.0
20260303_301,DI,79,1,baseline,baseline,slow,chorus_gain_norm,own_floor,6,6,18.0,0.3333333333333333,24,6,6,6,True,0.0,1200.0
20260303_301,DI,79,1,baseline,baseline,slow,chorus_gain_norm,baseline_floor,6,6,18.0,0.3333333333333333,24,6,6,6,True,0.0,1200.0
20260303_301,DI,79,1,baseline,baseline,combined,coact,tuned,4,17,51.0,0.3333333333333333,24,11,11,11,True,0.0,1200.0
20260303_301,DI,79,1,baseline,baseline,combined,coact,own_floor,11,8,24.0,0.3333333333333333,24,11,11,11,True,0.0,1200.0
20260303_301,DI,79,1,baseline,baseline,combined,coact,baseline_floor,11,8,24.0,0.3333333333333333,24,11,11,11,True,0.0,1200.0
20260303_301,DI,79,1,baseline,baseline,combined,chorus_norm,unfloored,0,27,81.0,0.3333333333333333,24,11,11,11,True,0.0,1200.0
20260303_301,DI,79,1,baseline,baseline,combined,chorus_norm,own_floor,11,6,18.0,0.3333333333333333,24,11,11,11,True,0.0,1200.0
20260303_301,DI,79,1,baseline,baseline,combined,chorus_norm,baseline_floor,11,6,18.0,0.3333333333333333,24,11,11,11,True,0.0,1200.0
20260303_301,DI,79,1,baseline,baseline,combined,chorus_gain_norm,unfloored,0,25,75.0,0.3333333333333333,24,11,11,11,True,0.0,1200.0
20260303_301,DI,79,1,baseline,baseline,combined,chorus_gain_norm,own_floor,11,6,18.0,0.3333333333333333,24,11,11,11,True,0.0,1200.0
20260303_301,DI,79,1,baseline,baseline,combined,chorus_gain_norm,baseline_floor,11,6,18.0,0.3333333333333333,24,11,11,11,True,0.0,1200.0
20260303_301,DI,79,2,TTX,treatment,fast,coact,tuned,3,15,45.0,0.3333333333333333,24,6,10,6,True,1320.0,2520.0
20260303_301,DI,79,2,TTX,treatment,fast,coact,own_floor,6,7,21.0,0.3333333333333333,24,6,10,6,True,1320.0,2520.0
20260303_301,DI,79,2,TTX,treatment,fast,coact,baseline_floor,10,3,9.0,0.3333333333333333,24,6,10,6,True,1320.0,2520.0
20260303_301,DI,79,2,TTX,treatment,fast,chorus_norm,unfloored,0,25,75.0,0.3333333333333333,24,6,10,6,True,1320.0,2520.0
20260303_301,DI,79,2,TTX,treatment,fast,chorus_norm,own_floor,6,7,21.0,0.3333333333333333,24,6,10,6,True,1320.0,2520.0
20260303_301,DI,79,2,TTX,treatment,fast,chorus_norm,baseline_floor,10,2,6.0,0.3333333333333333,24,6,10,6,True,1320.0,2520.0
20260303_301,DI,79,2,TTX,treatment,fast,chorus_gain_norm,unfloored,0,20,60.0,0.3333333333333333,24,6,10,6,True,1320.0,2520.0
20260303_301,DI,79,2,TTX,treatment,fast,chorus_gain_norm,own_floor,6,6,18.0,0.3333333333333333,24,6,10,6,True,1320.0,2520.0
20260303_301,DI,79,2,TTX,treatment,fast,chorus_gain_norm,baseline_floor,10,2,6.0,0.3333333333333333,24,6,10,6,True,1320.0,2520.0
20260303_301,DI,79,2,TTX,treatment,slow,coact,tuned,6,37,111.0,0.3333333333333333,24,9,6,9,True,1320.0,2520.0
20260303_301,DI,79,2,TTX,treatment,slow,coact,own_floor,9,30,90.0,0.3333333333333333,24,9,6,9,True,1320.0,2520.0
20260303_301,DI,79,2,TTX,treatment,slow,coact,baseline_floor,6,37,111.0,0.3333333333333333,24,9,6,9,True,1320.0,2520.0
20260303_301,DI,79,2,TTX,treatment,slow,chorus_norm,unfloored,0,38,114.0,0.3333333333333333,24,9,6,9,True,1320.0,2520.0
20260303_301,DI,79,2,TTX,treatment,slow,chorus_norm,own_floor,9,25,75.0,0.3333333333333333,24,9,6,9,True,1320.0,2520.0
20260303_301,DI,79,2,TTX,treatment,slow,chorus_norm,baseline_floor,6,35,105.0,0.3333333333333333,24,9,6,9,True,1320.0,2520.0
20260303_301,DI,79,2,TTX,treatment,slow,chorus_gain_norm,unfloored,0,35,105.0,0.3333333333333333,24,9,6,9,True,1320.0,2520.0
20260303_301,DI,79,2,TTX,treatment,slow,chorus_gain_norm,own_floor,9,20,60.0,0.3333333333333333,24,9,6,9,True,1320.0,2520.0
20260303_301,DI,79,2,TTX,treatment,slow,chorus_gain_norm,baseline_floor,6,32,96.0,0.3333333333333333,24,9,6,9,True,1320.0,2520.0
20260303_301,DI,79,2,TTX,treatment,combined,coact,tuned,4,36,108.0,0.3333333333333333,24,10,11,10,True,1320.0,2520.0
20260303_301,DI,79,2,TTX,treatment,combined,coact,own_floor,10,31,93.0,0.3333333333333333,24,10,11,10,True,1320.0,2520.0
20260303_301,DI,79,2,TTX,treatment,combined,coact,baseline_floor,11,26,78.0,0.3333333333333333,24,10,11,10,True,1320.0,2520.0
20260303_301,DI,79,2,TTX,treatment,combined,chorus_norm,unfloored,0,52,156.0,0.3333333333333333,24,10,11,10,True,1320.0,2520.0
20260303_301,DI,79,2,TTX,treatment,combined,chorus_norm,own_floor,10,35,105.0,0.3333333333333333,24,10,11,10,True,1320.0,2520.0
20260303_301,DI,79,2,TTX,treatment,combined,chorus_norm,baseline_floor,11,28,84.0,0.3333333333333333,24,10,11,10,True,1320.0,2520.0
20260303_301,DI,79,2,TTX,treatment,combined,chorus_gain_norm,unfloored,0,48,144.0,0.3333333333333333,24,10,11,10,True,1320.0,2520.0
20260303_301,DI,79,2,TTX,treatment,combined,chorus_gain_norm,own_floor,10,26,78.0,0.3333333333333333,24,10,11,10,True,1320.0,2520.0
20260303_301,DI,79,2,TTX,treatment,combined,chorus_gain_norm,baseline_floor,11,19,57.0,0.3333333333333333,24,10,11,10,True,1320.0,2520.0
20260303_301,DI,79,3,high K+,treatment,fast,coact,tuned,3,7,64.34960408561359,0.1087807780555555,24,5,10,5,True,2700.0,3091.610801
20260303_301,DI,79,3,high K+,treatment,fast,coact,own_floor,5,2,18.38560116731817,0.1087807780555555,24,5,10,5,True,2700.0,3091.610801
20260303_301,DI,79,3,high K+,treatment,fast,coact,baseline_floor,10,0,0.0,0.1087807780555555,24,5,10,5,True,2700.0,3091.610801
20260303_301,DI,79,3,high K+,treatment,fast,chorus_norm,unfloored,0,8,73.54240466927268,0.1087807780555555,24,5,10,5,True,2700.0,3091.610801
20260303_301,DI,79,3,high K+,treatment,fast,chorus_norm,own_floor,5,2,18.38560116731817,0.1087807780555555,24,5,10,5,True,2700.0,3091.610801
20260303_301,DI,79,3,high K+,treatment,fast,chorus_norm,baseline_floor,10,0,0.0,0.1087807780555555,24,5,10,5,True,2700.0,3091.610801
20260303_301,DI,79,3,high K+,treatment,fast,chorus_gain_norm,unfloored,0,4,36.77120233463634,0.1087807780555555,24,5,10,5,True,2700.0,3091.610801
20260303_301,DI,79,3,high K+,treatment,fast,chorus_gain_norm,own_floor,5,2,18.38560116731817,0.1087807780555555,24,5,10,5,True,2700.0,3091.610801
20260303_301,DI,79,3,high K+,treatment,fast,chorus_gain_norm,baseline_floor,10,0,0.0,0.1087807780555555,24,5,10,5,True,2700.0,3091.610801
20260303_301,DI,79,3,high K+,treatment,slow,coact,tuned,6,13,119.5064075875681,0.1087807780555555,24,9,6,9,True,2700.0,3091.610801
20260303_301,DI,79,3,high K+,treatment,slow,coact,own_floor,9,11,101.12080642024993,0.1087807780555555,24,9,6,9,True,2700.0,3091.610801
20260303_301,DI,79,3,high K+,treatment,slow,coact,baseline_floor,6,13,119.5064075875681,0.1087807780555555,24,9,6,9,True,2700.0,3091.610801
20260303_301,DI,79,3,high K+,treatment,slow,chorus_norm,unfloored,0,12,110.31360700390903,0.1087807780555555,24,9,6,9,True,2700.0,3091.610801
20260303_301,DI,79,3,high K+,treatment,slow,chorus_norm,own_floor,9,8,73.54240466927268,0.1087807780555555,24,9,6,9,True,2700.0,3091.610801
20260303_301,DI,79,3,high K+,treatment,slow,chorus_norm,baseline_floor,6,10,91.92800583659086,0.1087807780555555,24,9,6,9,True,2700.0,3091.610801
20260303_301,DI,79,3,high K+,treatment,slow,chorus_gain_norm,unfloored,0,13,119.5064075875681,0.1087807780555555,24,9,6,9,True,2700.0,3091.610801
20260303_301,DI,79,3,high K+,treatment,slow,chorus_gain_norm,own_floor,9,8,73.54240466927268,0.1087807780555555,24,9,6,9,True,2700.0,3091.610801
20260303_301,DI,79,3,high K+,treatment,slow,chorus_gain_norm,baseline_floor,6,12,110.31360700390903,0.1087807780555555,24,9,6,9,True,2700.0,3091.610801
20260303_301,DI,79,3,high K+,treatment,combined,coact,tuned,4,14,128.69920817122718,0.1087807780555555,24,9,11,9,False,2700.0,3091.610801
20260303_301,DI,79,3,high K+,treatment,combined,coact,own_floor,9,12,110.31360700390903,0.1087807780555555,24,9,11,9,False,2700.0,3091.610801
20260303_301,DI,79,3,high K+,treatment,combined,coact,baseline_floor,11,8,73.54240466927268,0.1087807780555555,24,9,11,9,False,2700.0,3091.610801
20260303_301,DI,79,3,high K+,treatment,combined,chorus_norm,unfloored,0,18,165.47041050586353,0.1087807780555555,24,9,11,9,False,2700.0,3091.610801
20260303_301,DI,79,3,high K+,treatment,combined,chorus_norm,own_floor,9,13,119.5064075875681,0.1087807780555555,24,9,11,9,False,2700.0,3091.610801
20260303_301,DI,79,3,high K+,treatment,combined,chorus_norm,baseline_floor,11,9,82.73520525293176,0.1087807780555555,24,9,11,9,False,2700.0,3091.610801
20260303_301,DI,79,3,high K+,treatment,combined,chorus_gain_norm,unfloored,0,15,137.8920087548863,0.1087807780555555,24,9,11,9,False,2700.0,3091.610801
20260303_301,DI,79,3,high K+,treatment,combined,chorus_gain_norm,own_floor,9,11,101.12080642024993,0.1087807780555555,24,9,11,9,False,2700.0,3091.610801
20260303_301,DI,79,3,high K+,treatment,combined,chorus_gain_norm,baseline_floor,11,6,55.15680350195451,0.1087807780555555,24,9,11,9,False,2700.0,3091.610801
20260629_309,DI,82,1,baseline,baseline,fast,coact,tuned,3,5,15.0,0.3333333333333333,21,6,6,6,True,0.0,1200.0
20260629_309,DI,82,1,baseline,baseline,fast,coact,own_floor,6,2,6.0,0.3333333333333333,21,6,6,6,True,0.0,1200.0
20260629_309,DI,82,1,baseline,baseline,fast,coact,baseline_floor,6,2,6.0,0.3333333333333333,21,6,6,6,True,0.0,1200.0
20260629_309,DI,82,1,baseline,baseline,fast,chorus_norm,unfloored,0,10,30.0,0.3333333333333333,21,6,6,6,True,0.0,1200.0
20260629_309,DI,82,1,baseline,baseline,fast,chorus_norm,own_floor,6,2,6.0,0.3333333333333333,21,6,6,6,True,0.0,1200.0
20260629_309,DI,82,1,baseline,baseline,fast,chorus_norm,baseline_floor,6,2,6.0,0.3333333333333333,21,6,6,6,True,0.0,1200.0
20260629_309,DI,82,1,baseline,baseline,fast,chorus_gain_norm,unfloored,0,6,18.0,0.3333333333333333,21,6,6,6,True,0.0,1200.0
20260629_309,DI,82,1,baseline,baseline,fast,chorus_gain_norm,own_floor,6,2,6.0,0.3333333333333333,21,6,6,6,True,0.0,1200.0
20260629_309,DI,82,1,baseline,baseline,fast,chorus_gain_norm,baseline_floor,6,2,6.0,0.3333333333333333,21,6,6,6,True,0.0,1200.0
20260629_309,DI,82,1,baseline,baseline,slow,coact,tuned,6,6,18.0,0.3333333333333333,21,6,6,6,True,0.0,1200.0
20260629_309,DI,82,1,baseline,baseline,slow,coact,own_floor,6,6,18.0,0.3333333333333333,21,6,6,6,True,0.0,1200.0
20260629_309,DI,82,1,baseline,baseline,slow,coact,baseline_floor,6,6,18.0,0.3333333333333333,21,6,6,6,True,0.0,1200.0
20260629_309,DI,82,1,baseline,baseline,slow,chorus_norm,unfloored,0,7,21.0,0.3333333333333333,21,6,6,6,True,0.0,1200.0
20260629_309,DI,82,1,baseline,baseline,slow,chorus_norm,own_floor,6,3,9.0,0.3333333333333333,21,6,6,6,True,0.0,1200.0
20260629_309,DI,82,1,baseline,baseline,slow,chorus_norm,baseline_floor,6,3,9.0,0.3333333333333333,21,6,6,6,True,0.0,1200.0
20260629_309,DI,82,1,baseline,baseline,slow,chorus_gain_norm,unfloored,0,6,18.0,0.3333333333333333,21,6,6,6,True,0.0,1200.0
20260629_309,DI,82,1,baseline,baseline,slow,chorus_gain_norm,own_floor,6,3,9.0,0.3333333333333333,21,6,6,6,True,0.0,1200.0
20260629_309,DI,82,1,baseline,baseline,slow,chorus_gain_norm,baseline_floor,6,3,9.0,0.3333333333333333,21,6,6,6,True,0.0,1200.0
20260629_309,DI,82,1,baseline,baseline,combined,coact,tuned,4,11,33.0,0.3333333333333333,21,7,7,7,True,0.0,1200.0
20260629_309,DI,82,1,baseline,baseline,combined,coact,own_floor,7,6,18.0,0.3333333333333333,21,7,7,7,True,0.0,1200.0
20260629_309,DI,82,1,baseline,baseline,combined,coact,baseline_floor,7,6,18.0,0.3333333333333333,21,7,7,7,True,0.0,1200.0
20260629_309,DI,82,1,baseline,baseline,combined,chorus_norm,unfloored,0,13,39.0,0.3333333333333333,21,7,7,7,True,0.0,1200.0
20260629_309,DI,82,1,baseline,baseline,combined,chorus_norm,own_floor,7,5,15.0,0.3333333333333333,21,7,7,7,True,0.0,1200.0
20260629_309,DI,82,1,baseline,baseline,combined,chorus_norm,baseline_floor,7,5,15.0,0.3333333333333333,21,7,7,7,True,0.0,1200.0
20260629_309,DI,82,1,baseline,baseline,combined,chorus_gain_norm,unfloored,0,12,36.0,0.3333333333333333,21,7,7,7,True,0.0,1200.0
20260629_309,DI,82,1,baseline,baseline,combined,chorus_gain_norm,own_floor,7,5,15.0,0.3333333333333333,21,7,7,7,True,0.0,1200.0
20260629_309,DI,82,1,baseline,baseline,combined,chorus_gain_norm,baseline_floor,7,5,15.0,0.3333333333333333,21,7,7,7,True,0.0,1200.0
20260629_309,DI,82,2,TTX,treatment,fast,coact,tuned,3,6,18.0,0.3333333333333333,21,5,6,5,True,1320.0,2520.0
20260629_309,DI,82,2,TTX,treatment,fast,coact,own_floor,5,4,12.0,0.3333333333333333,21,5,6,5,True,1320.0,2520.0
20260629_309,DI,82,2,TTX,treatment,fast,coact,baseline_floor,6,2,6.0,0.3333333333333333,21,5,6,5,True,1320.0,2520.0
20260629_309,DI,82,2,TTX,treatment,fast,chorus_norm,unfloored,0,9,27.0,0.3333333333333333,21,5,6,5,True,1320.0,2520.0
20260629_309,DI,82,2,TTX,treatment,fast,chorus_norm,own_floor,5,3,9.0,0.3333333333333333,21,5,6,5,True,1320.0,2520.0
20260629_309,DI,82,2,TTX,treatment,fast,chorus_norm,baseline_floor,6,2,6.0,0.3333333333333333,21,5,6,5,True,1320.0,2520.0
20260629_309,DI,82,2,TTX,treatment,fast,chorus_gain_norm,unfloored,0,6,18.0,0.3333333333333333,21,5,6,5,True,1320.0,2520.0
20260629_309,DI,82,2,TTX,treatment,fast,chorus_gain_norm,own_floor,5,1,3.0,0.3333333333333333,21,5,6,5,True,1320.0,2520.0
20260629_309,DI,82,2,TTX,treatment,fast,chorus_gain_norm,baseline_floor,6,1,3.0,0.3333333333333333,21,5,6,5,True,1320.0,2520.0
20260629_309,DI,82,2,TTX,treatment,slow,coact,tuned,6,13,39.0,0.3333333333333333,21,7,6,7,True,1320.0,2520.0
20260629_309,DI,82,2,TTX,treatment,slow,coact,own_floor,7,11,33.0,0.3333333333333333,21,7,6,7,True,1320.0,2520.0
20260629_309,DI,82,2,TTX,treatment,slow,coact,baseline_floor,6,13,39.0,0.3333333333333333,21,7,6,7,True,1320.0,2520.0
20260629_309,DI,82,2,TTX,treatment,slow,chorus_norm,unfloored,0,16,48.0,0.3333333333333333,21,7,6,7,True,1320.0,2520.0
20260629_309,DI,82,2,TTX,treatment,slow,chorus_norm,own_floor,7,9,27.0,0.3333333333333333,21,7,6,7,True,1320.0,2520.0
20260629_309,DI,82,2,TTX,treatment,slow,chorus_norm,baseline_floor,6,12,36.0,0.3333333333333333,21,7,6,7,True,1320.0,2520.0
20260629_309,DI,82,2,TTX,treatment,slow,chorus_gain_norm,unfloored,0,15,45.0,0.3333333333333333,21,7,6,7,True,1320.0,2520.0
20260629_309,DI,82,2,TTX,treatment,slow,chorus_gain_norm,own_floor,7,9,27.0,0.3333333333333333,21,7,6,7,True,1320.0,2520.0
20260629_309,DI,82,2,TTX,treatment,slow,chorus_gain_norm,baseline_floor,6,12,36.0,0.3333333333333333,21,7,6,7,True,1320.0,2520.0
20260629_309,DI,82,2,TTX,treatment,combined,coact,tuned,4,23,69.0,0.3333333333333333,21,7,7,7,True,1320.0,2520.0
20260629_309,DI,82,2,TTX,treatment,combined,coact,own_floor,7,12,36.0,0.3333333333333333,21,7,7,7,True,1320.0,2520.0
20260629_309,DI,82,2,TTX,treatment,combined,coact,baseline_floor,7,12,36.0,0.3333333333333333,21,7,7,7,True,1320.0,2520.0
20260629_309,DI,82,2,TTX,treatment,combined,chorus_norm,unfloored,0,27,81.0,0.3333333333333333,21,7,7,7,True,1320.0,2520.0
20260629_309,DI,82,2,TTX,treatment,combined,chorus_norm,own_floor,7,13,39.0,0.3333333333333333,21,7,7,7,True,1320.0,2520.0
20260629_309,DI,82,2,TTX,treatment,combined,chorus_norm,baseline_floor,7,13,39.0,0.3333333333333333,21,7,7,7,True,1320.0,2520.0
20260629_309,DI,82,2,TTX,treatment,combined,chorus_gain_norm,unfloored,0,22,66.0,0.3333333333333333,21,7,7,7,True,1320.0,2520.0
20260629_309,DI,82,2,TTX,treatment,combined,chorus_gain_norm,own_floor,7,13,39.0,0.3333333333333333,21,7,7,7,True,1320.0,2520.0
20260629_309,DI,82,2,TTX,treatment,combined,chorus_gain_norm,baseline_floor,7,13,39.0,0.3333333333333333,21,7,7,7,True,1320.0,2520.0
20260629_309,DI,82,3,high K+,treatment,fast,coact,tuned,3,2,21.824080867240234,0.09164188916666667,21,5,6,5,True,2700.0,3029.910801
20260629_309,DI,82,3,high K+,treatment,fast,coact,own_floor,5,1,10.912040433620117,0.09164188916666667,21,5,6,5,True,2700.0,3029.910801
20260629_309,DI,82,3,high K+,treatment,fast,coact,baseline_floor,6,0,0.0,0.09164188916666667,21,5,6,5,True,2700.0,3029.910801
20260629_309,DI,82,3,high K+,treatment,fast,chorus_norm,unfloored,0,3,32.73612130086035,0.09164188916666667,21,5,6,5,True,2700.0,3029.910801
20260629_309,DI,82,3,high K+,treatment,fast,chorus_norm,own_floor,5,1,10.912040433620117,0.09164188916666667,21,5,6,5,True,2700.0,3029.910801
20260629_309,DI,82,3,high K+,treatment,fast,chorus_norm,baseline_floor,6,0,0.0,0.09164188916666667,21,5,6,5,True,2700.0,3029.910801
20260629_309,DI,82,3,high K+,treatment,fast,chorus_gain_norm,unfloored,0,2,21.824080867240234,0.09164188916666667,21,5,6,5,True,2700.0,3029.910801
20260629_309,DI,82,3,high K+,treatment,fast,chorus_gain_norm,own_floor,5,1,10.912040433620117,0.09164188916666667,21,5,6,5,True,2700.0,3029.910801
20260629_309,DI,82,3,high K+,treatment,fast,chorus_gain_norm,baseline_floor,6,0,0.0,0.09164188916666667,21,5,6,5,True,2700.0,3029.910801
20260629_309,DI,82,3,high K+,treatment,slow,coact,tuned,6,0,0.0,0.09164188916666667,21,6,6,6,True,2700.0,3029.910801
20260629_309,DI,82,3,high K+,treatment,slow,coact,own_floor,6,0,0.0,0.09164188916666667,21,6,6,6,True,2700.0,3029.910801
20260629_309,DI,82,3,high K+,treatment,slow,coact,baseline_floor,6,0,0.0,0.09164188916666667,21,6,6,6,True,2700.0,3029.910801
20260629_309,DI,82,3,high K+,treatment,slow,chorus_norm,unfloored,0,4,43.64816173448047,0.09164188916666667,21,6,6,6,True,2700.0,3029.910801
20260629_309,DI,82,3,high K+,treatment,slow,chorus_norm,own_floor,6,0,0.0,0.09164188916666667,21,6,6,6,True,2700.0,3029.910801
20260629_309,DI,82,3,high K+,treatment,slow,chorus_norm,baseline_floor,6,0,0.0,0.09164188916666667,21,6,6,6,True,2700.0,3029.910801
20260629_309,DI,82,3,high K+,treatment,slow,chorus_gain_norm,unfloored,0,1,10.912040433620117,0.09164188916666667,21,6,6,6,True,2700.0,3029.910801
20260629_309,DI,82,3,high K+,treatment,slow,chorus_gain_norm,own_floor,6,0,0.0,0.09164188916666667,21,6,6,6,True,2700.0,3029.910801
20260629_309,DI,82,3,high K+,treatment,slow,chorus_gain_norm,baseline_floor,6,0,0.0,0.09164188916666667,21,6,6,6,True,2700.0,3029.910801
20260629_309,DI,82,3,high K+,treatment,combined,coact,tuned,4,4,43.64816173448047,0.09164188916666667,21,7,7,7,True,2700.0,3029.910801
20260629_309,DI,82,3,high K+,treatment,combined,coact,own_floor,7,1,10.912040433620117,0.09164188916666667,21,7,7,7,True,2700.0,3029.910801
20260629_309,DI,82,3,high K+,treatment,combined,coact,baseline_floor,7,1,10.912040433620117,0.09164188916666667,21,7,7,7,True,2700.0,3029.910801
20260629_309,DI,82,3,high K+,treatment,combined,chorus_norm,unfloored,0,7,76.38428303534081,0.09164188916666667,21,7,7,7,True,2700.0,3029.910801
20260629_309,DI,82,3,high K+,treatment,combined,chorus_norm,own_floor,7,1,10.912040433620117,0.09164188916666667,21,7,7,7,True,2700.0,3029.910801
20260629_309,DI,82,3,high K+,treatment,combined,chorus_norm,baseline_floor,7,1,10.912040433620117,0.09164188916666667,21,7,7,7,True,2700.0,3029.910801
20260629_309,DI,82,3,high K+,treatment,combined,chorus_gain_norm,unfloored,0,2,21.824080867240234,0.09164188916666667,21,7,7,7,True,2700.0,3029.910801
20260629_309,DI,82,3,high K+,treatment,combined,chorus_gain_norm,own_floor,7,0,0.0,0.09164188916666667,21,7,7,7,True,2700.0,3029.910801
20260629_309,DI,82,3,high K+,treatment,combined,chorus_gain_norm,baseline_floor,7,0,0.0,0.09164188916666667,21,7,7,7,True,2700.0,3029.910801
20260629_312,DI,82,1,baseline,baseline,fast,coact,tuned,3,21,63.0,0.3333333333333333,21,6,6,6,True,0.0,1200.0
20260629_312,DI,82,1,baseline,baseline,fast,coact,own_floor,6,9,27.0,0.3333333333333333,21,6,6,6,True,0.0,1200.0
20260629_312,DI,82,1,baseline,baseline,fast,coact,baseline_floor,6,9,27.0,0.3333333333333333,21,6,6,6,True,0.0,1200.0
20260629_312,DI,82,1,baseline,baseline,fast,chorus_norm,unfloored,0,33,99.0,0.3333333333333333,21,6,6,6,True,0.0,1200.0
20260629_312,DI,82,1,baseline,baseline,fast,chorus_norm,own_floor,6,6,18.0,0.3333333333333333,21,6,6,6,True,0.0,1200.0
20260629_312,DI,82,1,baseline,baseline,fast,chorus_norm,baseline_floor,6,6,18.0,0.3333333333333333,21,6,6,6,True,0.0,1200.0
20260629_312,DI,82,1,baseline,baseline,fast,chorus_gain_norm,unfloored,0,21,63.0,0.3333333333333333,21,6,6,6,True,0.0,1200.0
20260629_312,DI,82,1,baseline,baseline,fast,chorus_gain_norm,own_floor,6,4,12.0,0.3333333333333333,21,6,6,6,True,0.0,1200.0
20260629_312,DI,82,1,baseline,baseline,fast,chorus_gain_norm,baseline_floor,6,4,12.0,0.3333333333333333,21,6,6,6,True,0.0,1200.0
20260629_312,DI,82,1,baseline,baseline,slow,coact,tuned,6,36,108.0,0.3333333333333333,21,9,9,9,True,0.0,1200.0
20260629_312,DI,82,1,baseline,baseline,slow,coact,own_floor,9,29,87.0,0.3333333333333333,21,9,9,9,True,0.0,1200.0
20260629_312,DI,82,1,baseline,baseline,slow,coact,baseline_floor,9,29,87.0,0.3333333333333333,21,9,9,9,True,0.0,1200.0
20260629_312,DI,82,1,baseline,baseline,slow,chorus_norm,unfloored,0,42,126.0,0.3333333333333333,21,9,9,9,True,0.0,1200.0
20260629_312,DI,82,1,baseline,baseline,slow,chorus_norm,own_floor,9,31,93.0,0.3333333333333333,21,9,9,9,True,0.0,1200.0
20260629_312,DI,82,1,baseline,baseline,slow,chorus_norm,baseline_floor,9,31,93.0,0.3333333333333333,21,9,9,9,True,0.0,1200.0
20260629_312,DI,82,1,baseline,baseline,slow,chorus_gain_norm,unfloored,0,42,126.0,0.3333333333333333,21,9,9,9,True,0.0,1200.0
20260629_312,DI,82,1,baseline,baseline,slow,chorus_gain_norm,own_floor,9,28,84.0,0.3333333333333333,21,9,9,9,True,0.0,1200.0
20260629_312,DI,82,1,baseline,baseline,slow,chorus_gain_norm,baseline_floor,9,28,84.0,0.3333333333333333,21,9,9,9,True,0.0,1200.0
20260629_312,DI,82,1,baseline,baseline,combined,coact,tuned,4,36,108.0,0.3333333333333333,21,9,9,9,True,0.0,1200.0
20260629_312,DI,82,1,baseline,baseline,combined,coact,own_floor,9,34,102.0,0.3333333333333333,21,9,9,9,True,0.0,1200.0
20260629_312,DI,82,1,baseline,baseline,combined,coact,baseline_floor,9,34,102.0,0.3333333333333333,21,9,9,9,True,0.0,1200.0
20260629_312,DI,82,1,baseline,baseline,combined,chorus_norm,unfloored,0,54,162.0,0.3333333333333333,21,9,9,9,True,0.0,1200.0
20260629_312,DI,82,1,baseline,baseline,combined,chorus_norm,own_floor,9,37,111.0,0.3333333333333333,21,9,9,9,True,0.0,1200.0
20260629_312,DI,82,1,baseline,baseline,combined,chorus_norm,baseline_floor,9,37,111.0,0.3333333333333333,21,9,9,9,True,0.0,1200.0
20260629_312,DI,82,1,baseline,baseline,combined,chorus_gain_norm,unfloored,0,45,135.0,0.3333333333333333,21,9,9,9,True,0.0,1200.0
20260629_312,DI,82,1,baseline,baseline,combined,chorus_gain_norm,own_floor,9,36,108.0,0.3333333333333333,21,9,9,9,True,0.0,1200.0
20260629_312,DI,82,1,baseline,baseline,combined,chorus_gain_norm,baseline_floor,9,36,108.0,0.3333333333333333,21,9,9,9,True,0.0,1200.0
20260629_312,DI,82,2,TTX,treatment,fast,coact,tuned,3,1,3.0,0.3333333333333333,21,3,6,3,True,1320.0,2520.0
20260629_312,DI,82,2,TTX,treatment,fast,coact,own_floor,3,1,3.0,0.3333333333333333,21,3,6,3,True,1320.0,2520.0
20260629_312,DI,82,2,TTX,treatment,fast,coact,baseline_floor,6,0,0.0,0.3333333333333333,21,3,6,3,True,1320.0,2520.0
20260629_312,DI,82,2,TTX,treatment,fast,chorus_norm,unfloored,0,2,6.0,0.3333333333333333,21,3,6,3,True,1320.0,2520.0
20260629_312,DI,82,2,TTX,treatment,fast,chorus_norm,own_floor,3,1,3.0,0.3333333333333333,21,3,6,3,True,1320.0,2520.0
20260629_312,DI,82,2,TTX,treatment,fast,chorus_norm,baseline_floor,6,0,0.0,0.3333333333333333,21,3,6,3,True,1320.0,2520.0
20260629_312,DI,82,2,TTX,treatment,fast,chorus_gain_norm,unfloored,0,1,3.0,0.3333333333333333,21,3,6,3,True,1320.0,2520.0
20260629_312,DI,82,2,TTX,treatment,fast,chorus_gain_norm,own_floor,3,1,3.0,0.3333333333333333,21,3,6,3,True,1320.0,2520.0
20260629_312,DI,82,2,TTX,treatment,fast,chorus_gain_norm,baseline_floor,6,0,0.0,0.3333333333333333,21,3,6,3,True,1320.0,2520.0
20260629_312,DI,82,2,TTX,treatment,slow,coact,tuned,6,4,12.0,0.3333333333333333,21,5,9,5,True,1320.0,2520.0
20260629_312,DI,82,2,TTX,treatment,slow,coact,own_floor,5,5,15.0,0.3333333333333333,21,5,9,5,True,1320.0,2520.0
20260629_312,DI,82,2,TTX,treatment,slow,coact,baseline_floor,9,2,6.0,0.3333333333333333,21,5,9,5,True,1320.0,2520.0
20260629_312,DI,82,2,TTX,treatment,slow,chorus_norm,unfloored,0,7,21.0,0.3333333333333333,21,5,9,5,True,1320.0,2520.0
20260629_312,DI,82,2,TTX,treatment,slow,chorus_norm,own_floor,5,5,15.0,0.3333333333333333,21,5,9,5,True,1320.0,2520.0
20260629_312,DI,82,2,TTX,treatment,slow,chorus_norm,baseline_floor,9,2,6.0,0.3333333333333333,21,5,9,5,True,1320.0,2520.0
20260629_312,DI,82,2,TTX,treatment,slow,chorus_gain_norm,unfloored,0,7,21.0,0.3333333333333333,21,5,9,5,True,1320.0,2520.0
20260629_312,DI,82,2,TTX,treatment,slow,chorus_gain_norm,own_floor,5,4,12.0,0.3333333333333333,21,5,9,5,True,1320.0,2520.0
20260629_312,DI,82,2,TTX,treatment,slow,chorus_gain_norm,baseline_floor,9,2,6.0,0.3333333333333333,21,5,9,5,True,1320.0,2520.0
20260629_312,DI,82,2,TTX,treatment,combined,coact,tuned,4,9,27.0,0.3333333333333333,21,5,9,5,True,1320.0,2520.0
20260629_312,DI,82,2,TTX,treatment,combined,coact,own_floor,5,6,18.0,0.3333333333333333,21,5,9,5,True,1320.0,2520.0
20260629_312,DI,82,2,TTX,treatment,combined,coact,baseline_floor,9,2,6.0,0.3333333333333333,21,5,9,5,True,1320.0,2520.0
20260629_312,DI,82,2,TTX,treatment,combined,chorus_norm,unfloored,0,12,36.0,0.3333333333333333,21,5,9,5,True,1320.0,2520.0
20260629_312,DI,82,2,TTX,treatment,combined,chorus_norm,own_floor,5,6,18.0,0.3333333333333333,21,5,9,5,True,1320.0,2520.0
20260629_312,DI,82,2,TTX,treatment,combined,chorus_norm,baseline_floor,9,2,6.0,0.3333333333333333,21,5,9,5,True,1320.0,2520.0
20260629_312,DI,82,2,TTX,treatment,combined,chorus_gain_norm,unfloored,0,9,27.0,0.3333333333333333,21,5,9,5,True,1320.0,2520.0
20260629_312,DI,82,2,TTX,treatment,combined,chorus_gain_norm,own_floor,5,6,18.0,0.3333333333333333,21,5,9,5,True,1320.0,2520.0
20260629_312,DI,82,2,TTX,treatment,combined,chorus_gain_norm,baseline_floor,9,2,6.0,0.3333333333333333,21,5,9,5,True,1320.0,2520.0
20260629_312,DI,82,3,high K+,treatment,fast,coact,tuned,3,1,5.107029137435504,0.19580855583333334,21,4,6,4,True,2700.0,3404.910801
20260629_312,DI,82,3,high K+,treatment,fast,coact,own_floor,4,1,5.107029137435504,0.19580855583333334,21,4,6,4,True,2700.0,3404.910801
20260629_312,DI,82,3,high K+,treatment,fast,coact,baseline_floor,6,0,0.0,0.19580855583333334,21,4,6,4,True,2700.0,3404.910801
20260629_312,DI,82,3,high K+,treatment,fast,chorus_norm,unfloored,0,3,15.321087412306511,0.19580855583333334,21,4,6,4,True,2700.0,3404.910801
20260629_312,DI,82,3,high K+,treatment,fast,chorus_norm,own_floor,4,1,5.107029137435504,0.19580855583333334,21,4,6,4,True,2700.0,3404.910801
20260629_312,DI,82,3,high K+,treatment,fast,chorus_norm,baseline_floor,6,0,0.0,0.19580855583333334,21,4,6,4,True,2700.0,3404.910801
20260629_312,DI,82,3,high K+,treatment,fast,chorus_gain_norm,unfloored,0,1,5.107029137435504,0.19580855583333334,21,4,6,4,True,2700.0,3404.910801
20260629_312,DI,82,3,high K+,treatment,fast,chorus_gain_norm,own_floor,4,1,5.107029137435504,0.19580855583333334,21,4,6,4,True,2700.0,3404.910801
20260629_312,DI,82,3,high K+,treatment,fast,chorus_gain_norm,baseline_floor,6,0,0.0,0.19580855583333334,21,4,6,4,True,2700.0,3404.910801
20260629_312,DI,82,3,high K+,treatment,slow,coact,tuned,6,2,10.214058274871007,0.19580855583333334,21,5,9,5,True,2700.0,3404.910801
20260629_312,DI,82,3,high K+,treatment,slow,coact,own_floor,5,2,10.214058274871007,0.19580855583333334,21,5,9,5,True,2700.0,3404.910801
20260629_312,DI,82,3,high K+,treatment,slow,coact,baseline_floor,9,1,5.107029137435504,0.19580855583333334,21,5,9,5,True,2700.0,3404.910801
20260629_312,DI,82,3,high K+,treatment,slow,chorus_norm,unfloored,0,3,15.321087412306511,0.19580855583333334,21,5,9,5,True,2700.0,3404.910801
20260629_312,DI,82,3,high K+,treatment,slow,chorus_norm,own_floor,5,1,5.107029137435504,0.19580855583333334,21,5,9,5,True,2700.0,3404.910801
20260629_312,DI,82,3,high K+,treatment,slow,chorus_norm,baseline_floor,9,1,5.107029137435504,0.19580855583333334,21,5,9,5,True,2700.0,3404.910801
20260629_312,DI,82,3,high K+,treatment,slow,chorus_gain_norm,unfloored,0,1,5.107029137435504,0.19580855583333334,21,5,9,5,True,2700.0,3404.910801
20260629_312,DI,82,3,high K+,treatment,slow,chorus_gain_norm,own_floor,5,1,5.107029137435504,0.19580855583333334,21,5,9,5,True,2700.0,3404.910801
20260629_312,DI,82,3,high K+,treatment,slow,chorus_gain_norm,baseline_floor,9,1,5.107029137435504,0.19580855583333334,21,5,9,5,True,2700.0,3404.910801
20260629_312,DI,82,3,high K+,treatment,combined,coact,tuned,4,7,35.749203962048526,0.19580855583333334,21,5,9,5,True,2700.0,3404.910801
20260629_312,DI,82,3,high K+,treatment,combined,coact,own_floor,5,4,20.428116549742015,0.19580855583333334,21,5,9,5,True,2700.0,3404.910801
20260629_312,DI,82,3,high K+,treatment,combined,coact,baseline_floor,9,1,5.107029137435504,0.19580855583333334,21,5,9,5,True,2700.0,3404.910801
20260629_312,DI,82,3,high K+,treatment,combined,chorus_norm,unfloored,0,5,25.53514568717752,0.19580855583333334,21,5,9,5,True,2700.0,3404.910801
20260629_312,DI,82,3,high K+,treatment,combined,chorus_norm,own_floor,5,4,20.428116549742015,0.19580855583333334,21,5,9,5,True,2700.0,3404.910801
20260629_312,DI,82,3,high K+,treatment,combined,chorus_norm,baseline_floor,9,1,5.107029137435504,0.19580855583333334,21,5,9,5,True,2700.0,3404.910801
20260629_312,DI,82,3,high K+,treatment,combined,chorus_gain_norm,unfloored,0,4,20.428116549742015,0.19580855583333334,21,5,9,5,True,2700.0,3404.910801
20260629_312,DI,82,3,high K+,treatment,combined,chorus_gain_norm,own_floor,5,4,20.428116549742015,0.19580855583333334,21,5,9,5,True,2700.0,3404.910801
20260629_312,DI,82,3,high K+,treatment,combined,chorus_gain_norm,baseline_floor,9,1,5.107029137435504,0.19580855583333334,21,5,9,5,True,2700.0,3404.910801
20260629_314,DI,82,1,baseline,baseline,fast,coact,tuned,3,4,12.0,0.3333333333333333,14,8,8,8,True,0.0,1200.0
20260629_314,DI,82,1,baseline,baseline,fast,coact,own_floor,8,0,0.0,0.3333333333333333,14,8,8,8,True,0.0,1200.0
20260629_314,DI,82,1,baseline,baseline,fast,coact,baseline_floor,8,0,0.0,0.3333333333333333,14,8,8,8,True,0.0,1200.0
20260629_314,DI,82,1,baseline,baseline,fast,chorus_norm,unfloored,0,15,45.0,0.3333333333333333,14,8,8,8,True,0.0,1200.0
20260629_314,DI,82,1,baseline,baseline,fast,chorus_norm,own_floor,8,0,0.0,0.3333333333333333,14,8,8,8,True,0.0,1200.0
20260629_314,DI,82,1,baseline,baseline,fast,chorus_norm,baseline_floor,8,0,0.0,0.3333333333333333,14,8,8,8,True,0.0,1200.0
20260629_314,DI,82,1,baseline,baseline,fast,chorus_gain_norm,unfloored,0,3,9.0,0.3333333333333333,14,8,8,8,True,0.0,1200.0
20260629_314,DI,82,1,baseline,baseline,fast,chorus_gain_norm,own_floor,8,0,0.0,0.3333333333333333,14,8,8,8,True,0.0,1200.0
20260629_314,DI,82,1,baseline,baseline,fast,chorus_gain_norm,baseline_floor,8,0,0.0,0.3333333333333333,14,8,8,8,True,0.0,1200.0
20260629_314,DI,82,1,baseline,baseline,slow,coact,tuned,6,4,12.0,0.3333333333333333,14,5,5,5,True,0.0,1200.0
20260629_314,DI,82,1,baseline,baseline,slow,coact,own_floor,5,5,15.0,0.3333333333333333,14,5,5,5,True,0.0,1200.0
20260629_314,DI,82,1,baseline,baseline,slow,coact,baseline_floor,5,5,15.0,0.3333333333333333,14,5,5,5,True,0.0,1200.0
20260629_314,DI,82,1,baseline,baseline,slow,chorus_norm,unfloored,0,7,21.0,0.3333333333333333,14,5,5,5,True,0.0,1200.0
20260629_314,DI,82,1,baseline,baseline,slow,chorus_norm,own_floor,5,3,9.0,0.3333333333333333,14,5,5,5,True,0.0,1200.0
20260629_314,DI,82,1,baseline,baseline,slow,chorus_norm,baseline_floor,5,3,9.0,0.3333333333333333,14,5,5,5,True,0.0,1200.0
20260629_314,DI,82,1,baseline,baseline,slow,chorus_gain_norm,unfloored,0,5,15.0,0.3333333333333333,14,5,5,5,True,0.0,1200.0
20260629_314,DI,82,1,baseline,baseline,slow,chorus_gain_norm,own_floor,5,4,12.0,0.3333333333333333,14,5,5,5,True,0.0,1200.0
20260629_314,DI,82,1,baseline,baseline,slow,chorus_gain_norm,baseline_floor,5,4,12.0,0.3333333333333333,14,5,5,5,True,0.0,1200.0
20260629_314,DI,82,1,baseline,baseline,combined,coact,tuned,4,8,24.0,0.3333333333333333,14,8,8,8,True,0.0,1200.0
20260629_314,DI,82,1,baseline,baseline,combined,coact,own_floor,8,3,9.0,0.3333333333333333,14,8,8,8,True,0.0,1200.0
20260629_314,DI,82,1,baseline,baseline,combined,coact,baseline_floor,8,3,9.0,0.3333333333333333,14,8,8,8,True,0.0,1200.0
20260629_314,DI,82,1,baseline,baseline,combined,chorus_norm,unfloored,0,21,63.0,0.3333333333333333,14,8,8,8,True,0.0,1200.0
20260629_314,DI,82,1,baseline,baseline,combined,chorus_norm,own_floor,8,4,12.0,0.3333333333333333,14,8,8,8,True,0.0,1200.0
20260629_314,DI,82,1,baseline,baseline,combined,chorus_norm,baseline_floor,8,4,12.0,0.3333333333333333,14,8,8,8,True,0.0,1200.0
20260629_314,DI,82,1,baseline,baseline,combined,chorus_gain_norm,unfloored,0,14,42.0,0.3333333333333333,14,8,8,8,True,0.0,1200.0
20260629_314,DI,82,1,baseline,baseline,combined,chorus_gain_norm,own_floor,8,3,9.0,0.3333333333333333,14,8,8,8,True,0.0,1200.0
20260629_314,DI,82,1,baseline,baseline,combined,chorus_gain_norm,baseline_floor,8,3,9.0,0.3333333333333333,14,8,8,8,True,0.0,1200.0
20260629_314,DI,82,2,TTX,treatment,fast,coact,tuned,3,0,0.0,0.3333333333333333,14,3,8,3,True,1320.0,2520.0
20260629_314,DI,82,2,TTX,treatment,fast,coact,own_floor,3,0,0.0,0.3333333333333333,14,3,8,3,True,1320.0,2520.0
20260629_314,DI,82,2,TTX,treatment,fast,coact,baseline_floor,8,0,0.0,0.3333333333333333,14,3,8,3,True,1320.0,2520.0
20260629_314,DI,82,2,TTX,treatment,fast,chorus_norm,unfloored,0,3,9.0,0.3333333333333333,14,3,8,3,True,1320.0,2520.0
20260629_314,DI,82,2,TTX,treatment,fast,chorus_norm,own_floor,3,0,0.0,0.3333333333333333,14,3,8,3,True,1320.0,2520.0
20260629_314,DI,82,2,TTX,treatment,fast,chorus_norm,baseline_floor,8,0,0.0,0.3333333333333333,14,3,8,3,True,1320.0,2520.0
20260629_314,DI,82,2,TTX,treatment,fast,chorus_gain_norm,unfloored,0,0,0.0,0.3333333333333333,14,3,8,3,True,1320.0,2520.0
20260629_314,DI,82,2,TTX,treatment,fast,chorus_gain_norm,own_floor,3,0,0.0,0.3333333333333333,14,3,8,3,True,1320.0,2520.0
20260629_314,DI,82,2,TTX,treatment,fast,chorus_gain_norm,baseline_floor,8,0,0.0,0.3333333333333333,14,3,8,3,True,1320.0,2520.0
20260629_314,DI,82,2,TTX,treatment,slow,coact,tuned,6,0,0.0,0.3333333333333333,14,4,5,4,True,1320.0,2520.0
20260629_314,DI,82,2,TTX,treatment,slow,coact,own_floor,4,4,12.0,0.3333333333333333,14,4,5,4,True,1320.0,2520.0
20260629_314,DI,82,2,TTX,treatment,slow,coact,baseline_floor,5,2,6.0,0.3333333333333333,14,4,5,4,True,1320.0,2520.0
20260629_314,DI,82,2,TTX,treatment,slow,chorus_norm,unfloored,0,8,24.0,0.3333333333333333,14,4,5,4,True,1320.0,2520.0
20260629_314,DI,82,2,TTX,treatment,slow,chorus_norm,own_floor,4,4,12.0,0.3333333333333333,14,4,5,4,True,1320.0,2520.0
20260629_314,DI,82,2,TTX,treatment,slow,chorus_norm,baseline_floor,5,1,3.0,0.3333333333333333,14,4,5,4,True,1320.0,2520.0
20260629_314,DI,82,2,TTX,treatment,slow,chorus_gain_norm,unfloored,0,4,12.0,0.3333333333333333,14,4,5,4,True,1320.0,2520.0
20260629_314,DI,82,2,TTX,treatment,slow,chorus_gain_norm,own_floor,4,2,6.0,0.3333333333333333,14,4,5,4,True,1320.0,2520.0
20260629_314,DI,82,2,TTX,treatment,slow,chorus_gain_norm,baseline_floor,5,1,3.0,0.3333333333333333,14,4,5,4,True,1320.0,2520.0
20260629_314,DI,82,2,TTX,treatment,combined,coact,tuned,4,5,15.0,0.3333333333333333,14,4,8,4,True,1320.0,2520.0
20260629_314,DI,82,2,TTX,treatment,combined,coact,own_floor,4,5,15.0,0.3333333333333333,14,4,8,4,True,1320.0,2520.0
20260629_314,DI,82,2,TTX,treatment,combined,coact,baseline_floor,8,0,0.0,0.3333333333333333,14,4,8,4,True,1320.0,2520.0
20260629_314,DI,82,2,TTX,treatment,combined,chorus_norm,unfloored,0,13,39.0,0.3333333333333333,14,4,8,4,True,1320.0,2520.0
20260629_314,DI,82,2,TTX,treatment,combined,chorus_norm,own_floor,4,5,15.0,0.3333333333333333,14,4,8,4,True,1320.0,2520.0
20260629_314,DI,82,2,TTX,treatment,combined,chorus_norm,baseline_floor,8,0,0.0,0.3333333333333333,14,4,8,4,True,1320.0,2520.0
20260629_314,DI,82,2,TTX,treatment,combined,chorus_gain_norm,unfloored,0,5,15.0,0.3333333333333333,14,4,8,4,True,1320.0,2520.0
20260629_314,DI,82,2,TTX,treatment,combined,chorus_gain_norm,own_floor,4,5,15.0,0.3333333333333333,14,4,8,4,True,1320.0,2520.0
20260629_314,DI,82,2,TTX,treatment,combined,chorus_gain_norm,baseline_floor,8,0,0.0,0.3333333333333333,14,4,8,4,True,1320.0,2520.0
20260629_314,DI,82,3,high K+,treatment,fast,coact,tuned,3,0,0.0,0.08747522249999999,14,4,8,4,True,2700.0,3014.910801
20260629_314,DI,82,3,high K+,treatment,fast,coact,own_floor,4,0,0.0,0.08747522249999999,14,4,8,4,True,2700.0,3014.910801
20260629_314,DI,82,3,high K+,treatment,fast,coact,baseline_floor,8,0,0.0,0.08747522249999999,14,4,8,4,True,2700.0,3014.910801
20260629_314,DI,82,3,high K+,treatment,fast,chorus_norm,unfloored,0,3,34.295425770423165,0.08747522249999999,14,4,8,4,True,2700.0,3014.910801
20260629_314,DI,82,3,high K+,treatment,fast,chorus_norm,own_floor,4,0,0.0,0.08747522249999999,14,4,8,4,True,2700.0,3014.910801
20260629_314,DI,82,3,high K+,treatment,fast,chorus_norm,baseline_floor,8,0,0.0,0.08747522249999999,14,4,8,4,True,2700.0,3014.910801
20260629_314,DI,82,3,high K+,treatment,fast,chorus_gain_norm,unfloored,0,0,0.0,0.08747522249999999,14,4,8,4,True,2700.0,3014.910801
20260629_314,DI,82,3,high K+,treatment,fast,chorus_gain_norm,own_floor,4,0,0.0,0.08747522249999999,14,4,8,4,True,2700.0,3014.910801
20260629_314,DI,82,3,high K+,treatment,fast,chorus_gain_norm,baseline_floor,8,0,0.0,0.08747522249999999,14,4,8,4,True,2700.0,3014.910801
20260629_314,DI,82,3,high K+,treatment,slow,coact,tuned,6,0,0.0,0.08747522249999999,14,4,5,4,True,2700.0,3014.910801
20260629_314,DI,82,3,high K+,treatment,slow,coact,own_floor,4,0,0.0,0.08747522249999999,14,4,5,4,True,2700.0,3014.910801
20260629_314,DI,82,3,high K+,treatment,slow,coact,baseline_floor,5,0,0.0,0.08747522249999999,14,4,5,4,True,2700.0,3014.910801
20260629_314,DI,82,3,high K+,treatment,slow,chorus_norm,unfloored,0,1,11.431808590141054,0.08747522249999999,14,4,5,4,True,2700.0,3014.910801
20260629_314,DI,82,3,high K+,treatment,slow,chorus_norm,own_floor,4,0,0.0,0.08747522249999999,14,4,5,4,True,2700.0,3014.910801
20260629_314,DI,82,3,high K+,treatment,slow,chorus_norm,baseline_floor,5,0,0.0,0.08747522249999999,14,4,5,4,True,2700.0,3014.910801
20260629_314,DI,82,3,high K+,treatment,slow,chorus_gain_norm,unfloored,0,0,0.0,0.08747522249999999,14,4,5,4,True,2700.0,3014.910801
20260629_314,DI,82,3,high K+,treatment,slow,chorus_gain_norm,own_floor,4,0,0.0,0.08747522249999999,14,4,5,4,True,2700.0,3014.910801
20260629_314,DI,82,3,high K+,treatment,slow,chorus_gain_norm,baseline_floor,5,0,0.0,0.08747522249999999,14,4,5,4,True,2700.0,3014.910801
20260629_314,DI,82,3,high K+,treatment,combined,coact,tuned,4,1,11.431808590141054,0.08747522249999999,14,6,8,6,True,2700.0,3014.910801
20260629_314,DI,82,3,high K+,treatment,combined,coact,own_floor,6,0,0.0,0.08747522249999999,14,6,8,6,True,2700.0,3014.910801
20260629_314,DI,82,3,high K+,treatment,combined,coact,baseline_floor,8,0,0.0,0.08747522249999999,14,6,8,6,True,2700.0,3014.910801
20260629_314,DI,82,3,high K+,treatment,combined,chorus_norm,unfloored,0,2,22.86361718028211,0.08747522249999999,14,6,8,6,True,2700.0,3014.910801
20260629_314,DI,82,3,high K+,treatment,combined,chorus_norm,own_floor,6,0,0.0,0.08747522249999999,14,6,8,6,True,2700.0,3014.910801
20260629_314,DI,82,3,high K+,treatment,combined,chorus_norm,baseline_floor,8,0,0.0,0.08747522249999999,14,6,8,6,True,2700.0,3014.910801
20260629_314,DI,82,3,high K+,treatment,combined,chorus_gain_norm,unfloored,0,0,0.0,0.08747522249999999,14,6,8,6,True,2700.0,3014.910801
20260629_314,DI,82,3,high K+,treatment,combined,chorus_gain_norm,own_floor,6,0,0.0,0.08747522249999999,14,6,8,6,True,2700.0,3014.910801
20260629_314,DI,82,3,high K+,treatment,combined,chorus_gain_norm,baseline_floor,8,0,0.0,0.08747522249999999,14,6,8,6,True,2700.0,3014.910801
20260630_316,DI,83,1,baseline,baseline,fast,coact,tuned,3,17,51.0,0.3333333333333333,34,9,9,9,True,0.0,1200.0
20260630_316,DI,83,1,baseline,baseline,fast,coact,own_floor,9,5,15.0,0.3333333333333333,34,9,9,9,True,0.0,1200.0
20260630_316,DI,83,1,baseline,baseline,fast,coact,baseline_floor,9,5,15.0,0.3333333333333333,34,9,9,9,True,0.0,1200.0
20260630_316,DI,83,1,baseline,baseline,fast,chorus_norm,unfloored,0,25,75.0,0.3333333333333333,34,9,9,9,True,0.0,1200.0
20260630_316,DI,83,1,baseline,baseline,fast,chorus_norm,own_floor,9,6,18.0,0.3333333333333333,34,9,9,9,True,0.0,1200.0
20260630_316,DI,83,1,baseline,baseline,fast,chorus_norm,baseline_floor,9,6,18.0,0.3333333333333333,34,9,9,9,True,0.0,1200.0
20260630_316,DI,83,1,baseline,baseline,fast,chorus_gain_norm,unfloored,0,15,45.0,0.3333333333333333,34,9,9,9,True,0.0,1200.0
20260630_316,DI,83,1,baseline,baseline,fast,chorus_gain_norm,own_floor,9,1,3.0,0.3333333333333333,34,9,9,9,True,0.0,1200.0
20260630_316,DI,83,1,baseline,baseline,fast,chorus_gain_norm,baseline_floor,9,1,3.0,0.3333333333333333,34,9,9,9,True,0.0,1200.0
20260630_316,DI,83,1,baseline,baseline,slow,coact,tuned,6,31,93.0,0.3333333333333333,34,12,12,12,True,0.0,1200.0
20260630_316,DI,83,1,baseline,baseline,slow,coact,own_floor,12,24,72.0,0.3333333333333333,34,12,12,12,True,0.0,1200.0
20260630_316,DI,83,1,baseline,baseline,slow,coact,baseline_floor,12,24,72.0,0.3333333333333333,34,12,12,12,True,0.0,1200.0
20260630_316,DI,83,1,baseline,baseline,slow,chorus_norm,unfloored,0,24,72.0,0.3333333333333333,34,12,12,12,True,0.0,1200.0
20260630_316,DI,83,1,baseline,baseline,slow,chorus_norm,own_floor,12,17,51.0,0.3333333333333333,34,12,12,12,True,0.0,1200.0
20260630_316,DI,83,1,baseline,baseline,slow,chorus_norm,baseline_floor,12,17,51.0,0.3333333333333333,34,12,12,12,True,0.0,1200.0
20260630_316,DI,83,1,baseline,baseline,slow,chorus_gain_norm,unfloored,0,21,63.0,0.3333333333333333,34,12,12,12,True,0.0,1200.0
20260630_316,DI,83,1,baseline,baseline,slow,chorus_gain_norm,own_floor,12,11,33.0,0.3333333333333333,34,12,12,12,True,0.0,1200.0
20260630_316,DI,83,1,baseline,baseline,slow,chorus_gain_norm,baseline_floor,12,11,33.0,0.3333333333333333,34,12,12,12,True,0.0,1200.0
20260630_316,DI,83,1,baseline,baseline,combined,coact,tuned,4,36,108.0,0.3333333333333333,34,14,14,14,True,0.0,1200.0
20260630_316,DI,83,1,baseline,baseline,combined,coact,own_floor,14,25,75.0,0.3333333333333333,34,14,14,14,True,0.0,1200.0
20260630_316,DI,83,1,baseline,baseline,combined,coact,baseline_floor,14,25,75.0,0.3333333333333333,34,14,14,14,True,0.0,1200.0
20260630_316,DI,83,1,baseline,baseline,combined,chorus_norm,unfloored,0,48,144.0,0.3333333333333333,34,14,14,14,True,0.0,1200.0
20260630_316,DI,83,1,baseline,baseline,combined,chorus_norm,own_floor,14,23,69.0,0.3333333333333333,34,14,14,14,True,0.0,1200.0
20260630_316,DI,83,1,baseline,baseline,combined,chorus_norm,baseline_floor,14,23,69.0,0.3333333333333333,34,14,14,14,True,0.0,1200.0
20260630_316,DI,83,1,baseline,baseline,combined,chorus_gain_norm,unfloored,0,40,120.0,0.3333333333333333,34,14,14,14,True,0.0,1200.0
20260630_316,DI,83,1,baseline,baseline,combined,chorus_gain_norm,own_floor,14,18,54.0,0.3333333333333333,34,14,14,14,True,0.0,1200.0
20260630_316,DI,83,1,baseline,baseline,combined,chorus_gain_norm,baseline_floor,14,18,54.0,0.3333333333333333,34,14,14,14,True,0.0,1200.0
20260630_316,DI,83,2,TTX,treatment,fast,coact,tuned,3,0,0.0,0.3333333333333333,34,3,9,3,True,1320.0,2520.0
20260630_316,DI,83,2,TTX,treatment,fast,coact,own_floor,3,0,0.0,0.3333333333333333,34,3,9,3,True,1320.0,2520.0
20260630_316,DI,83,2,TTX,treatment,fast,coact,baseline_floor,9,0,0.0,0.3333333333333333,34,3,9,3,True,1320.0,2520.0
20260630_316,DI,83,2,TTX,treatment,fast,chorus_norm,unfloored,0,0,0.0,0.3333333333333333,34,3,9,3,True,1320.0,2520.0
20260630_316,DI,83,2,TTX,treatment,fast,chorus_norm,own_floor,3,0,0.0,0.3333333333333333,34,3,9,3,True,1320.0,2520.0
20260630_316,DI,83,2,TTX,treatment,fast,chorus_norm,baseline_floor,9,0,0.0,0.3333333333333333,34,3,9,3,True,1320.0,2520.0
20260630_316,DI,83,2,TTX,treatment,fast,chorus_gain_norm,unfloored,0,0,0.0,0.3333333333333333,34,3,9,3,True,1320.0,2520.0
20260630_316,DI,83,2,TTX,treatment,fast,chorus_gain_norm,own_floor,3,0,0.0,0.3333333333333333,34,3,9,3,True,1320.0,2520.0
20260630_316,DI,83,2,TTX,treatment,fast,chorus_gain_norm,baseline_floor,9,0,0.0,0.3333333333333333,34,3,9,3,True,1320.0,2520.0
20260630_316,DI,83,2,TTX,treatment,slow,coact,tuned,6,3,9.0,0.3333333333333333,34,5,12,5,True,1320.0,2520.0
20260630_316,DI,83,2,TTX,treatment,slow,coact,own_floor,5,5,15.0,0.3333333333333333,34,5,12,5,True,1320.0,2520.0
20260630_316,DI,83,2,TTX,treatment,slow,coact,baseline_floor,12,0,0.0,0.3333333333333333,34,5,12,5,True,1320.0,2520.0
20260630_316,DI,83,2,TTX,treatment,slow,chorus_norm,unfloored,0,5,15.0,0.3333333333333333,34,5,12,5,True,1320.0,2520.0
20260630_316,DI,83,2,TTX,treatment,slow,chorus_norm,own_floor,5,3,9.0,0.3333333333333333,34,5,12,5,True,1320.0,2520.0
20260630_316,DI,83,2,TTX,treatment,slow,chorus_norm,baseline_floor,12,0,0.0,0.3333333333333333,34,5,12,5,True,1320.0,2520.0
20260630_316,DI,83,2,TTX,treatment,slow,chorus_gain_norm,unfloored,0,5,15.0,0.3333333333333333,34,5,12,5,True,1320.0,2520.0
20260630_316,DI,83,2,TTX,treatment,slow,chorus_gain_norm,own_floor,5,3,9.0,0.3333333333333333,34,5,12,5,True,1320.0,2520.0
20260630_316,DI,83,2,TTX,treatment,slow,chorus_gain_norm,baseline_floor,12,0,0.0,0.3333333333333333,34,5,12,5,True,1320.0,2520.0
20260630_316,DI,83,2,TTX,treatment,combined,coact,tuned,4,8,24.0,0.3333333333333333,34,5,14,5,True,1320.0,2520.0
20260630_316,DI,83,2,TTX,treatment,combined,coact,own_floor,5,5,15.0,0.3333333333333333,34,5,14,5,True,1320.0,2520.0
20260630_316,DI,83,2,TTX,treatment,combined,coact,baseline_floor,14,0,0.0,0.3333333333333333,34,5,14,5,True,1320.0,2520.0
20260630_316,DI,83,2,TTX,treatment,combined,chorus_norm,unfloored,0,7,21.0,0.3333333333333333,34,5,14,5,True,1320.0,2520.0
20260630_316,DI,83,2,TTX,treatment,combined,chorus_norm,own_floor,5,3,9.0,0.3333333333333333,34,5,14,5,True,1320.0,2520.0
20260630_316,DI,83,2,TTX,treatment,combined,chorus_norm,baseline_floor,14,1,3.0,0.3333333333333333,34,5,14,5,True,1320.0,2520.0
20260630_316,DI,83,2,TTX,treatment,combined,chorus_gain_norm,unfloored,0,6,18.0,0.3333333333333333,34,5,14,5,True,1320.0,2520.0
20260630_316,DI,83,2,TTX,treatment,combined,chorus_gain_norm,own_floor,5,3,9.0,0.3333333333333333,34,5,14,5,True,1320.0,2520.0
20260630_316,DI,83,2,TTX,treatment,combined,chorus_gain_norm,baseline_floor,14,1,3.0,0.3333333333333333,34,5,14,5,True,1320.0,2520.0
20260630_316,DI,83,3,high K+,treatment,fast,coact,tuned,3,1,8.001586074391666,0.1249752225,34,5,9,5,True,2700.0,3149.910801
20260630_316,DI,83,3,high K+,treatment,fast,coact,own_floor,5,0,0.0,0.1249752225,34,5,9,5,True,2700.0,3149.910801
20260630_316,DI,83,3,high K+,treatment,fast,coact,baseline_floor,9,0,0.0,0.1249752225,34,5,9,5,True,2700.0,3149.910801
20260630_316,DI,83,3,high K+,treatment,fast,chorus_norm,unfloored,0,1,8.001586074391666,0.1249752225,34,5,9,5,True,2700.0,3149.910801
20260630_316,DI,83,3,high K+,treatment,fast,chorus_norm,own_floor,5,0,0.0,0.1249752225,34,5,9,5,True,2700.0,3149.910801
20260630_316,DI,83,3,high K+,treatment,fast,chorus_norm,baseline_floor,9,0,0.0,0.1249752225,34,5,9,5,True,2700.0,3149.910801
20260630_316,DI,83,3,high K+,treatment,fast,chorus_gain_norm,unfloored,0,1,8.001586074391666,0.1249752225,34,5,9,5,True,2700.0,3149.910801
20260630_316,DI,83,3,high K+,treatment,fast,chorus_gain_norm,own_floor,5,0,0.0,0.1249752225,34,5,9,5,True,2700.0,3149.910801
20260630_316,DI,83,3,high K+,treatment,fast,chorus_gain_norm,baseline_floor,9,0,0.0,0.1249752225,34,5,9,5,True,2700.0,3149.910801
20260630_316,DI,83,3,high K+,treatment,slow,coact,tuned,6,4,32.00634429756666,0.1249752225,34,8,12,8,True,2700.0,3149.910801
20260630_316,DI,83,3,high K+,treatment,slow,coact,own_floor,8,2,16.00317214878333,0.1249752225,34,8,12,8,True,2700.0,3149.910801
20260630_316,DI,83,3,high K+,treatment,slow,coact,baseline_floor,12,0,0.0,0.1249752225,34,8,12,8,True,2700.0,3149.910801
20260630_316,DI,83,3,high K+,treatment,slow,chorus_norm,unfloored,0,2,16.00317214878333,0.1249752225,34,8,12,8,True,2700.0,3149.910801
20260630_316,DI,83,3,high K+,treatment,slow,chorus_norm,own_floor,8,1,8.001586074391666,0.1249752225,34,8,12,8,True,2700.0,3149.910801
20260630_316,DI,83,3,high K+,treatment,slow,chorus_norm,baseline_floor,12,0,0.0,0.1249752225,34,8,12,8,True,2700.0,3149.910801
20260630_316,DI,83,3,high K+,treatment,slow,chorus_gain_norm,unfloored,0,2,16.00317214878333,0.1249752225,34,8,12,8,True,2700.0,3149.910801
20260630_316,DI,83,3,high K+,treatment,slow,chorus_gain_norm,own_floor,8,1,8.001586074391666,0.1249752225,34,8,12,8,True,2700.0,3149.910801
20260630_316,DI,83,3,high K+,treatment,slow,chorus_gain_norm,baseline_floor,12,0,0.0,0.1249752225,34,8,12,8,True,2700.0,3149.910801
20260630_316,DI,83,3,high K+,treatment,combined,coact,tuned,4,3,24.004758223175,0.1249752225,34,8,14,8,True,2700.0,3149.910801
20260630_316,DI,83,3,high K+,treatment,combined,coact,own_floor,8,2,16.00317214878333,0.1249752225,34,8,14,8,True,2700.0,3149.910801
20260630_316,DI,83,3,high K+,treatment,combined,coact,baseline_floor,14,0,0.0,0.1249752225,34,8,14,8,True,2700.0,3149.910801
20260630_316,DI,83,3,high K+,treatment,combined,chorus_norm,unfloored,0,4,32.00634429756666,0.1249752225,34,8,14,8,True,2700.0,3149.910801
20260630_316,DI,83,3,high K+,treatment,combined,chorus_norm,own_floor,8,1,8.001586074391666,0.1249752225,34,8,14,8,True,2700.0,3149.910801
20260630_316,DI,83,3,high K+,treatment,combined,chorus_norm,baseline_floor,14,0,0.0,0.1249752225,34,8,14,8,True,2700.0,3149.910801
20260630_316,DI,83,3,high K+,treatment,combined,chorus_gain_norm,unfloored,0,4,32.00634429756666,0.1249752225,34,8,14,8,True,2700.0,3149.910801
20260630_316,DI,83,3,high K+,treatment,combined,chorus_gain_norm,own_floor,8,1,8.001586074391666,0.1249752225,34,8,14,8,True,2700.0,3149.910801
20260630_316,DI,83,3,high K+,treatment,combined,chorus_gain_norm,baseline_floor,14,1,8.001586074391666,0.1249752225,34,8,14,8,True,2700.0,3149.910801
20260630_325,DI,83,1,baseline,baseline,fast,coact,tuned,3,16,48.0,0.3333333333333333,19,8,8,8,True,0.0,1200.0
20260630_325,DI,83,1,baseline,baseline,fast,coact,own_floor,8,8,24.0,0.3333333333333333,19,8,8,8,True,0.0,1200.0
20260630_325,DI,83,1,baseline,baseline,fast,coact,baseline_floor,8,8,24.0,0.3333333333333333,19,8,8,8,True,0.0,1200.0
20260630_325,DI,83,1,baseline,baseline,fast,chorus_norm,unfloored,0,37,111.0,0.3333333333333333,19,8,8,8,True,0.0,1200.0
20260630_325,DI,83,1,baseline,baseline,fast,chorus_norm,own_floor,8,8,24.0,0.3333333333333333,19,8,8,8,True,0.0,1200.0
20260630_325,DI,83,1,baseline,baseline,fast,chorus_norm,baseline_floor,8,8,24.0,0.3333333333333333,19,8,8,8,True,0.0,1200.0
20260630_325,DI,83,1,baseline,baseline,fast,chorus_gain_norm,unfloored,0,23,69.0,0.3333333333333333,19,8,8,8,True,0.0,1200.0
20260630_325,DI,83,1,baseline,baseline,fast,chorus_gain_norm,own_floor,8,5,15.0,0.3333333333333333,19,8,8,8,True,0.0,1200.0
20260630_325,DI,83,1,baseline,baseline,fast,chorus_gain_norm,baseline_floor,8,5,15.0,0.3333333333333333,19,8,8,8,True,0.0,1200.0
20260630_325,DI,83,1,baseline,baseline,slow,coact,tuned,6,27,81.0,0.3333333333333333,19,10,10,10,False,0.0,1200.0
20260630_325,DI,83,1,baseline,baseline,slow,coact,own_floor,10,26,78.0,0.3333333333333333,19,10,10,10,False,0.0,1200.0
20260630_325,DI,83,1,baseline,baseline,slow,coact,baseline_floor,10,26,78.0,0.3333333333333333,19,10,10,10,False,0.0,1200.0
20260630_325,DI,83,1,baseline,baseline,slow,chorus_norm,unfloored,0,35,105.0,0.3333333333333333,19,10,10,10,False,0.0,1200.0
20260630_325,DI,83,1,baseline,baseline,slow,chorus_norm,own_floor,10,27,81.0,0.3333333333333333,19,10,10,10,False,0.0,1200.0
20260630_325,DI,83,1,baseline,baseline,slow,chorus_norm,baseline_floor,10,27,81.0,0.3333333333333333,19,10,10,10,False,0.0,1200.0
20260630_325,DI,83,1,baseline,baseline,slow,chorus_gain_norm,unfloored,0,31,93.0,0.3333333333333333,19,10,10,10,False,0.0,1200.0
20260630_325,DI,83,1,baseline,baseline,slow,chorus_gain_norm,own_floor,10,24,72.0,0.3333333333333333,19,10,10,10,False,0.0,1200.0
20260630_325,DI,83,1,baseline,baseline,slow,chorus_gain_norm,baseline_floor,10,24,72.0,0.3333333333333333,19,10,10,10,False,0.0,1200.0
20260630_325,DI,83,1,baseline,baseline,combined,coact,tuned,4,29,87.0,0.3333333333333333,19,11,11,11,True,0.0,1200.0
20260630_325,DI,83,1,baseline,baseline,combined,coact,own_floor,11,27,81.0,0.3333333333333333,19,11,11,11,True,0.0,1200.0
20260630_325,DI,83,1,baseline,baseline,combined,coact,baseline_floor,11,27,81.0,0.3333333333333333,19,11,11,11,True,0.0,1200.0
20260630_325,DI,83,1,baseline,baseline,combined,chorus_norm,unfloored,0,52,156.0,0.3333333333333333,19,11,11,11,True,0.0,1200.0
20260630_325,DI,83,1,baseline,baseline,combined,chorus_norm,own_floor,11,33,99.0,0.3333333333333333,19,11,11,11,True,0.0,1200.0
20260630_325,DI,83,1,baseline,baseline,combined,chorus_norm,baseline_floor,11,33,99.0,0.3333333333333333,19,11,11,11,True,0.0,1200.0
20260630_325,DI,83,1,baseline,baseline,combined,chorus_gain_norm,unfloored,0,42,126.0,0.3333333333333333,19,11,11,11,True,0.0,1200.0
20260630_325,DI,83,1,baseline,baseline,combined,chorus_gain_norm,own_floor,11,29,87.0,0.3333333333333333,19,11,11,11,True,0.0,1200.0
20260630_325,DI,83,1,baseline,baseline,combined,chorus_gain_norm,baseline_floor,11,29,87.0,0.3333333333333333,19,11,11,11,True,0.0,1200.0
20260630_325,DI,83,2,TTX,treatment,fast,coact,tuned,3,6,18.0,0.3333333333333333,19,5,8,5,True,1320.0,2520.0
20260630_325,DI,83,2,TTX,treatment,fast,coact,own_floor,5,3,9.0,0.3333333333333333,19,5,8,5,True,1320.0,2520.0
20260630_325,DI,83,2,TTX,treatment,fast,coact,baseline_floor,8,2,6.0,0.3333333333333333,19,5,8,5,True,1320.0,2520.0
20260630_325,DI,83,2,TTX,treatment,fast,chorus_norm,unfloored,0,9,27.0,0.3333333333333333,19,5,8,5,True,1320.0,2520.0
20260630_325,DI,83,2,TTX,treatment,fast,chorus_norm,own_floor,5,3,9.0,0.3333333333333333,19,5,8,5,True,1320.0,2520.0
20260630_325,DI,83,2,TTX,treatment,fast,chorus_norm,baseline_floor,8,2,6.0,0.3333333333333333,19,5,8,5,True,1320.0,2520.0
20260630_325,DI,83,2,TTX,treatment,fast,chorus_gain_norm,unfloored,0,5,15.0,0.3333333333333333,19,5,8,5,True,1320.0,2520.0
20260630_325,DI,83,2,TTX,treatment,fast,chorus_gain_norm,own_floor,5,3,9.0,0.3333333333333333,19,5,8,5,True,1320.0,2520.0
20260630_325,DI,83,2,TTX,treatment,fast,chorus_gain_norm,baseline_floor,8,2,6.0,0.3333333333333333,19,5,8,5,True,1320.0,2520.0
20260630_325,DI,83,2,TTX,treatment,slow,coact,tuned,6,9,27.0,0.3333333333333333,19,6,10,6,True,1320.0,2520.0
20260630_325,DI,83,2,TTX,treatment,slow,coact,own_floor,6,9,27.0,0.3333333333333333,19,6,10,6,True,1320.0,2520.0
20260630_325,DI,83,2,TTX,treatment,slow,coact,baseline_floor,10,6,18.0,0.3333333333333333,19,6,10,6,True,1320.0,2520.0
20260630_325,DI,83,2,TTX,treatment,slow,chorus_norm,unfloored,0,11,33.0,0.3333333333333333,19,6,10,6,True,1320.0,2520.0
20260630_325,DI,83,2,TTX,treatment,slow,chorus_norm,own_floor,6,8,24.0,0.3333333333333333,19,6,10,6,True,1320.0,2520.0
20260630_325,DI,83,2,TTX,treatment,slow,chorus_norm,baseline_floor,10,5,15.0,0.3333333333333333,19,6,10,6,True,1320.0,2520.0
20260630_325,DI,83,2,TTX,treatment,slow,chorus_gain_norm,unfloored,0,11,33.0,0.3333333333333333,19,6,10,6,True,1320.0,2520.0
20260630_325,DI,83,2,TTX,treatment,slow,chorus_gain_norm,own_floor,6,8,24.0,0.3333333333333333,19,6,10,6,True,1320.0,2520.0
20260630_325,DI,83,2,TTX,treatment,slow,chorus_gain_norm,baseline_floor,10,5,15.0,0.3333333333333333,19,6,10,6,True,1320.0,2520.0
20260630_325,DI,83,2,TTX,treatment,combined,coact,tuned,4,12,36.0,0.3333333333333333,19,6,11,6,True,1320.0,2520.0
20260630_325,DI,83,2,TTX,treatment,combined,coact,own_floor,6,9,27.0,0.3333333333333333,19,6,11,6,True,1320.0,2520.0
20260630_325,DI,83,2,TTX,treatment,combined,coact,baseline_floor,11,7,21.0,0.3333333333333333,19,6,11,6,True,1320.0,2520.0
20260630_325,DI,83,2,TTX,treatment,combined,chorus_norm,unfloored,0,16,48.0,0.3333333333333333,19,6,11,6,True,1320.0,2520.0
20260630_325,DI,83,2,TTX,treatment,combined,chorus_norm,own_floor,6,9,27.0,0.3333333333333333,19,6,11,6,True,1320.0,2520.0
20260630_325,DI,83,2,TTX,treatment,combined,chorus_norm,baseline_floor,11,7,21.0,0.3333333333333333,19,6,11,6,True,1320.0,2520.0
20260630_325,DI,83,2,TTX,treatment,combined,chorus_gain_norm,unfloored,0,10,30.0,0.3333333333333333,19,6,11,6,True,1320.0,2520.0
20260630_325,DI,83,2,TTX,treatment,combined,chorus_gain_norm,own_floor,6,8,24.0,0.3333333333333333,19,6,11,6,True,1320.0,2520.0
20260630_325,DI,83,2,TTX,treatment,combined,chorus_gain_norm,baseline_floor,11,6,18.0,0.3333333333333333,19,6,11,6,True,1320.0,2520.0
20260630_325,DI,83,3,high K+,treatment,fast,coact,tuned,3,1,4.800570941503215,0.20830855583333333,19,3,8,3,True,2760.0,3509.910801
20260630_325,DI,83,3,high K+,treatment,fast,coact,own_floor,3,1,4.800570941503215,0.20830855583333333,19,3,8,3,True,2760.0,3509.910801
20260630_325,DI,83,3,high K+,treatment,fast,coact,baseline_floor,8,0,0.0,0.20830855583333333,19,3,8,3,True,2760.0,3509.910801
20260630_325,DI,83,3,high K+,treatment,fast,chorus_norm,unfloored,0,1,4.800570941503215,0.20830855583333333,19,3,8,3,True,2760.0,3509.910801
20260630_325,DI,83,3,high K+,treatment,fast,chorus_norm,own_floor,3,1,4.800570941503215,0.20830855583333333,19,3,8,3,True,2760.0,3509.910801
20260630_325,DI,83,3,high K+,treatment,fast,chorus_norm,baseline_floor,8,0,0.0,0.20830855583333333,19,3,8,3,True,2760.0,3509.910801
20260630_325,DI,83,3,high K+,treatment,fast,chorus_gain_norm,unfloored,0,1,4.800570941503215,0.20830855583333333,19,3,8,3,True,2760.0,3509.910801
20260630_325,DI,83,3,high K+,treatment,fast,chorus_gain_norm,own_floor,3,1,4.800570941503215,0.20830855583333333,19,3,8,3,True,2760.0,3509.910801
20260630_325,DI,83,3,high K+,treatment,fast,chorus_gain_norm,baseline_floor,8,0,0.0,0.20830855583333333,19,3,8,3,True,2760.0,3509.910801
20260630_325,DI,83,3,high K+,treatment,slow,coact,tuned,6,2,9.60114188300643,0.20830855583333333,19,5,10,5,True,2760.0,3509.910801
20260630_325,DI,83,3,high K+,treatment,slow,coact,own_floor,5,4,19.20228376601286,0.20830855583333333,19,5,10,5,True,2760.0,3509.910801
20260630_325,DI,83,3,high K+,treatment,slow,coact,baseline_floor,10,0,0.0,0.20830855583333333,19,5,10,5,True,2760.0,3509.910801
20260630_325,DI,83,3,high K+,treatment,slow,chorus_norm,unfloored,0,6,28.80342564901929,0.20830855583333333,19,5,10,5,True,2760.0,3509.910801
20260630_325,DI,83,3,high K+,treatment,slow,chorus_norm,own_floor,5,2,9.60114188300643,0.20830855583333333,19,5,10,5,True,2760.0,3509.910801
20260630_325,DI,83,3,high K+,treatment,slow,chorus_norm,baseline_floor,10,0,0.0,0.20830855583333333,19,5,10,5,True,2760.0,3509.910801
20260630_325,DI,83,3,high K+,treatment,slow,chorus_gain_norm,unfloored,0,3,14.401712824509644,0.20830855583333333,19,5,10,5,True,2760.0,3509.910801
20260630_325,DI,83,3,high K+,treatment,slow,chorus_gain_norm,own_floor,5,2,9.60114188300643,0.20830855583333333,19,5,10,5,True,2760.0,3509.910801
20260630_325,DI,83,3,high K+,treatment,slow,chorus_gain_norm,baseline_floor,10,0,0.0,0.20830855583333333,19,5,10,5,True,2760.0,3509.910801
20260630_325,DI,83,3,high K+,treatment,combined,coact,tuned,4,5,24.002854707516075,0.20830855583333333,19,6,11,6,True,2760.0,3509.910801
20260630_325,DI,83,3,high K+,treatment,combined,coact,own_floor,6,3,14.401712824509644,0.20830855583333333,19,6,11,6,True,2760.0,3509.910801
20260630_325,DI,83,3,high K+,treatment,combined,coact,baseline_floor,11,0,0.0,0.20830855583333333,19,6,11,6,True,2760.0,3509.910801
20260630_325,DI,83,3,high K+,treatment,combined,chorus_norm,unfloored,0,6,28.80342564901929,0.20830855583333333,19,6,11,6,True,2760.0,3509.910801
20260630_325,DI,83,3,high K+,treatment,combined,chorus_norm,own_floor,6,2,9.60114188300643,0.20830855583333333,19,6,11,6,True,2760.0,3509.910801
20260630_325,DI,83,3,high K+,treatment,combined,chorus_norm,baseline_floor,11,0,0.0,0.20830855583333333,19,6,11,6,True,2760.0,3509.910801
20260630_325,DI,83,3,high K+,treatment,combined,chorus_gain_norm,unfloored,0,4,19.20228376601286,0.20830855583333333,19,6,11,6,True,2760.0,3509.910801
20260630_325,DI,83,3,high K+,treatment,combined,chorus_gain_norm,own_floor,6,2,9.60114188300643,0.20830855583333333,19,6,11,6,True,2760.0,3509.910801
20260630_325,DI,83,3,high K+,treatment,combined,chorus_gain_norm,baseline_floor,11,0,0.0,0.20830855583333333,19,6,11,6,True,2760.0,3509.910801
20260701_328,OVX,84,1,baseline,baseline,fast,coact,tuned,3,1,3.0,0.3333333333333333,25,4,4,4,True,0.0,1200.0
20260701_328,OVX,84,1,baseline,baseline,fast,coact,own_floor,4,0,0.0,0.3333333333333333,25,4,4,4,True,0.0,1200.0
20260701_328,OVX,84,1,baseline,baseline,fast,coact,baseline_floor,4,0,0.0,0.3333333333333333,25,4,4,4,True,0.0,1200.0
20260701_328,OVX,84,1,baseline,baseline,fast,chorus_norm,unfloored,0,0,0.0,0.3333333333333333,25,4,4,4,True,0.0,1200.0
20260701_328,OVX,84,1,baseline,baseline,fast,chorus_norm,own_floor,4,0,0.0,0.3333333333333333,25,4,4,4,True,0.0,1200.0
20260701_328,OVX,84,1,baseline,baseline,fast,chorus_norm,baseline_floor,4,0,0.0,0.3333333333333333,25,4,4,4,True,0.0,1200.0
20260701_328,OVX,84,1,baseline,baseline,fast,chorus_gain_norm,unfloored,0,0,0.0,0.3333333333333333,25,4,4,4,True,0.0,1200.0
20260701_328,OVX,84,1,baseline,baseline,fast,chorus_gain_norm,own_floor,4,0,0.0,0.3333333333333333,25,4,4,4,True,0.0,1200.0
20260701_328,OVX,84,1,baseline,baseline,fast,chorus_gain_norm,baseline_floor,4,0,0.0,0.3333333333333333,25,4,4,4,True,0.0,1200.0
20260701_328,OVX,84,1,baseline,baseline,slow,coact,tuned,6,0,0.0,0.3333333333333333,25,3,3,3,True,0.0,1200.0
20260701_328,OVX,84,1,baseline,baseline,slow,coact,own_floor,3,0,0.0,0.3333333333333333,25,3,3,3,True,0.0,1200.0
20260701_328,OVX,84,1,baseline,baseline,slow,coact,baseline_floor,3,0,0.0,0.3333333333333333,25,3,3,3,True,0.0,1200.0
20260701_328,OVX,84,1,baseline,baseline,slow,chorus_norm,unfloored,0,0,0.0,0.3333333333333333,25,3,3,3,True,0.0,1200.0
20260701_328,OVX,84,1,baseline,baseline,slow,chorus_norm,own_floor,3,0,0.0,0.3333333333333333,25,3,3,3,True,0.0,1200.0
20260701_328,OVX,84,1,baseline,baseline,slow,chorus_norm,baseline_floor,3,0,0.0,0.3333333333333333,25,3,3,3,True,0.0,1200.0
20260701_328,OVX,84,1,baseline,baseline,slow,chorus_gain_norm,unfloored,0,0,0.0,0.3333333333333333,25,3,3,3,True,0.0,1200.0
20260701_328,OVX,84,1,baseline,baseline,slow,chorus_gain_norm,own_floor,3,0,0.0,0.3333333333333333,25,3,3,3,True,0.0,1200.0
20260701_328,OVX,84,1,baseline,baseline,slow,chorus_gain_norm,baseline_floor,3,0,0.0,0.3333333333333333,25,3,3,3,True,0.0,1200.0
20260701_328,OVX,84,1,baseline,baseline,combined,coact,tuned,4,0,0.0,0.3333333333333333,25,4,4,4,True,0.0,1200.0
20260701_328,OVX,84,1,baseline,baseline,combined,coact,own_floor,4,0,0.0,0.3333333333333333,25,4,4,4,True,0.0,1200.0
20260701_328,OVX,84,1,baseline,baseline,combined,coact,baseline_floor,4,0,0.0,0.3333333333333333,25,4,4,4,True,0.0,1200.0
20260701_328,OVX,84,1,baseline,baseline,combined,chorus_norm,unfloored,0,0,0.0,0.3333333333333333,25,4,4,4,True,0.0,1200.0
20260701_328,OVX,84,1,baseline,baseline,combined,chorus_norm,own_floor,4,0,0.0,0.3333333333333333,25,4,4,4,True,0.0,1200.0
20260701_328,OVX,84,1,baseline,baseline,combined,chorus_norm,baseline_floor,4,0,0.0,0.3333333333333333,25,4,4,4,True,0.0,1200.0
20260701_328,OVX,84,1,baseline,baseline,combined,chorus_gain_norm,unfloored,0,0,0.0,0.3333333333333333,25,4,4,4,True,0.0,1200.0
20260701_328,OVX,84,1,baseline,baseline,combined,chorus_gain_norm,own_floor,4,0,0.0,0.3333333333333333,25,4,4,4,True,0.0,1200.0
20260701_328,OVX,84,1,baseline,baseline,combined,chorus_gain_norm,baseline_floor,4,0,0.0,0.3333333333333333,25,4,4,4,True,0.0,1200.0
20260701_328,OVX,84,2,TTX,treatment,fast,coact,tuned,3,1,3.0,0.3333333333333333,25,4,4,4,True,1320.0,2520.0
20260701_328,OVX,84,2,TTX,treatment,fast,coact,own_floor,4,0,0.0,0.3333333333333333,25,4,4,4,True,1320.0,2520.0
20260701_328,OVX,84,2,TTX,treatment,fast,coact,baseline_floor,4,0,0.0,0.3333333333333333,25,4,4,4,True,1320.0,2520.0
20260701_328,OVX,84,2,TTX,treatment,fast,chorus_norm,unfloored,0,1,3.0,0.3333333333333333,25,4,4,4,True,1320.0,2520.0
20260701_328,OVX,84,2,TTX,treatment,fast,chorus_norm,own_floor,4,0,0.0,0.3333333333333333,25,4,4,4,True,1320.0,2520.0
20260701_328,OVX,84,2,TTX,treatment,fast,chorus_norm,baseline_floor,4,0,0.0,0.3333333333333333,25,4,4,4,True,1320.0,2520.0
20260701_328,OVX,84,2,TTX,treatment,fast,chorus_gain_norm,unfloored,0,0,0.0,0.3333333333333333,25,4,4,4,True,1320.0,2520.0
20260701_328,OVX,84,2,TTX,treatment,fast,chorus_gain_norm,own_floor,4,0,0.0,0.3333333333333333,25,4,4,4,True,1320.0,2520.0
20260701_328,OVX,84,2,TTX,treatment,fast,chorus_gain_norm,baseline_floor,4,0,0.0,0.3333333333333333,25,4,4,4,True,1320.0,2520.0
20260701_328,OVX,84,2,TTX,treatment,slow,coact,tuned,6,0,0.0,0.3333333333333333,25,3,3,3,True,1320.0,2520.0
20260701_328,OVX,84,2,TTX,treatment,slow,coact,own_floor,3,2,6.0,0.3333333333333333,25,3,3,3,True,1320.0,2520.0
20260701_328,OVX,84,2,TTX,treatment,slow,coact,baseline_floor,3,2,6.0,0.3333333333333333,25,3,3,3,True,1320.0,2520.0
20260701_328,OVX,84,2,TTX,treatment,slow,chorus_norm,unfloored,0,1,3.0,0.3333333333333333,25,3,3,3,True,1320.0,2520.0
20260701_328,OVX,84,2,TTX,treatment,slow,chorus_norm,own_floor,3,1,3.0,0.3333333333333333,25,3,3,3,True,1320.0,2520.0
20260701_328,OVX,84,2,TTX,treatment,slow,chorus_norm,baseline_floor,3,1,3.0,0.3333333333333333,25,3,3,3,True,1320.0,2520.0
20260701_328,OVX,84,2,TTX,treatment,slow,chorus_gain_norm,unfloored,0,0,0.0,0.3333333333333333,25,3,3,3,True,1320.0,2520.0
20260701_328,OVX,84,2,TTX,treatment,slow,chorus_gain_norm,own_floor,3,0,0.0,0.3333333333333333,25,3,3,3,True,1320.0,2520.0
20260701_328,OVX,84,2,TTX,treatment,slow,chorus_gain_norm,baseline_floor,3,0,0.0,0.3333333333333333,25,3,3,3,True,1320.0,2520.0
20260701_328,OVX,84,2,TTX,treatment,combined,coact,tuned,4,1,3.0,0.3333333333333333,25,4,4,4,True,1320.0,2520.0
20260701_328,OVX,84,2,TTX,treatment,combined,coact,own_floor,4,1,3.0,0.3333333333333333,25,4,4,4,True,1320.0,2520.0
20260701_328,OVX,84,2,TTX,treatment,combined,coact,baseline_floor,4,1,3.0,0.3333333333333333,25,4,4,4,True,1320.0,2520.0
20260701_328,OVX,84,2,TTX,treatment,combined,chorus_norm,unfloored,0,1,3.0,0.3333333333333333,25,4,4,4,True,1320.0,2520.0
20260701_328,OVX,84,2,TTX,treatment,combined,chorus_norm,own_floor,4,1,3.0,0.3333333333333333,25,4,4,4,True,1320.0,2520.0
20260701_328,OVX,84,2,TTX,treatment,combined,chorus_norm,baseline_floor,4,1,3.0,0.3333333333333333,25,4,4,4,True,1320.0,2520.0
20260701_328,OVX,84,2,TTX,treatment,combined,chorus_gain_norm,unfloored,0,1,3.0,0.3333333333333333,25,4,4,4,True,1320.0,2520.0
20260701_328,OVX,84,2,TTX,treatment,combined,chorus_gain_norm,own_floor,4,1,3.0,0.3333333333333333,25,4,4,4,True,1320.0,2520.0
20260701_328,OVX,84,2,TTX,treatment,combined,chorus_gain_norm,baseline_floor,4,1,3.0,0.3333333333333333,25,4,4,4,True,1320.0,2520.0
20260701_328,OVX,84,3,high K+,treatment,fast,coact,tuned,3,1,6.858308103284772,0.14580855583333333,25,9,4,9,False,2820.0,3344.910801
20260701_328,OVX,84,3,high K+,treatment,fast,coact,own_floor,9,1,6.858308103284772,0.14580855583333333,25,9,4,9,False,2820.0,3344.910801
20260701_328,OVX,84,3,high K+,treatment,fast,coact,baseline_floor,4,1,6.858308103284772,0.14580855583333333,25,9,4,9,False,2820.0,3344.910801
20260701_328,OVX,84,3,high K+,treatment,fast,chorus_norm,unfloored,0,8,54.866464826278175,0.14580855583333333,25,9,4,9,False,2820.0,3344.910801
20260701_328,OVX,84,3,high K+,treatment,fast,chorus_norm,own_floor,9,0,0.0,0.14580855583333333,25,9,4,9,False,2820.0,3344.910801
20260701_328,OVX,84,3,high K+,treatment,fast,chorus_norm,baseline_floor,4,4,27.433232413139088,0.14580855583333333,25,9,4,9,False,2820.0,3344.910801
20260701_328,OVX,84,3,high K+,treatment,fast,chorus_gain_norm,unfloored,0,2,13.716616206569544,0.14580855583333333,25,9,4,9,False,2820.0,3344.910801
20260701_328,OVX,84,3,high K+,treatment,fast,chorus_gain_norm,own_floor,9,0,0.0,0.14580855583333333,25,9,4,9,False,2820.0,3344.910801
20260701_328,OVX,84,3,high K+,treatment,fast,chorus_gain_norm,baseline_floor,4,1,6.858308103284772,0.14580855583333333,25,9,4,9,False,2820.0,3344.910801
20260701_328,OVX,84,3,high K+,treatment,slow,coact,tuned,6,2,13.716616206569544,0.14580855583333333,25,9,3,9,True,2820.0,3344.910801
20260701_328,OVX,84,3,high K+,treatment,slow,coact,own_floor,9,2,13.716616206569544,0.14580855583333333,25,9,3,9,True,2820.0,3344.910801
20260701_328,OVX,84,3,high K+,treatment,slow,coact,baseline_floor,3,3,20.574924309854314,0.14580855583333333,25,9,3,9,True,2820.0,3344.910801
20260701_328,OVX,84,3,high K+,treatment,slow,chorus_norm,unfloored,0,0,0.0,0.14580855583333333,25,9,3,9,True,2820.0,3344.910801
20260701_328,OVX,84,3,high K+,treatment,slow,chorus_norm,own_floor,9,0,0.0,0.14580855583333333,25,9,3,9,True,2820.0,3344.910801
20260701_328,OVX,84,3,high K+,treatment,slow,chorus_norm,baseline_floor,3,0,0.0,0.14580855583333333,25,9,3,9,True,2820.0,3344.910801
20260701_328,OVX,84,3,high K+,treatment,slow,chorus_gain_norm,unfloored,0,2,13.716616206569544,0.14580855583333333,25,9,3,9,True,2820.0,3344.910801
20260701_328,OVX,84,3,high K+,treatment,slow,chorus_gain_norm,own_floor,9,2,13.716616206569544,0.14580855583333333,25,9,3,9,True,2820.0,3344.910801
20260701_328,OVX,84,3,high K+,treatment,slow,chorus_gain_norm,baseline_floor,3,2,13.716616206569544,0.14580855583333333,25,9,3,9,True,2820.0,3344.910801
20260701_328,OVX,84,3,high K+,treatment,combined,coact,tuned,4,3,20.574924309854314,0.14580855583333333,25,11,4,11,True,2820.0,3344.910801
20260701_328,OVX,84,3,high K+,treatment,combined,coact,own_floor,11,3,20.574924309854314,0.14580855583333333,25,11,4,11,True,2820.0,3344.910801
20260701_328,OVX,84,3,high K+,treatment,combined,coact,baseline_floor,4,3,20.574924309854314,0.14580855583333333,25,11,4,11,True,2820.0,3344.910801
20260701_328,OVX,84,3,high K+,treatment,combined,chorus_norm,unfloored,0,11,75.44138913613249,0.14580855583333333,25,11,4,11,True,2820.0,3344.910801
20260701_328,OVX,84,3,high K+,treatment,combined,chorus_norm,own_floor,11,2,13.716616206569544,0.14580855583333333,25,11,4,11,True,2820.0,3344.910801
20260701_328,OVX,84,3,high K+,treatment,combined,chorus_norm,baseline_floor,4,10,68.58308103284772,0.14580855583333333,25,11,4,11,True,2820.0,3344.910801
20260701_328,OVX,84,3,high K+,treatment,combined,chorus_gain_norm,unfloored,0,12,82.29969723941726,0.14580855583333333,25,11,4,11,True,2820.0,3344.910801
20260701_328,OVX,84,3,high K+,treatment,combined,chorus_gain_norm,own_floor,11,1,6.858308103284772,0.14580855583333333,25,11,4,11,True,2820.0,3344.910801
20260701_328,OVX,84,3,high K+,treatment,combined,chorus_gain_norm,baseline_floor,4,12,82.29969723941726,0.14580855583333333,25,11,4,11,True,2820.0,3344.910801
20260701_331,OVX,84,1,baseline,baseline,fast,coact,tuned,3,0,0.0,0.3333333333333333,26,5,5,5,True,0.0,1200.0
20260701_331,OVX,84,1,baseline,baseline,fast,coact,own_floor,5,0,0.0,0.3333333333333333,26,5,5,5,True,0.0,1200.0
20260701_331,OVX,84,1,baseline,baseline,fast,coact,baseline_floor,5,0,0.0,0.3333333333333333,26,5,5,5,True,0.0,1200.0
20260701_331,OVX,84,1,baseline,baseline,fast,chorus_norm,unfloored,0,0,0.0,0.3333333333333333,26,5,5,5,True,0.0,1200.0
20260701_331,OVX,84,1,baseline,baseline,fast,chorus_norm,own_floor,5,0,0.0,0.3333333333333333,26,5,5,5,True,0.0,1200.0
20260701_331,OVX,84,1,baseline,baseline,fast,chorus_norm,baseline_floor,5,0,0.0,0.3333333333333333,26,5,5,5,True,0.0,1200.0
20260701_331,OVX,84,1,baseline,baseline,fast,chorus_gain_norm,unfloored,0,0,0.0,0.3333333333333333,26,5,5,5,True,0.0,1200.0
20260701_331,OVX,84,1,baseline,baseline,fast,chorus_gain_norm,own_floor,5,0,0.0,0.3333333333333333,26,5,5,5,True,0.0,1200.0
20260701_331,OVX,84,1,baseline,baseline,fast,chorus_gain_norm,baseline_floor,5,0,0.0,0.3333333333333333,26,5,5,5,True,0.0,1200.0
20260701_331,OVX,84,1,baseline,baseline,slow,coact,tuned,6,0,0.0,0.3333333333333333,26,3,3,3,True,0.0,1200.0
20260701_331,OVX,84,1,baseline,baseline,slow,coact,own_floor,3,0,0.0,0.3333333333333333,26,3,3,3,True,0.0,1200.0
20260701_331,OVX,84,1,baseline,baseline,slow,coact,baseline_floor,3,0,0.0,0.3333333333333333,26,3,3,3,True,0.0,1200.0
20260701_331,OVX,84,1,baseline,baseline,slow,chorus_norm,unfloored,0,0,0.0,0.3333333333333333,26,3,3,3,True,0.0,1200.0
20260701_331,OVX,84,1,baseline,baseline,slow,chorus_norm,own_floor,3,0,0.0,0.3333333333333333,26,3,3,3,True,0.0,1200.0
20260701_331,OVX,84,1,baseline,baseline,slow,chorus_norm,baseline_floor,3,0,0.0,0.3333333333333333,26,3,3,3,True,0.0,1200.0
20260701_331,OVX,84,1,baseline,baseline,slow,chorus_gain_norm,unfloored,0,0,0.0,0.3333333333333333,26,3,3,3,True,0.0,1200.0
20260701_331,OVX,84,1,baseline,baseline,slow,chorus_gain_norm,own_floor,3,0,0.0,0.3333333333333333,26,3,3,3,True,0.0,1200.0
20260701_331,OVX,84,1,baseline,baseline,slow,chorus_gain_norm,baseline_floor,3,0,0.0,0.3333333333333333,26,3,3,3,True,0.0,1200.0
20260701_331,OVX,84,1,baseline,baseline,combined,coact,tuned,4,0,0.0,0.3333333333333333,26,5,5,5,True,0.0,1200.0
20260701_331,OVX,84,1,baseline,baseline,combined,coact,own_floor,5,0,0.0,0.3333333333333333,26,5,5,5,True,0.0,1200.0
20260701_331,OVX,84,1,baseline,baseline,combined,coact,baseline_floor,5,0,0.0,0.3333333333333333,26,5,5,5,True,0.0,1200.0
20260701_331,OVX,84,1,baseline,baseline,combined,chorus_norm,unfloored,0,0,0.0,0.3333333333333333,26,5,5,5,True,0.0,1200.0
20260701_331,OVX,84,1,baseline,baseline,combined,chorus_norm,own_floor,5,0,0.0,0.3333333333333333,26,5,5,5,True,0.0,1200.0
20260701_331,OVX,84,1,baseline,baseline,combined,chorus_norm,baseline_floor,5,0,0.0,0.3333333333333333,26,5,5,5,True,0.0,1200.0
20260701_331,OVX,84,1,baseline,baseline,combined,chorus_gain_norm,unfloored,0,0,0.0,0.3333333333333333,26,5,5,5,True,0.0,1200.0
20260701_331,OVX,84,1,baseline,baseline,combined,chorus_gain_norm,own_floor,5,0,0.0,0.3333333333333333,26,5,5,5,True,0.0,1200.0
20260701_331,OVX,84,1,baseline,baseline,combined,chorus_gain_norm,baseline_floor,5,0,0.0,0.3333333333333333,26,5,5,5,True,0.0,1200.0
20260701_331,OVX,84,2,TTX,treatment,fast,coact,tuned,3,2,6.0,0.3333333333333333,26,4,5,4,True,1320.0,2520.0
20260701_331,OVX,84,2,TTX,treatment,fast,coact,own_floor,4,1,3.0,0.3333333333333333,26,4,5,4,True,1320.0,2520.0
20260701_331,OVX,84,2,TTX,treatment,fast,coact,baseline_floor,5,1,3.0,0.3333333333333333,26,4,5,4,True,1320.0,2520.0
20260701_331,OVX,84,2,TTX,treatment,fast,chorus_norm,unfloored,0,2,6.0,0.3333333333333333,26,4,5,4,True,1320.0,2520.0
20260701_331,OVX,84,2,TTX,treatment,fast,chorus_norm,own_floor,4,1,3.0,0.3333333333333333,26,4,5,4,True,1320.0,2520.0
20260701_331,OVX,84,2,TTX,treatment,fast,chorus_norm,baseline_floor,5,1,3.0,0.3333333333333333,26,4,5,4,True,1320.0,2520.0
20260701_331,OVX,84,2,TTX,treatment,fast,chorus_gain_norm,unfloored,0,2,6.0,0.3333333333333333,26,4,5,4,True,1320.0,2520.0
20260701_331,OVX,84,2,TTX,treatment,fast,chorus_gain_norm,own_floor,4,1,3.0,0.3333333333333333,26,4,5,4,True,1320.0,2520.0
20260701_331,OVX,84,2,TTX,treatment,fast,chorus_gain_norm,baseline_floor,5,1,3.0,0.3333333333333333,26,4,5,4,True,1320.0,2520.0
20260701_331,OVX,84,2,TTX,treatment,slow,coact,tuned,6,1,3.0,0.3333333333333333,26,4,3,4,True,1320.0,2520.0
20260701_331,OVX,84,2,TTX,treatment,slow,coact,own_floor,4,1,3.0,0.3333333333333333,26,4,3,4,True,1320.0,2520.0
20260701_331,OVX,84,2,TTX,treatment,slow,coact,baseline_floor,3,1,3.0,0.3333333333333333,26,4,3,4,True,1320.0,2520.0
20260701_331,OVX,84,2,TTX,treatment,slow,chorus_norm,unfloored,0,1,3.0,0.3333333333333333,26,4,3,4,True,1320.0,2520.0
20260701_331,OVX,84,2,TTX,treatment,slow,chorus_norm,own_floor,4,1,3.0,0.3333333333333333,26,4,3,4,True,1320.0,2520.0
20260701_331,OVX,84,2,TTX,treatment,slow,chorus_norm,baseline_floor,3,1,3.0,0.3333333333333333,26,4,3,4,True,1320.0,2520.0
20260701_331,OVX,84,2,TTX,treatment,slow,chorus_gain_norm,unfloored,0,1,3.0,0.3333333333333333,26,4,3,4,True,1320.0,2520.0
20260701_331,OVX,84,2,TTX,treatment,slow,chorus_gain_norm,own_floor,4,1,3.0,0.3333333333333333,26,4,3,4,True,1320.0,2520.0
20260701_331,OVX,84,2,TTX,treatment,slow,chorus_gain_norm,baseline_floor,3,1,3.0,0.3333333333333333,26,4,3,4,True,1320.0,2520.0
20260701_331,OVX,84,2,TTX,treatment,combined,coact,tuned,4,1,3.0,0.3333333333333333,26,5,5,5,True,1320.0,2520.0
20260701_331,OVX,84,2,TTX,treatment,combined,coact,own_floor,5,1,3.0,0.3333333333333333,26,5,5,5,True,1320.0,2520.0
20260701_331,OVX,84,2,TTX,treatment,combined,coact,baseline_floor,5,1,3.0,0.3333333333333333,26,5,5,5,True,1320.0,2520.0
20260701_331,OVX,84,2,TTX,treatment,combined,chorus_norm,unfloored,0,2,6.0,0.3333333333333333,26,5,5,5,True,1320.0,2520.0
20260701_331,OVX,84,2,TTX,treatment,combined,chorus_norm,own_floor,5,1,3.0,0.3333333333333333,26,5,5,5,True,1320.0,2520.0
20260701_331,OVX,84,2,TTX,treatment,combined,chorus_norm,baseline_floor,5,1,3.0,0.3333333333333333,26,5,5,5,True,1320.0,2520.0
20260701_331,OVX,84,2,TTX,treatment,combined,chorus_gain_norm,unfloored,0,1,3.0,0.3333333333333333,26,5,5,5,True,1320.0,2520.0
20260701_331,OVX,84,2,TTX,treatment,combined,chorus_gain_norm,own_floor,5,1,3.0,0.3333333333333333,26,5,5,5,True,1320.0,2520.0
20260701_331,OVX,84,2,TTX,treatment,combined,chorus_gain_norm,baseline_floor,5,1,3.0,0.3333333333333333,26,5,5,5,True,1320.0,2520.0
20260701_331,OVX,84,3,high K+,treatment,fast,coact,tuned,3,4,16.272826576110468,0.24580855583333333,26,10,5,10,True,3000.0,3884.910801
20260701_331,OVX,84,3,high K+,treatment,fast,coact,own_floor,10,2,8.136413288055234,0.24580855583333333,26,10,5,10,True,3000.0,3884.910801
20260701_331,OVX,84,3,high K+,treatment,fast,coact,baseline_floor,5,4,16.272826576110468,0.24580855583333333,26,10,5,10,True,3000.0,3884.910801
20260701_331,OVX,84,3,high K+,treatment,fast,chorus_norm,unfloored,0,6,24.4092398641657,0.24580855583333333,26,10,5,10,True,3000.0,3884.910801
20260701_331,OVX,84,3,high K+,treatment,fast,chorus_norm,own_floor,10,1,4.068206644027617,0.24580855583333333,26,10,5,10,True,3000.0,3884.910801
20260701_331,OVX,84,3,high K+,treatment,fast,chorus_norm,baseline_floor,5,3,12.20461993208285,0.24580855583333333,26,10,5,10,True,3000.0,3884.910801
20260701_331,OVX,84,3,high K+,treatment,fast,chorus_gain_norm,unfloored,0,3,12.20461993208285,0.24580855583333333,26,10,5,10,True,3000.0,3884.910801
20260701_331,OVX,84,3,high K+,treatment,fast,chorus_gain_norm,own_floor,10,0,0.0,0.24580855583333333,26,10,5,10,True,3000.0,3884.910801
20260701_331,OVX,84,3,high K+,treatment,fast,chorus_gain_norm,baseline_floor,5,0,0.0,0.24580855583333333,26,10,5,10,True,3000.0,3884.910801
20260701_331,OVX,84,3,high K+,treatment,slow,coact,tuned,6,4,16.272826576110468,0.24580855583333333,26,10,3,10,False,3000.0,3884.910801
20260701_331,OVX,84,3,high K+,treatment,slow,coact,own_floor,10,2,8.136413288055234,0.24580855583333333,26,10,3,10,False,3000.0,3884.910801
20260701_331,OVX,84,3,high K+,treatment,slow,coact,baseline_floor,3,8,32.545653152220936,0.24580855583333333,26,10,3,10,False,3000.0,3884.910801
20260701_331,OVX,84,3,high K+,treatment,slow,chorus_norm,unfloored,0,3,12.20461993208285,0.24580855583333333,26,10,3,10,False,3000.0,3884.910801
20260701_331,OVX,84,3,high K+,treatment,slow,chorus_norm,own_floor,10,1,4.068206644027617,0.24580855583333333,26,10,3,10,False,3000.0,3884.910801
20260701_331,OVX,84,3,high K+,treatment,slow,chorus_norm,baseline_floor,3,3,12.20461993208285,0.24580855583333333,26,10,3,10,False,3000.0,3884.910801
20260701_331,OVX,84,3,high K+,treatment,slow,chorus_gain_norm,unfloored,0,1,4.068206644027617,0.24580855583333333,26,10,3,10,False,3000.0,3884.910801
20260701_331,OVX,84,3,high K+,treatment,slow,chorus_gain_norm,own_floor,10,1,4.068206644027617,0.24580855583333333,26,10,3,10,False,3000.0,3884.910801
20260701_331,OVX,84,3,high K+,treatment,slow,chorus_gain_norm,baseline_floor,3,1,4.068206644027617,0.24580855583333333,26,10,3,10,False,3000.0,3884.910801
20260701_331,OVX,84,3,high K+,treatment,combined,coact,tuned,4,4,16.272826576110468,0.24580855583333333,26,14,5,14,False,3000.0,3884.910801
20260701_331,OVX,84,3,high K+,treatment,combined,coact,own_floor,14,1,4.068206644027617,0.24580855583333333,26,14,5,14,False,3000.0,3884.910801
20260701_331,OVX,84,3,high K+,treatment,combined,coact,baseline_floor,5,4,16.272826576110468,0.24580855583333333,26,14,5,14,False,3000.0,3884.910801
20260701_331,OVX,84,3,high K+,treatment,combined,chorus_norm,unfloored,0,13,52.886686372359016,0.24580855583333333,26,14,5,14,False,3000.0,3884.910801
20260701_331,OVX,84,3,high K+,treatment,combined,chorus_norm,own_floor,14,1,4.068206644027617,0.24580855583333333,26,14,5,14,False,3000.0,3884.910801
20260701_331,OVX,84,3,high K+,treatment,combined,chorus_norm,baseline_floor,5,12,48.8184797283314,0.24580855583333333,26,14,5,14,False,3000.0,3884.910801
20260701_331,OVX,84,3,high K+,treatment,combined,chorus_gain_norm,unfloored,0,13,52.886686372359016,0.24580855583333333,26,14,5,14,False,3000.0,3884.910801
20260701_331,OVX,84,3,high K+,treatment,combined,chorus_gain_norm,own_floor,14,1,4.068206644027617,0.24580855583333333,26,14,5,14,False,3000.0,3884.910801
20260701_331,OVX,84,3,high K+,treatment,combined,chorus_gain_norm,baseline_floor,5,10,40.68206644027617,0.24580855583333333,26,14,5,14,False,3000.0,3884.910801
20260702_334,OVX,85,1,baseline,baseline,fast,coact,tuned,3,5,15.0,0.3333333333333333,36,13,13,13,True,0.0,1200.0
20260702_334,OVX,85,1,baseline,baseline,fast,coact,own_floor,13,2,6.0,0.3333333333333333,36,13,13,13,True,0.0,1200.0
20260702_334,OVX,85,1,baseline,baseline,fast,coact,baseline_floor,13,2,6.0,0.3333333333333333,36,13,13,13,True,0.0,1200.0
20260702_334,OVX,85,1,baseline,baseline,fast,chorus_norm,unfloored,0,5,15.0,0.3333333333333333,36,13,13,13,True,0.0,1200.0
20260702_334,OVX,85,1,baseline,baseline,fast,chorus_norm,own_floor,13,0,0.0,0.3333333333333333,36,13,13,13,True,0.0,1200.0
20260702_334,OVX,85,1,baseline,baseline,fast,chorus_norm,baseline_floor,13,0,0.0,0.3333333333333333,36,13,13,13,True,0.0,1200.0
20260702_334,OVX,85,1,baseline,baseline,fast,chorus_gain_norm,unfloored,0,2,6.0,0.3333333333333333,36,13,13,13,True,0.0,1200.0
20260702_334,OVX,85,1,baseline,baseline,fast,chorus_gain_norm,own_floor,13,0,0.0,0.3333333333333333,36,13,13,13,True,0.0,1200.0
20260702_334,OVX,85,1,baseline,baseline,fast,chorus_gain_norm,baseline_floor,13,0,0.0,0.3333333333333333,36,13,13,13,True,0.0,1200.0
20260702_334,OVX,85,1,baseline,baseline,slow,coact,tuned,6,4,12.0,0.3333333333333333,36,8,8,8,True,0.0,1200.0
20260702_334,OVX,85,1,baseline,baseline,slow,coact,own_floor,8,3,9.0,0.3333333333333333,36,8,8,8,True,0.0,1200.0
20260702_334,OVX,85,1,baseline,baseline,slow,coact,baseline_floor,8,3,9.0,0.3333333333333333,36,8,8,8,True,0.0,1200.0
20260702_334,OVX,85,1,baseline,baseline,slow,chorus_norm,unfloored,0,4,12.0,0.3333333333333333,36,8,8,8,True,0.0,1200.0
20260702_334,OVX,85,1,baseline,baseline,slow,chorus_norm,own_floor,8,3,9.0,0.3333333333333333,36,8,8,8,True,0.0,1200.0
20260702_334,OVX,85,1,baseline,baseline,slow,chorus_norm,baseline_floor,8,3,9.0,0.3333333333333333,36,8,8,8,True,0.0,1200.0
20260702_334,OVX,85,1,baseline,baseline,slow,chorus_gain_norm,unfloored,0,4,12.0,0.3333333333333333,36,8,8,8,True,0.0,1200.0
20260702_334,OVX,85,1,baseline,baseline,slow,chorus_gain_norm,own_floor,8,3,9.0,0.3333333333333333,36,8,8,8,True,0.0,1200.0
20260702_334,OVX,85,1,baseline,baseline,slow,chorus_gain_norm,baseline_floor,8,3,9.0,0.3333333333333333,36,8,8,8,True,0.0,1200.0
20260702_334,OVX,85,1,baseline,baseline,combined,coact,tuned,4,9,27.0,0.3333333333333333,36,13,13,13,True,0.0,1200.0
20260702_334,OVX,85,1,baseline,baseline,combined,coact,own_floor,13,6,18.0,0.3333333333333333,36,13,13,13,True,0.0,1200.0
20260702_334,OVX,85,1,baseline,baseline,combined,coact,baseline_floor,13,6,18.0,0.3333333333333333,36,13,13,13,True,0.0,1200.0
20260702_334,OVX,85,1,baseline,baseline,combined,chorus_norm,unfloored,0,10,30.0,0.3333333333333333,36,13,13,13,True,0.0,1200.0
20260702_334,OVX,85,1,baseline,baseline,combined,chorus_norm,own_floor,13,5,15.0,0.3333333333333333,36,13,13,13,True,0.0,1200.0
20260702_334,OVX,85,1,baseline,baseline,combined,chorus_norm,baseline_floor,13,5,15.0,0.3333333333333333,36,13,13,13,True,0.0,1200.0
20260702_334,OVX,85,1,baseline,baseline,combined,chorus_gain_norm,unfloored,0,7,21.0,0.3333333333333333,36,13,13,13,True,0.0,1200.0
20260702_334,OVX,85,1,baseline,baseline,combined,chorus_gain_norm,own_floor,13,3,9.0,0.3333333333333333,36,13,13,13,True,0.0,1200.0
20260702_334,OVX,85,1,baseline,baseline,combined,chorus_gain_norm,baseline_floor,13,3,9.0,0.3333333333333333,36,13,13,13,True,0.0,1200.0
20260702_334,OVX,85,2,TTX,treatment,fast,coact,tuned,3,5,15.0,0.3333333333333333,36,6,13,6,True,1320.0,2520.0
20260702_334,OVX,85,2,TTX,treatment,fast,coact,own_floor,6,4,12.0,0.3333333333333333,36,6,13,6,True,1320.0,2520.0
20260702_334,OVX,85,2,TTX,treatment,fast,coact,baseline_floor,13,0,0.0,0.3333333333333333,36,6,13,6,True,1320.0,2520.0
20260702_334,OVX,85,2,TTX,treatment,fast,chorus_norm,unfloored,0,7,21.0,0.3333333333333333,36,6,13,6,True,1320.0,2520.0
20260702_334,OVX,85,2,TTX,treatment,fast,chorus_norm,own_floor,6,3,9.0,0.3333333333333333,36,6,13,6,True,1320.0,2520.0
20260702_334,OVX,85,2,TTX,treatment,fast,chorus_norm,baseline_floor,13,0,0.0,0.3333333333333333,36,6,13,6,True,1320.0,2520.0
20260702_334,OVX,85,2,TTX,treatment,fast,chorus_gain_norm,unfloored,0,10,30.0,0.3333333333333333,36,6,13,6,True,1320.0,2520.0
20260702_334,OVX,85,2,TTX,treatment,fast,chorus_gain_norm,own_floor,6,4,12.0,0.3333333333333333,36,6,13,6,True,1320.0,2520.0
20260702_334,OVX,85,2,TTX,treatment,fast,chorus_gain_norm,baseline_floor,13,0,0.0,0.3333333333333333,36,6,13,6,True,1320.0,2520.0
20260702_334,OVX,85,2,TTX,treatment,slow,coact,tuned,6,7,21.0,0.3333333333333333,36,6,8,6,True,1320.0,2520.0
20260702_334,OVX,85,2,TTX,treatment,slow,coact,own_floor,6,7,21.0,0.3333333333333333,36,6,8,6,True,1320.0,2520.0
20260702_334,OVX,85,2,TTX,treatment,slow,coact,baseline_floor,8,5,15.0,0.3333333333333333,36,6,8,6,True,1320.0,2520.0
20260702_334,OVX,85,2,TTX,treatment,slow,chorus_norm,unfloored,0,9,27.0,0.3333333333333333,36,6,8,6,True,1320.0,2520.0
20260702_334,OVX,85,2,TTX,treatment,slow,chorus_norm,own_floor,6,6,18.0,0.3333333333333333,36,6,8,6,True,1320.0,2520.0
20260702_334,OVX,85,2,TTX,treatment,slow,chorus_norm,baseline_floor,8,5,15.0,0.3333333333333333,36,6,8,6,True,1320.0,2520.0
20260702_334,OVX,85,2,TTX,treatment,slow,chorus_gain_norm,unfloored,0,10,30.0,0.3333333333333333,36,6,8,6,True,1320.0,2520.0
20260702_334,OVX,85,2,TTX,treatment,slow,chorus_gain_norm,own_floor,6,5,15.0,0.3333333333333333,36,6,8,6,True,1320.0,2520.0
20260702_334,OVX,85,2,TTX,treatment,slow,chorus_gain_norm,baseline_floor,8,5,15.0,0.3333333333333333,36,6,8,6,True,1320.0,2520.0
20260702_334,OVX,85,2,TTX,treatment,combined,coact,tuned,4,14,42.0,0.3333333333333333,36,8,13,8,True,1320.0,2520.0
20260702_334,OVX,85,2,TTX,treatment,combined,coact,own_floor,8,9,27.0,0.3333333333333333,36,8,13,8,True,1320.0,2520.0
20260702_334,OVX,85,2,TTX,treatment,combined,coact,baseline_floor,13,3,9.0,0.3333333333333333,36,8,13,8,True,1320.0,2520.0
20260702_334,OVX,85,2,TTX,treatment,combined,chorus_norm,unfloored,0,12,36.0,0.3333333333333333,36,8,13,8,True,1320.0,2520.0
20260702_334,OVX,85,2,TTX,treatment,combined,chorus_norm,own_floor,8,7,21.0,0.3333333333333333,36,8,13,8,True,1320.0,2520.0
20260702_334,OVX,85,2,TTX,treatment,combined,chorus_norm,baseline_floor,13,2,6.0,0.3333333333333333,36,8,13,8,True,1320.0,2520.0
20260702_334,OVX,85,2,TTX,treatment,combined,chorus_gain_norm,unfloored,0,15,45.0,0.3333333333333333,36,8,13,8,True,1320.0,2520.0
20260702_334,OVX,85,2,TTX,treatment,combined,chorus_gain_norm,own_floor,8,7,21.0,0.3333333333333333,36,8,13,8,True,1320.0,2520.0
20260702_334,OVX,85,2,TTX,treatment,combined,chorus_gain_norm,baseline_floor,13,2,6.0,0.3333333333333333,36,8,13,8,True,1320.0,2520.0
20260702_334,OVX,85,3,high K+,treatment,fast,coact,tuned,3,2,17.1464986917543,0.11664188916666667,36,11,13,11,True,2700.0,3119.910801
20260702_334,OVX,85,3,high K+,treatment,fast,coact,own_floor,11,0,0.0,0.11664188916666667,36,11,13,11,True,2700.0,3119.910801
20260702_334,OVX,85,3,high K+,treatment,fast,coact,baseline_floor,13,0,0.0,0.11664188916666667,36,11,13,11,True,2700.0,3119.910801
20260702_334,OVX,85,3,high K+,treatment,fast,chorus_norm,unfloored,0,1,8.57324934587715,0.11664188916666667,36,11,13,11,True,2700.0,3119.910801
20260702_334,OVX,85,3,high K+,treatment,fast,chorus_norm,own_floor,11,0,0.0,0.11664188916666667,36,11,13,11,True,2700.0,3119.910801
20260702_334,OVX,85,3,high K+,treatment,fast,chorus_norm,baseline_floor,13,0,0.0,0.11664188916666667,36,11,13,11,True,2700.0,3119.910801
20260702_334,OVX,85,3,high K+,treatment,fast,chorus_gain_norm,unfloored,0,1,8.57324934587715,0.11664188916666667,36,11,13,11,True,2700.0,3119.910801
20260702_334,OVX,85,3,high K+,treatment,fast,chorus_gain_norm,own_floor,11,0,0.0,0.11664188916666667,36,11,13,11,True,2700.0,3119.910801
20260702_334,OVX,85,3,high K+,treatment,fast,chorus_gain_norm,baseline_floor,13,0,0.0,0.11664188916666667,36,11,13,11,True,2700.0,3119.910801
20260702_334,OVX,85,3,high K+,treatment,slow,coact,tuned,6,2,17.1464986917543,0.11664188916666667,36,10,8,10,True,2700.0,3119.910801
20260702_334,OVX,85,3,high K+,treatment,slow,coact,own_floor,10,2,17.1464986917543,0.11664188916666667,36,10,8,10,True,2700.0,3119.910801
20260702_334,OVX,85,3,high K+,treatment,slow,coact,baseline_floor,8,2,17.1464986917543,0.11664188916666667,36,10,8,10,True,2700.0,3119.910801
20260702_334,OVX,85,3,high K+,treatment,slow,chorus_norm,unfloored,0,2,17.1464986917543,0.11664188916666667,36,10,8,10,True,2700.0,3119.910801
20260702_334,OVX,85,3,high K+,treatment,slow,chorus_norm,own_floor,10,2,17.1464986917543,0.11664188916666667,36,10,8,10,True,2700.0,3119.910801
20260702_334,OVX,85,3,high K+,treatment,slow,chorus_norm,baseline_floor,8,2,17.1464986917543,0.11664188916666667,36,10,8,10,True,2700.0,3119.910801
20260702_334,OVX,85,3,high K+,treatment,slow,chorus_gain_norm,unfloored,0,3,25.71974803763145,0.11664188916666667,36,10,8,10,True,2700.0,3119.910801
20260702_334,OVX,85,3,high K+,treatment,slow,chorus_gain_norm,own_floor,10,1,8.57324934587715,0.11664188916666667,36,10,8,10,True,2700.0,3119.910801
20260702_334,OVX,85,3,high K+,treatment,slow,chorus_gain_norm,baseline_floor,8,1,8.57324934587715,0.11664188916666667,36,10,8,10,True,2700.0,3119.910801
20260702_334,OVX,85,3,high K+,treatment,combined,coact,tuned,4,2,17.1464986917543,0.11664188916666667,36,13,13,13,True,2700.0,3119.910801
20260702_334,OVX,85,3,high K+,treatment,combined,coact,own_floor,13,2,17.1464986917543,0.11664188916666667,36,13,13,13,True,2700.0,3119.910801
20260702_334,OVX,85,3,high K+,treatment,combined,coact,baseline_floor,13,2,17.1464986917543,0.11664188916666667,36,13,13,13,True,2700.0,3119.910801
20260702_334,OVX,85,3,high K+,treatment,combined,chorus_norm,unfloored,0,6,51.4394960752629,0.11664188916666667,36,13,13,13,True,2700.0,3119.910801
20260702_334,OVX,85,3,high K+,treatment,combined,chorus_norm,own_floor,13,2,17.1464986917543,0.11664188916666667,36,13,13,13,True,2700.0,3119.910801
20260702_334,OVX,85,3,high K+,treatment,combined,chorus_norm,baseline_floor,13,2,17.1464986917543,0.11664188916666667,36,13,13,13,True,2700.0,3119.910801
20260702_334,OVX,85,3,high K+,treatment,combined,chorus_gain_norm,unfloored,0,5,42.86624672938575,0.11664188916666667,36,13,13,13,True,2700.0,3119.910801
20260702_334,OVX,85,3,high K+,treatment,combined,chorus_gain_norm,own_floor,13,2,17.1464986917543,0.11664188916666667,36,13,13,13,True,2700.0,3119.910801
20260702_334,OVX,85,3,high K+,treatment,combined,chorus_gain_norm,baseline_floor,13,2,17.1464986917543,0.11664188916666667,36,13,13,13,True,2700.0,3119.910801
20260702_338,OVX,85,1,baseline,baseline,fast,coact,tuned,3,0,0.0,0.3333333333333333,46,5,5,5,True,0.0,1200.0
20260702_338,OVX,85,1,baseline,baseline,fast,coact,own_floor,5,0,0.0,0.3333333333333333,46,5,5,5,True,0.0,1200.0
20260702_338,OVX,85,1,baseline,baseline,fast,coact,baseline_floor,5,0,0.0,0.3333333333333333,46,5,5,5,True,0.0,1200.0
20260702_338,OVX,85,1,baseline,baseline,fast,chorus_norm,unfloored,0,0,0.0,0.3333333333333333,46,5,5,5,True,0.0,1200.0
20260702_338,OVX,85,1,baseline,baseline,fast,chorus_norm,own_floor,5,0,0.0,0.3333333333333333,46,5,5,5,True,0.0,1200.0
20260702_338,OVX,85,1,baseline,baseline,fast,chorus_norm,baseline_floor,5,0,0.0,0.3333333333333333,46,5,5,5,True,0.0,1200.0
20260702_338,OVX,85,1,baseline,baseline,fast,chorus_gain_norm,unfloored,0,0,0.0,0.3333333333333333,46,5,5,5,True,0.0,1200.0
20260702_338,OVX,85,1,baseline,baseline,fast,chorus_gain_norm,own_floor,5,0,0.0,0.3333333333333333,46,5,5,5,True,0.0,1200.0
20260702_338,OVX,85,1,baseline,baseline,fast,chorus_gain_norm,baseline_floor,5,0,0.0,0.3333333333333333,46,5,5,5,True,0.0,1200.0
20260702_338,OVX,85,1,baseline,baseline,slow,coact,tuned,6,0,0.0,0.3333333333333333,46,4,4,4,True,0.0,1200.0
20260702_338,OVX,85,1,baseline,baseline,slow,coact,own_floor,4,0,0.0,0.3333333333333333,46,4,4,4,True,0.0,1200.0
20260702_338,OVX,85,1,baseline,baseline,slow,coact,baseline_floor,4,0,0.0,0.3333333333333333,46,4,4,4,True,0.0,1200.0
20260702_338,OVX,85,1,baseline,baseline,slow,chorus_norm,unfloored,0,0,0.0,0.3333333333333333,46,4,4,4,True,0.0,1200.0
20260702_338,OVX,85,1,baseline,baseline,slow,chorus_norm,own_floor,4,0,0.0,0.3333333333333333,46,4,4,4,True,0.0,1200.0
20260702_338,OVX,85,1,baseline,baseline,slow,chorus_norm,baseline_floor,4,0,0.0,0.3333333333333333,46,4,4,4,True,0.0,1200.0
20260702_338,OVX,85,1,baseline,baseline,slow,chorus_gain_norm,unfloored,0,0,0.0,0.3333333333333333,46,4,4,4,True,0.0,1200.0
20260702_338,OVX,85,1,baseline,baseline,slow,chorus_gain_norm,own_floor,4,0,0.0,0.3333333333333333,46,4,4,4,True,0.0,1200.0
20260702_338,OVX,85,1,baseline,baseline,slow,chorus_gain_norm,baseline_floor,4,0,0.0,0.3333333333333333,46,4,4,4,True,0.0,1200.0
20260702_338,OVX,85,1,baseline,baseline,combined,coact,tuned,4,2,6.0,0.3333333333333333,46,6,6,6,True,0.0,1200.0
20260702_338,OVX,85,1,baseline,baseline,combined,coact,own_floor,6,0,0.0,0.3333333333333333,46,6,6,6,True,0.0,1200.0
20260702_338,OVX,85,1,baseline,baseline,combined,coact,baseline_floor,6,0,0.0,0.3333333333333333,46,6,6,6,True,0.0,1200.0
20260702_338,OVX,85,1,baseline,baseline,combined,chorus_norm,unfloored,0,0,0.0,0.3333333333333333,46,6,6,6,True,0.0,1200.0
20260702_338,OVX,85,1,baseline,baseline,combined,chorus_norm,own_floor,6,0,0.0,0.3333333333333333,46,6,6,6,True,0.0,1200.0
20260702_338,OVX,85,1,baseline,baseline,combined,chorus_norm,baseline_floor,6,0,0.0,0.3333333333333333,46,6,6,6,True,0.0,1200.0
20260702_338,OVX,85,1,baseline,baseline,combined,chorus_gain_norm,unfloored,0,0,0.0,0.3333333333333333,46,6,6,6,True,0.0,1200.0
20260702_338,OVX,85,1,baseline,baseline,combined,chorus_gain_norm,own_floor,6,0,0.0,0.3333333333333333,46,6,6,6,True,0.0,1200.0
20260702_338,OVX,85,1,baseline,baseline,combined,chorus_gain_norm,baseline_floor,6,0,0.0,0.3333333333333333,46,6,6,6,True,0.0,1200.0
20260702_338,OVX,85,2,TTX,treatment,fast,coact,tuned,3,1,3.0,0.3333333333333333,46,4,5,4,True,1320.0,2520.0
20260702_338,OVX,85,2,TTX,treatment,fast,coact,own_floor,4,0,0.0,0.3333333333333333,46,4,5,4,True,1320.0,2520.0
20260702_338,OVX,85,2,TTX,treatment,fast,coact,baseline_floor,5,0,0.0,0.3333333333333333,46,4,5,4,True,1320.0,2520.0
20260702_338,OVX,85,2,TTX,treatment,fast,chorus_norm,unfloored,0,0,0.0,0.3333333333333333,46,4,5,4,True,1320.0,2520.0
20260702_338,OVX,85,2,TTX,treatment,fast,chorus_norm,own_floor,4,0,0.0,0.3333333333333333,46,4,5,4,True,1320.0,2520.0
20260702_338,OVX,85,2,TTX,treatment,fast,chorus_norm,baseline_floor,5,0,0.0,0.3333333333333333,46,4,5,4,True,1320.0,2520.0
20260702_338,OVX,85,2,TTX,treatment,fast,chorus_gain_norm,unfloored,0,0,0.0,0.3333333333333333,46,4,5,4,True,1320.0,2520.0
20260702_338,OVX,85,2,TTX,treatment,fast,chorus_gain_norm,own_floor,4,0,0.0,0.3333333333333333,46,4,5,4,True,1320.0,2520.0
20260702_338,OVX,85,2,TTX,treatment,fast,chorus_gain_norm,baseline_floor,5,0,0.0,0.3333333333333333,46,4,5,4,True,1320.0,2520.0
20260702_338,OVX,85,2,TTX,treatment,slow,coact,tuned,6,0,0.0,0.3333333333333333,46,3,4,3,True,1320.0,2520.0
20260702_338,OVX,85,2,TTX,treatment,slow,coact,own_floor,3,1,3.0,0.3333333333333333,46,3,4,3,True,1320.0,2520.0
20260702_338,OVX,85,2,TTX,treatment,slow,coact,baseline_floor,4,0,0.0,0.3333333333333333,46,3,4,3,True,1320.0,2520.0
20260702_338,OVX,85,2,TTX,treatment,slow,chorus_norm,unfloored,0,0,0.0,0.3333333333333333,46,3,4,3,True,1320.0,2520.0
20260702_338,OVX,85,2,TTX,treatment,slow,chorus_norm,own_floor,3,0,0.0,0.3333333333333333,46,3,4,3,True,1320.0,2520.0
20260702_338,OVX,85,2,TTX,treatment,slow,chorus_norm,baseline_floor,4,0,0.0,0.3333333333333333,46,3,4,3,True,1320.0,2520.0
20260702_338,OVX,85,2,TTX,treatment,slow,chorus_gain_norm,unfloored,0,0,0.0,0.3333333333333333,46,3,4,3,True,1320.0,2520.0
20260702_338,OVX,85,2,TTX,treatment,slow,chorus_gain_norm,own_floor,3,0,0.0,0.3333333333333333,46,3,4,3,True,1320.0,2520.0
20260702_338,OVX,85,2,TTX,treatment,slow,chorus_gain_norm,baseline_floor,4,0,0.0,0.3333333333333333,46,3,4,3,True,1320.0,2520.0
20260702_338,OVX,85,2,TTX,treatment,combined,coact,tuned,4,0,0.0,0.3333333333333333,46,4,6,4,True,1320.0,2520.0
20260702_338,OVX,85,2,TTX,treatment,combined,coact,own_floor,4,0,0.0,0.3333333333333333,46,4,6,4,True,1320.0,2520.0
20260702_338,OVX,85,2,TTX,treatment,combined,coact,baseline_floor,6,0,0.0,0.3333333333333333,46,4,6,4,True,1320.0,2520.0
20260702_338,OVX,85,2,TTX,treatment,combined,chorus_norm,unfloored,0,0,0.0,0.3333333333333333,46,4,6,4,True,1320.0,2520.0
20260702_338,OVX,85,2,TTX,treatment,combined,chorus_norm,own_floor,4,0,0.0,0.3333333333333333,46,4,6,4,True,1320.0,2520.0
20260702_338,OVX,85,2,TTX,treatment,combined,chorus_norm,baseline_floor,6,0,0.0,0.3333333333333333,46,4,6,4,True,1320.0,2520.0
20260702_338,OVX,85,2,TTX,treatment,combined,chorus_gain_norm,unfloored,0,0,0.0,0.3333333333333333,46,4,6,4,True,1320.0,2520.0
20260702_338,OVX,85,2,TTX,treatment,combined,chorus_gain_norm,own_floor,4,0,0.0,0.3333333333333333,46,4,6,4,True,1320.0,2520.0
20260702_338,OVX,85,2,TTX,treatment,combined,chorus_gain_norm,baseline_floor,6,0,0.0,0.3333333333333333,46,4,6,4,True,1320.0,2520.0
20260702_338,OVX,85,3,high K+,treatment,fast,coact,tuned,3,0,0.0,0.11666666666666667,46,15,5,15,True,2700.0,3120.0
20260702_338,OVX,85,3,high K+,treatment,fast,coact,own_floor,15,0,0.0,0.11666666666666667,46,15,5,15,True,2700.0,3120.0
20260702_338,OVX,85,3,high K+,treatment,fast,coact,baseline_floor,5,0,0.0,0.11666666666666667,46,15,5,15,True,2700.0,3120.0
20260702_338,OVX,85,3,high K+,treatment,fast,chorus_norm,unfloored,0,0,0.0,0.11666666666666667,46,15,5,15,True,2700.0,3120.0
20260702_338,OVX,85,3,high K+,treatment,fast,chorus_norm,own_floor,15,0,0.0,0.11666666666666667,46,15,5,15,True,2700.0,3120.0
20260702_338,OVX,85,3,high K+,treatment,fast,chorus_norm,baseline_floor,5,0,0.0,0.11666666666666667,46,15,5,15,True,2700.0,3120.0
20260702_338,OVX,85,3,high K+,treatment,fast,chorus_gain_norm,unfloored,0,0,0.0,0.11666666666666667,46,15,5,15,True,2700.0,3120.0
20260702_338,OVX,85,3,high K+,treatment,fast,chorus_gain_norm,own_floor,15,0,0.0,0.11666666666666667,46,15,5,15,True,2700.0,3120.0
20260702_338,OVX,85,3,high K+,treatment,fast,chorus_gain_norm,baseline_floor,5,0,0.0,0.11666666666666667,46,15,5,15,True,2700.0,3120.0
20260702_338,OVX,85,3,high K+,treatment,slow,coact,tuned,6,0,0.0,0.11666666666666667,46,14,4,14,True,2700.0,3120.0
20260702_338,OVX,85,3,high K+,treatment,slow,coact,own_floor,14,0,0.0,0.11666666666666667,46,14,4,14,True,2700.0,3120.0
20260702_338,OVX,85,3,high K+,treatment,slow,coact,baseline_floor,4,0,0.0,0.11666666666666667,46,14,4,14,True,2700.0,3120.0
20260702_338,OVX,85,3,high K+,treatment,slow,chorus_norm,unfloored,0,0,0.0,0.11666666666666667,46,14,4,14,True,2700.0,3120.0
20260702_338,OVX,85,3,high K+,treatment,slow,chorus_norm,own_floor,14,0,0.0,0.11666666666666667,46,14,4,14,True,2700.0,3120.0
20260702_338,OVX,85,3,high K+,treatment,slow,chorus_norm,baseline_floor,4,0,0.0,0.11666666666666667,46,14,4,14,True,2700.0,3120.0
20260702_338,OVX,85,3,high K+,treatment,slow,chorus_gain_norm,unfloored,0,0,0.0,0.11666666666666667,46,14,4,14,True,2700.0,3120.0
20260702_338,OVX,85,3,high K+,treatment,slow,chorus_gain_norm,own_floor,14,0,0.0,0.11666666666666667,46,14,4,14,True,2700.0,3120.0
20260702_338,OVX,85,3,high K+,treatment,slow,chorus_gain_norm,baseline_floor,4,0,0.0,0.11666666666666667,46,14,4,14,True,2700.0,3120.0
20260702_338,OVX,85,3,high K+,treatment,combined,coact,tuned,4,0,0.0,0.11666666666666667,46,20,6,20,False,2700.0,3120.0
20260702_338,OVX,85,3,high K+,treatment,combined,coact,own_floor,20,0,0.0,0.11666666666666667,46,20,6,20,False,2700.0,3120.0
20260702_338,OVX,85,3,high K+,treatment,combined,coact,baseline_floor,6,0,0.0,0.11666666666666667,46,20,6,20,False,2700.0,3120.0
20260702_338,OVX,85,3,high K+,treatment,combined,chorus_norm,unfloored,0,0,0.0,0.11666666666666667,46,20,6,20,False,2700.0,3120.0
20260702_338,OVX,85,3,high K+,treatment,combined,chorus_norm,own_floor,20,0,0.0,0.11666666666666667,46,20,6,20,False,2700.0,3120.0
20260702_338,OVX,85,3,high K+,treatment,combined,chorus_norm,baseline_floor,6,0,0.0,0.11666666666666667,46,20,6,20,False,2700.0,3120.0
20260702_338,OVX,85,3,high K+,treatment,combined,chorus_gain_norm,unfloored,0,1,8.571428571428571,0.11666666666666667,46,20,6,20,False,2700.0,3120.0
20260702_338,OVX,85,3,high K+,treatment,combined,chorus_gain_norm,own_floor,20,0,0.0,0.11666666666666667,46,20,6,20,False,2700.0,3120.0
20260702_338,OVX,85,3,high K+,treatment,combined,chorus_gain_norm,baseline_floor,6,1,8.571428571428571,0.11666666666666667,46,20,6,20,False,2700.0,3120.0
20260706_341,MALE,86,1,baseline,baseline,fast,coact,tuned,3,20,60.0,0.3333333333333333,33,8,8,8,True,0.0,1200.0
20260706_341,MALE,86,1,baseline,baseline,fast,coact,own_floor,8,12,36.0,0.3333333333333333,33,8,8,8,True,0.0,1200.0
20260706_341,MALE,86,1,baseline,baseline,fast,coact,baseline_floor,8,12,36.0,0.3333333333333333,33,8,8,8,True,0.0,1200.0
20260706_341,MALE,86,1,baseline,baseline,fast,chorus_norm,unfloored,0,22,66.0,0.3333333333333333,33,8,8,8,True,0.0,1200.0
20260706_341,MALE,86,1,baseline,baseline,fast,chorus_norm,own_floor,8,8,24.0,0.3333333333333333,33,8,8,8,True,0.0,1200.0
20260706_341,MALE,86,1,baseline,baseline,fast,chorus_norm,baseline_floor,8,8,24.0,0.3333333333333333,33,8,8,8,True,0.0,1200.0
20260706_341,MALE,86,1,baseline,baseline,fast,chorus_gain_norm,unfloored,0,20,60.0,0.3333333333333333,33,8,8,8,True,0.0,1200.0
20260706_341,MALE,86,1,baseline,baseline,fast,chorus_gain_norm,own_floor,8,6,18.0,0.3333333333333333,33,8,8,8,True,0.0,1200.0
20260706_341,MALE,86,1,baseline,baseline,fast,chorus_gain_norm,baseline_floor,8,6,18.0,0.3333333333333333,33,8,8,8,True,0.0,1200.0
20260706_341,MALE,86,1,baseline,baseline,slow,coact,tuned,6,26,78.0,0.3333333333333333,33,10,10,10,True,0.0,1200.0
20260706_341,MALE,86,1,baseline,baseline,slow,coact,own_floor,10,21,63.0,0.3333333333333333,33,10,10,10,True,0.0,1200.0
20260706_341,MALE,86,1,baseline,baseline,slow,coact,baseline_floor,10,21,63.0,0.3333333333333333,33,10,10,10,True,0.0,1200.0
20260706_341,MALE,86,1,baseline,baseline,slow,chorus_norm,unfloored,0,22,66.0,0.3333333333333333,33,10,10,10,True,0.0,1200.0
20260706_341,MALE,86,1,baseline,baseline,slow,chorus_norm,own_floor,10,16,48.0,0.3333333333333333,33,10,10,10,True,0.0,1200.0
20260706_341,MALE,86,1,baseline,baseline,slow,chorus_norm,baseline_floor,10,16,48.0,0.3333333333333333,33,10,10,10,True,0.0,1200.0
20260706_341,MALE,86,1,baseline,baseline,slow,chorus_gain_norm,unfloored,0,21,63.0,0.3333333333333333,33,10,10,10,True,0.0,1200.0
20260706_341,MALE,86,1,baseline,baseline,slow,chorus_gain_norm,own_floor,10,16,48.0,0.3333333333333333,33,10,10,10,True,0.0,1200.0
20260706_341,MALE,86,1,baseline,baseline,slow,chorus_gain_norm,baseline_floor,10,16,48.0,0.3333333333333333,33,10,10,10,True,0.0,1200.0
20260706_341,MALE,86,1,baseline,baseline,combined,coact,tuned,4,26,78.0,0.3333333333333333,33,12,12,12,True,0.0,1200.0
20260706_341,MALE,86,1,baseline,baseline,combined,coact,own_floor,12,23,69.0,0.3333333333333333,33,12,12,12,True,0.0,1200.0
20260706_341,MALE,86,1,baseline,baseline,combined,coact,baseline_floor,12,23,69.0,0.3333333333333333,33,12,12,12,True,0.0,1200.0
20260706_341,MALE,86,1,baseline,baseline,combined,chorus_norm,unfloored,0,28,84.0,0.3333333333333333,33,12,12,12,True,0.0,1200.0
20260706_341,MALE,86,1,baseline,baseline,combined,chorus_norm,own_floor,12,22,66.0,0.3333333333333333,33,12,12,12,True,0.0,1200.0
20260706_341,MALE,86,1,baseline,baseline,combined,chorus_norm,baseline_floor,12,22,66.0,0.3333333333333333,33,12,12,12,True,0.0,1200.0
20260706_341,MALE,86,1,baseline,baseline,combined,chorus_gain_norm,unfloored,0,27,81.0,0.3333333333333333,33,12,12,12,True,0.0,1200.0
20260706_341,MALE,86,1,baseline,baseline,combined,chorus_gain_norm,own_floor,12,20,60.0,0.3333333333333333,33,12,12,12,True,0.0,1200.0
20260706_341,MALE,86,1,baseline,baseline,combined,chorus_gain_norm,baseline_floor,12,20,60.0,0.3333333333333333,33,12,12,12,True,0.0,1200.0
20260706_341,MALE,86,2,TTX,treatment,fast,coact,tuned,3,14,42.0,0.3333333333333333,33,6,8,6,True,1320.0,2520.0
20260706_341,MALE,86,2,TTX,treatment,fast,coact,own_floor,6,4,12.0,0.3333333333333333,33,6,8,6,True,1320.0,2520.0
20260706_341,MALE,86,2,TTX,treatment,fast,coact,baseline_floor,8,1,3.0,0.3333333333333333,33,6,8,6,True,1320.0,2520.0
20260706_341,MALE,86,2,TTX,treatment,fast,chorus_norm,unfloored,0,11,33.0,0.3333333333333333,33,6,8,6,True,1320.0,2520.0
20260706_341,MALE,86,2,TTX,treatment,fast,chorus_norm,own_floor,6,4,12.0,0.3333333333333333,33,6,8,6,True,1320.0,2520.0
20260706_341,MALE,86,2,TTX,treatment,fast,chorus_norm,baseline_floor,8,1,3.0,0.3333333333333333,33,6,8,6,True,1320.0,2520.0
20260706_341,MALE,86,2,TTX,treatment,fast,chorus_gain_norm,unfloored,0,9,27.0,0.3333333333333333,33,6,8,6,True,1320.0,2520.0
20260706_341,MALE,86,2,TTX,treatment,fast,chorus_gain_norm,own_floor,6,2,6.0,0.3333333333333333,33,6,8,6,True,1320.0,2520.0
20260706_341,MALE,86,2,TTX,treatment,fast,chorus_gain_norm,baseline_floor,8,0,0.0,0.3333333333333333,33,6,8,6,True,1320.0,2520.0
20260706_341,MALE,86,2,TTX,treatment,slow,coact,tuned,6,27,81.0,0.3333333333333333,33,10,10,10,True,1320.0,2520.0
20260706_341,MALE,86,2,TTX,treatment,slow,coact,own_floor,10,19,57.0,0.3333333333333333,33,10,10,10,True,1320.0,2520.0
20260706_341,MALE,86,2,TTX,treatment,slow,coact,baseline_floor,10,19,57.0,0.3333333333333333,33,10,10,10,True,1320.0,2520.0
20260706_341,MALE,86,2,TTX,treatment,slow,chorus_norm,unfloored,0,22,66.0,0.3333333333333333,33,10,10,10,True,1320.0,2520.0
20260706_341,MALE,86,2,TTX,treatment,slow,chorus_norm,own_floor,10,12,36.0,0.3333333333333333,33,10,10,10,True,1320.0,2520.0
20260706_341,MALE,86,2,TTX,treatment,slow,chorus_norm,baseline_floor,10,12,36.0,0.3333333333333333,33,10,10,10,True,1320.0,2520.0
20260706_341,MALE,86,2,TTX,treatment,slow,chorus_gain_norm,unfloored,0,22,66.0,0.3333333333333333,33,10,10,10,True,1320.0,2520.0
20260706_341,MALE,86,2,TTX,treatment,slow,chorus_gain_norm,own_floor,10,13,39.0,0.3333333333333333,33,10,10,10,True,1320.0,2520.0
20260706_341,MALE,86,2,TTX,treatment,slow,chorus_gain_norm,baseline_floor,10,13,39.0,0.3333333333333333,33,10,10,10,True,1320.0,2520.0
20260706_341,MALE,86,2,TTX,treatment,combined,coact,tuned,4,28,84.0,0.3333333333333333,33,11,12,11,True,1320.0,2520.0
20260706_341,MALE,86,2,TTX,treatment,combined,coact,own_floor,11,19,57.0,0.3333333333333333,33,11,12,11,True,1320.0,2520.0
20260706_341,MALE,86,2,TTX,treatment,combined,coact,baseline_floor,12,18,54.0,0.3333333333333333,33,11,12,11,True,1320.0,2520.0
20260706_341,MALE,86,2,TTX,treatment,combined,chorus_norm,unfloored,0,34,102.0,0.3333333333333333,33,11,12,11,True,1320.0,2520.0
20260706_341,MALE,86,2,TTX,treatment,combined,chorus_norm,own_floor,11,22,66.0,0.3333333333333333,33,11,12,11,True,1320.0,2520.0
20260706_341,MALE,86,2,TTX,treatment,combined,chorus_norm,baseline_floor,12,19,57.0,0.3333333333333333,33,11,12,11,True,1320.0,2520.0
20260706_341,MALE,86,2,TTX,treatment,combined,chorus_gain_norm,unfloored,0,31,93.0,0.3333333333333333,33,11,12,11,True,1320.0,2520.0
20260706_341,MALE,86,2,TTX,treatment,combined,chorus_gain_norm,own_floor,11,16,48.0,0.3333333333333333,33,11,12,11,True,1320.0,2520.0
20260706_341,MALE,86,2,TTX,treatment,combined,chorus_gain_norm,baseline_floor,12,15,45.0,0.3333333333333333,33,11,12,11,True,1320.0,2520.0
20260706_341,MALE,86,3,high K+,treatment,fast,coact,tuned,3,5,40.00793037195833,0.1249752225,33,5,8,5,True,2700.0,3149.910801
20260706_341,MALE,86,3,high K+,treatment,fast,coact,own_floor,5,1,8.001586074391666,0.1249752225,33,5,8,5,True,2700.0,3149.910801
20260706_341,MALE,86,3,high K+,treatment,fast,coact,baseline_floor,8,0,0.0,0.1249752225,33,5,8,5,True,2700.0,3149.910801
20260706_341,MALE,86,3,high K+,treatment,fast,chorus_norm,unfloored,0,2,16.00317214878333,0.1249752225,33,5,8,5,True,2700.0,3149.910801
20260706_341,MALE,86,3,high K+,treatment,fast,chorus_norm,own_floor,5,0,0.0,0.1249752225,33,5,8,5,True,2700.0,3149.910801
20260706_341,MALE,86,3,high K+,treatment,fast,chorus_norm,baseline_floor,8,0,0.0,0.1249752225,33,5,8,5,True,2700.0,3149.910801
20260706_341,MALE,86,3,high K+,treatment,fast,chorus_gain_norm,unfloored,0,2,16.00317214878333,0.1249752225,33,5,8,5,True,2700.0,3149.910801
20260706_341,MALE,86,3,high K+,treatment,fast,chorus_gain_norm,own_floor,5,0,0.0,0.1249752225,33,5,8,5,True,2700.0,3149.910801
20260706_341,MALE,86,3,high K+,treatment,fast,chorus_gain_norm,baseline_floor,8,0,0.0,0.1249752225,33,5,8,5,True,2700.0,3149.910801
20260706_341,MALE,86,3,high K+,treatment,slow,coact,tuned,6,9,72.014274669525,0.1249752225,33,10,10,10,True,2700.0,3149.910801
20260706_341,MALE,86,3,high K+,treatment,slow,coact,own_floor,10,6,48.00951644635,0.1249752225,33,10,10,10,True,2700.0,3149.910801
20260706_341,MALE,86,3,high K+,treatment,slow,coact,baseline_floor,10,6,48.00951644635,0.1249752225,33,10,10,10,True,2700.0,3149.910801
20260706_341,MALE,86,3,high K+,treatment,slow,chorus_norm,unfloored,0,7,56.011102520741666,0.1249752225,33,10,10,10,True,2700.0,3149.910801
20260706_341,MALE,86,3,high K+,treatment,slow,chorus_norm,own_floor,10,2,16.00317214878333,0.1249752225,33,10,10,10,True,2700.0,3149.910801
20260706_341,MALE,86,3,high K+,treatment,slow,chorus_norm,baseline_floor,10,2,16.00317214878333,0.1249752225,33,10,10,10,True,2700.0,3149.910801
20260706_341,MALE,86,3,high K+,treatment,slow,chorus_gain_norm,unfloored,0,7,56.011102520741666,0.1249752225,33,10,10,10,True,2700.0,3149.910801
20260706_341,MALE,86,3,high K+,treatment,slow,chorus_gain_norm,own_floor,10,2,16.00317214878333,0.1249752225,33,10,10,10,True,2700.0,3149.910801
20260706_341,MALE,86,3,high K+,treatment,slow,chorus_gain_norm,baseline_floor,10,2,16.00317214878333,0.1249752225,33,10,10,10,True,2700.0,3149.910801
20260706_341,MALE,86,3,high K+,treatment,combined,coact,tuned,4,9,72.014274669525,0.1249752225,33,10,12,10,True,2700.0,3149.910801
20260706_341,MALE,86,3,high K+,treatment,combined,coact,own_floor,10,6,48.00951644635,0.1249752225,33,10,12,10,True,2700.0,3149.910801
20260706_341,MALE,86,3,high K+,treatment,combined,coact,baseline_floor,12,4,32.00634429756666,0.1249752225,33,10,12,10,True,2700.0,3149.910801
20260706_341,MALE,86,3,high K+,treatment,combined,chorus_norm,unfloored,0,12,96.0190328927,0.1249752225,33,10,12,10,True,2700.0,3149.910801
20260706_341,MALE,86,3,high K+,treatment,combined,chorus_norm,own_floor,10,3,24.004758223175,0.1249752225,33,10,12,10,True,2700.0,3149.910801
20260706_341,MALE,86,3,high K+,treatment,combined,chorus_norm,baseline_floor,12,2,16.00317214878333,0.1249752225,33,10,12,10,True,2700.0,3149.910801
20260706_341,MALE,86,3,high K+,treatment,combined,chorus_gain_norm,unfloored,0,11,88.01744681830833,0.1249752225,33,10,12,10,True,2700.0,3149.910801
20260706_341,MALE,86,3,high K+,treatment,combined,chorus_gain_norm,own_floor,10,4,32.00634429756666,0.1249752225,33,10,12,10,True,2700.0,3149.910801
20260706_341,MALE,86,3,high K+,treatment,combined,chorus_gain_norm,baseline_floor,12,3,24.004758223175,0.1249752225,33,10,12,10,True,2700.0,3149.910801
20260706_343,MALE,86,1,baseline,baseline,fast,coact,tuned,3,9,27.0,0.3333333333333333,44,13,13,13,True,0.0,1200.0
20260706_343,MALE,86,1,baseline,baseline,fast,coact,own_floor,13,3,9.0,0.3333333333333333,44,13,13,13,True,0.0,1200.0
20260706_343,MALE,86,1,baseline,baseline,fast,coact,baseline_floor,13,3,9.0,0.3333333333333333,44,13,13,13,True,0.0,1200.0
20260706_343,MALE,86,1,baseline,baseline,fast,chorus_norm,unfloored,0,13,39.0,0.3333333333333333,44,13,13,13,True,0.0,1200.0
20260706_343,MALE,86,1,baseline,baseline,fast,chorus_norm,own_floor,13,1,3.0,0.3333333333333333,44,13,13,13,True,0.0,1200.0
20260706_343,MALE,86,1,baseline,baseline,fast,chorus_norm,baseline_floor,13,1,3.0,0.3333333333333333,44,13,13,13,True,0.0,1200.0
20260706_343,MALE,86,1,baseline,baseline,fast,chorus_gain_norm,unfloored,0,4,12.0,0.3333333333333333,44,13,13,13,True,0.0,1200.0
20260706_343,MALE,86,1,baseline,baseline,fast,chorus_gain_norm,own_floor,13,0,0.0,0.3333333333333333,44,13,13,13,True,0.0,1200.0
20260706_343,MALE,86,1,baseline,baseline,fast,chorus_gain_norm,baseline_floor,13,0,0.0,0.3333333333333333,44,13,13,13,True,0.0,1200.0
20260706_343,MALE,86,1,baseline,baseline,slow,coact,tuned,6,14,42.0,0.3333333333333333,44,9,9,9,True,0.0,1200.0
20260706_343,MALE,86,1,baseline,baseline,slow,coact,own_floor,9,7,21.0,0.3333333333333333,44,9,9,9,True,0.0,1200.0
20260706_343,MALE,86,1,baseline,baseline,slow,coact,baseline_floor,9,7,21.0,0.3333333333333333,44,9,9,9,True,0.0,1200.0
20260706_343,MALE,86,1,baseline,baseline,slow,chorus_norm,unfloored,0,8,24.0,0.3333333333333333,44,9,9,9,True,0.0,1200.0
20260706_343,MALE,86,1,baseline,baseline,slow,chorus_norm,own_floor,9,7,21.0,0.3333333333333333,44,9,9,9,True,0.0,1200.0
20260706_343,MALE,86,1,baseline,baseline,slow,chorus_norm,baseline_floor,9,7,21.0,0.3333333333333333,44,9,9,9,True,0.0,1200.0
20260706_343,MALE,86,1,baseline,baseline,slow,chorus_gain_norm,unfloored,0,6,18.0,0.3333333333333333,44,9,9,9,True,0.0,1200.0
20260706_343,MALE,86,1,baseline,baseline,slow,chorus_gain_norm,own_floor,9,6,18.0,0.3333333333333333,44,9,9,9,True,0.0,1200.0
20260706_343,MALE,86,1,baseline,baseline,slow,chorus_gain_norm,baseline_floor,9,6,18.0,0.3333333333333333,44,9,9,9,True,0.0,1200.0
20260706_343,MALE,86,1,baseline,baseline,combined,coact,tuned,4,11,33.0,0.3333333333333333,44,14,14,14,True,0.0,1200.0
20260706_343,MALE,86,1,baseline,baseline,combined,coact,own_floor,14,10,30.0,0.3333333333333333,44,14,14,14,True,0.0,1200.0
20260706_343,MALE,86,1,baseline,baseline,combined,coact,baseline_floor,14,10,30.0,0.3333333333333333,44,14,14,14,True,0.0,1200.0
20260706_343,MALE,86,1,baseline,baseline,combined,chorus_norm,unfloored,0,29,87.0,0.3333333333333333,44,14,14,14,True,0.0,1200.0
20260706_343,MALE,86,1,baseline,baseline,combined,chorus_norm,own_floor,14,8,24.0,0.3333333333333333,44,14,14,14,True,0.0,1200.0
20260706_343,MALE,86,1,baseline,baseline,combined,chorus_norm,baseline_floor,14,8,24.0,0.3333333333333333,44,14,14,14,True,0.0,1200.0
20260706_343,MALE,86,1,baseline,baseline,combined,chorus_gain_norm,unfloored,0,33,99.0,0.3333333333333333,44,14,14,14,True,0.0,1200.0
20260706_343,MALE,86,1,baseline,baseline,combined,chorus_gain_norm,own_floor,14,9,27.0,0.3333333333333333,44,14,14,14,True,0.0,1200.0
20260706_343,MALE,86,1,baseline,baseline,combined,chorus_gain_norm,baseline_floor,14,9,27.0,0.3333333333333333,44,14,14,14,True,0.0,1200.0
20260706_343,MALE,86,2,TTX,treatment,fast,coact,tuned,3,29,87.0,0.3333333333333333,44,10,13,10,True,1320.0,2520.0
20260706_343,MALE,86,2,TTX,treatment,fast,coact,own_floor,10,15,45.0,0.3333333333333333,44,10,13,10,True,1320.0,2520.0
20260706_343,MALE,86,2,TTX,treatment,fast,coact,baseline_floor,13,10,30.0,0.3333333333333333,44,10,13,10,True,1320.0,2520.0
20260706_343,MALE,86,2,TTX,treatment,fast,chorus_norm,unfloored,0,42,126.0,0.3333333333333333,44,10,13,10,True,1320.0,2520.0
20260706_343,MALE,86,2,TTX,treatment,fast,chorus_norm,own_floor,10,8,24.0,0.3333333333333333,44,10,13,10,True,1320.0,2520.0
20260706_343,MALE,86,2,TTX,treatment,fast,chorus_norm,baseline_floor,13,5,15.0,0.3333333333333333,44,10,13,10,True,1320.0,2520.0
20260706_343,MALE,86,2,TTX,treatment,fast,chorus_gain_norm,unfloored,0,22,66.0,0.3333333333333333,44,10,13,10,True,1320.0,2520.0
20260706_343,MALE,86,2,TTX,treatment,fast,chorus_gain_norm,own_floor,10,4,12.0,0.3333333333333333,44,10,13,10,True,1320.0,2520.0
20260706_343,MALE,86,2,TTX,treatment,fast,chorus_gain_norm,baseline_floor,13,3,9.0,0.3333333333333333,44,10,13,10,True,1320.0,2520.0
20260706_343,MALE,86,2,TTX,treatment,slow,coact,tuned,6,51,153.0,0.3333333333333333,44,15,9,15,True,1320.0,2520.0
20260706_343,MALE,86,2,TTX,treatment,slow,coact,own_floor,15,42,126.0,0.3333333333333333,44,15,9,15,True,1320.0,2520.0
20260706_343,MALE,86,2,TTX,treatment,slow,coact,baseline_floor,9,51,153.0,0.3333333333333333,44,15,9,15,True,1320.0,2520.0
20260706_343,MALE,86,2,TTX,treatment,slow,chorus_norm,unfloored,0,37,111.0,0.3333333333333333,44,15,9,15,True,1320.0,2520.0
20260706_343,MALE,86,2,TTX,treatment,slow,chorus_norm,own_floor,15,31,93.0,0.3333333333333333,44,15,9,15,True,1320.0,2520.0
20260706_343,MALE,86,2,TTX,treatment,slow,chorus_norm,baseline_floor,9,36,108.0,0.3333333333333333,44,15,9,15,True,1320.0,2520.0
20260706_343,MALE,86,2,TTX,treatment,slow,chorus_gain_norm,unfloored,0,29,87.0,0.3333333333333333,44,15,9,15,True,1320.0,2520.0
20260706_343,MALE,86,2,TTX,treatment,slow,chorus_gain_norm,own_floor,15,21,63.0,0.3333333333333333,44,15,9,15,True,1320.0,2520.0
20260706_343,MALE,86,2,TTX,treatment,slow,chorus_gain_norm,baseline_floor,9,25,75.0,0.3333333333333333,44,15,9,15,True,1320.0,2520.0
20260706_343,MALE,86,2,TTX,treatment,combined,coact,tuned,4,46,138.0,0.3333333333333333,44,17,14,17,True,1320.0,2520.0
20260706_343,MALE,86,2,TTX,treatment,combined,coact,own_floor,17,44,132.0,0.3333333333333333,44,17,14,17,True,1320.0,2520.0
20260706_343,MALE,86,2,TTX,treatment,combined,coact,baseline_floor,14,43,129.0,0.3333333333333333,44,17,14,17,True,1320.0,2520.0
20260706_343,MALE,86,2,TTX,treatment,combined,chorus_norm,unfloored,0,72,216.0,0.3333333333333333,44,17,14,17,True,1320.0,2520.0
20260706_343,MALE,86,2,TTX,treatment,combined,chorus_norm,own_floor,17,53,159.0,0.3333333333333333,44,17,14,17,True,1320.0,2520.0
20260706_343,MALE,86,2,TTX,treatment,combined,chorus_norm,baseline_floor,14,59,177.0,0.3333333333333333,44,17,14,17,True,1320.0,2520.0
20260706_343,MALE,86,2,TTX,treatment,combined,chorus_gain_norm,unfloored,0,60,180.0,0.3333333333333333,44,17,14,17,True,1320.0,2520.0
20260706_343,MALE,86,2,TTX,treatment,combined,chorus_gain_norm,own_floor,17,38,114.0,0.3333333333333333,44,17,14,17,True,1320.0,2520.0
20260706_343,MALE,86,2,TTX,treatment,combined,chorus_gain_norm,baseline_floor,14,42,126.0,0.3333333333333333,44,17,14,17,True,1320.0,2520.0
20260706_343,MALE,86,3,high K+,treatment,fast,coact,tuned,3,5,54.56020216810058,0.09164188916666667,44,17,13,17,False,3180.0,3509.910801
20260706_343,MALE,86,3,high K+,treatment,fast,coact,own_floor,17,3,32.73612130086035,0.09164188916666667,44,17,13,17,False,3180.0,3509.910801
20260706_343,MALE,86,3,high K+,treatment,fast,coact,baseline_floor,13,3,32.73612130086035,0.09164188916666667,44,17,13,17,False,3180.0,3509.910801
20260706_343,MALE,86,3,high K+,treatment,fast,chorus_norm,unfloored,0,4,43.64816173448047,0.09164188916666667,44,17,13,17,False,3180.0,3509.910801
20260706_343,MALE,86,3,high K+,treatment,fast,chorus_norm,own_floor,17,0,0.0,0.09164188916666667,44,17,13,17,False,3180.0,3509.910801
20260706_343,MALE,86,3,high K+,treatment,fast,chorus_norm,baseline_floor,13,1,10.912040433620117,0.09164188916666667,44,17,13,17,False,3180.0,3509.910801
20260706_343,MALE,86,3,high K+,treatment,fast,chorus_gain_norm,unfloored,0,2,21.824080867240234,0.09164188916666667,44,17,13,17,False,3180.0,3509.910801
20260706_343,MALE,86,3,high K+,treatment,fast,chorus_gain_norm,own_floor,17,0,0.0,0.09164188916666667,44,17,13,17,False,3180.0,3509.910801
20260706_343,MALE,86,3,high K+,treatment,fast,chorus_gain_norm,baseline_floor,13,1,10.912040433620117,0.09164188916666667,44,17,13,17,False,3180.0,3509.910801
20260706_343,MALE,86,3,high K+,treatment,slow,coact,tuned,6,11,120.03244476982128,0.09164188916666667,44,13,9,13,True,3180.0,3509.910801
20260706_343,MALE,86,3,high K+,treatment,slow,coact,own_floor,13,10,109.12040433620116,0.09164188916666667,44,13,9,13,True,3180.0,3509.910801
20260706_343,MALE,86,3,high K+,treatment,slow,coact,baseline_floor,9,11,120.03244476982128,0.09164188916666667,44,13,9,13,True,3180.0,3509.910801
20260706_343,MALE,86,3,high K+,treatment,slow,chorus_norm,unfloored,0,9,98.20836390258104,0.09164188916666667,44,13,9,13,True,3180.0,3509.910801
20260706_343,MALE,86,3,high K+,treatment,slow,chorus_norm,own_floor,13,6,65.4722426017207,0.09164188916666667,44,13,9,13,True,3180.0,3509.910801
20260706_343,MALE,86,3,high K+,treatment,slow,chorus_norm,baseline_floor,9,7,76.38428303534081,0.09164188916666667,44,13,9,13,True,3180.0,3509.910801
20260706_343,MALE,86,3,high K+,treatment,slow,chorus_gain_norm,unfloored,0,4,43.64816173448047,0.09164188916666667,44,13,9,13,True,3180.0,3509.910801
20260706_343,MALE,86,3,high K+,treatment,slow,chorus_gain_norm,own_floor,13,2,21.824080867240234,0.09164188916666667,44,13,9,13,True,3180.0,3509.910801
20260706_343,MALE,86,3,high K+,treatment,slow,chorus_gain_norm,baseline_floor,9,4,43.64816173448047,0.09164188916666667,44,13,9,13,True,3180.0,3509.910801
20260706_343,MALE,86,3,high K+,treatment,combined,coact,tuned,4,12,130.9444852034414,0.09164188916666667,44,20,14,20,True,3180.0,3509.910801
20260706_343,MALE,86,3,high K+,treatment,combined,coact,own_floor,20,7,76.38428303534081,0.09164188916666667,44,20,14,20,True,3180.0,3509.910801
20260706_343,MALE,86,3,high K+,treatment,combined,coact,baseline_floor,14,10,109.12040433620116,0.09164188916666667,44,20,14,20,True,3180.0,3509.910801
20260706_343,MALE,86,3,high K+,treatment,combined,chorus_norm,unfloored,0,12,130.9444852034414,0.09164188916666667,44,20,14,20,True,3180.0,3509.910801
20260706_343,MALE,86,3,high K+,treatment,combined,chorus_norm,own_floor,20,5,54.56020216810058,0.09164188916666667,44,20,14,20,True,3180.0,3509.910801
20260706_343,MALE,86,3,high K+,treatment,combined,chorus_norm,baseline_floor,14,8,87.29632346896094,0.09164188916666667,44,20,14,20,True,3180.0,3509.910801
20260706_343,MALE,86,3,high K+,treatment,combined,chorus_gain_norm,unfloored,0,9,98.20836390258104,0.09164188916666667,44,20,14,20,True,3180.0,3509.910801
20260706_343,MALE,86,3,high K+,treatment,combined,chorus_gain_norm,own_floor,20,3,32.73612130086035,0.09164188916666667,44,20,14,20,True,3180.0,3509.910801
20260706_343,MALE,86,3,high K+,treatment,combined,chorus_gain_norm,baseline_floor,14,3,32.73612130086035,0.09164188916666667,44,20,14,20,True,3180.0,3509.910801
20260707_348,MALE,87,1,baseline,baseline,fast,coact,tuned,3,4,12.0,0.3333333333333333,30,4,4,4,True,0.0,1200.0
20260707_348,MALE,87,1,baseline,baseline,fast,coact,own_floor,4,3,9.0,0.3333333333333333,30,4,4,4,True,0.0,1200.0
20260707_348,MALE,87,1,baseline,baseline,fast,coact,baseline_floor,4,3,9.0,0.3333333333333333,30,4,4,4,True,0.0,1200.0
20260707_348,MALE,87,1,baseline,baseline,fast,chorus_norm,unfloored,0,5,15.0,0.3333333333333333,30,4,4,4,True,0.0,1200.0
20260707_348,MALE,87,1,baseline,baseline,fast,chorus_norm,own_floor,4,3,9.0,0.3333333333333333,30,4,4,4,True,0.0,1200.0
20260707_348,MALE,87,1,baseline,baseline,fast,chorus_norm,baseline_floor,4,3,9.0,0.3333333333333333,30,4,4,4,True,0.0,1200.0
20260707_348,MALE,87,1,baseline,baseline,fast,chorus_gain_norm,unfloored,0,3,9.0,0.3333333333333333,30,4,4,4,True,0.0,1200.0
20260707_348,MALE,87,1,baseline,baseline,fast,chorus_gain_norm,own_floor,4,1,3.0,0.3333333333333333,30,4,4,4,True,0.0,1200.0
20260707_348,MALE,87,1,baseline,baseline,fast,chorus_gain_norm,baseline_floor,4,1,3.0,0.3333333333333333,30,4,4,4,True,0.0,1200.0
20260707_348,MALE,87,1,baseline,baseline,slow,coact,tuned,6,4,12.0,0.3333333333333333,30,7,7,7,True,0.0,1200.0
20260707_348,MALE,87,1,baseline,baseline,slow,coact,own_floor,7,4,12.0,0.3333333333333333,30,7,7,7,True,0.0,1200.0
20260707_348,MALE,87,1,baseline,baseline,slow,coact,baseline_floor,7,4,12.0,0.3333333333333333,30,7,7,7,True,0.0,1200.0
20260707_348,MALE,87,1,baseline,baseline,slow,chorus_norm,unfloored,0,5,15.0,0.3333333333333333,30,7,7,7,True,0.0,1200.0
20260707_348,MALE,87,1,baseline,baseline,slow,chorus_norm,own_floor,7,4,12.0,0.3333333333333333,30,7,7,7,True,0.0,1200.0
20260707_348,MALE,87,1,baseline,baseline,slow,chorus_norm,baseline_floor,7,4,12.0,0.3333333333333333,30,7,7,7,True,0.0,1200.0
20260707_348,MALE,87,1,baseline,baseline,slow,chorus_gain_norm,unfloored,0,5,15.0,0.3333333333333333,30,7,7,7,True,0.0,1200.0
20260707_348,MALE,87,1,baseline,baseline,slow,chorus_gain_norm,own_floor,7,4,12.0,0.3333333333333333,30,7,7,7,True,0.0,1200.0
20260707_348,MALE,87,1,baseline,baseline,slow,chorus_gain_norm,baseline_floor,7,4,12.0,0.3333333333333333,30,7,7,7,True,0.0,1200.0
20260707_348,MALE,87,1,baseline,baseline,combined,coact,tuned,4,8,24.0,0.3333333333333333,30,7,7,7,True,0.0,1200.0
20260707_348,MALE,87,1,baseline,baseline,combined,coact,own_floor,7,5,15.0,0.3333333333333333,30,7,7,7,True,0.0,1200.0
20260707_348,MALE,87,1,baseline,baseline,combined,coact,baseline_floor,7,5,15.0,0.3333333333333333,30,7,7,7,True,0.0,1200.0
20260707_348,MALE,87,1,baseline,baseline,combined,chorus_norm,unfloored,0,7,21.0,0.3333333333333333,30,7,7,7,True,0.0,1200.0
20260707_348,MALE,87,1,baseline,baseline,combined,chorus_norm,own_floor,7,5,15.0,0.3333333333333333,30,7,7,7,True,0.0,1200.0
20260707_348,MALE,87,1,baseline,baseline,combined,chorus_norm,baseline_floor,7,5,15.0,0.3333333333333333,30,7,7,7,True,0.0,1200.0
20260707_348,MALE,87,1,baseline,baseline,combined,chorus_gain_norm,unfloored,0,6,18.0,0.3333333333333333,30,7,7,7,True,0.0,1200.0
20260707_348,MALE,87,1,baseline,baseline,combined,chorus_gain_norm,own_floor,7,5,15.0,0.3333333333333333,30,7,7,7,True,0.0,1200.0
20260707_348,MALE,87,1,baseline,baseline,combined,chorus_gain_norm,baseline_floor,7,5,15.0,0.3333333333333333,30,7,7,7,True,0.0,1200.0
20260707_348,MALE,87,2,TTX,treatment,fast,coact,tuned,3,13,39.0,0.3333333333333333,30,5,4,5,True,1320.0,2520.0
20260707_348,MALE,87,2,TTX,treatment,fast,coact,own_floor,5,10,30.0,0.3333333333333333,30,5,4,5,True,1320.0,2520.0
20260707_348,MALE,87,2,TTX,treatment,fast,coact,baseline_floor,4,11,33.0,0.3333333333333333,30,5,4,5,True,1320.0,2520.0
20260707_348,MALE,87,2,TTX,treatment,fast,chorus_norm,unfloored,0,12,36.0,0.3333333333333333,30,5,4,5,True,1320.0,2520.0
20260707_348,MALE,87,2,TTX,treatment,fast,chorus_norm,own_floor,5,7,21.0,0.3333333333333333,30,5,4,5,True,1320.0,2520.0
20260707_348,MALE,87,2,TTX,treatment,fast,chorus_norm,baseline_floor,4,11,33.0,0.3333333333333333,30,5,4,5,True,1320.0,2520.0
20260707_348,MALE,87,2,TTX,treatment,fast,chorus_gain_norm,unfloored,0,11,33.0,0.3333333333333333,30,5,4,5,True,1320.0,2520.0
20260707_348,MALE,87,2,TTX,treatment,fast,chorus_gain_norm,own_floor,5,6,18.0,0.3333333333333333,30,5,4,5,True,1320.0,2520.0
20260707_348,MALE,87,2,TTX,treatment,fast,chorus_gain_norm,baseline_floor,4,10,30.0,0.3333333333333333,30,5,4,5,True,1320.0,2520.0
20260707_348,MALE,87,2,TTX,treatment,slow,coact,tuned,6,27,81.0,0.3333333333333333,30,10,7,10,True,1320.0,2520.0
20260707_348,MALE,87,2,TTX,treatment,slow,coact,own_floor,10,21,63.0,0.3333333333333333,30,10,7,10,True,1320.0,2520.0
20260707_348,MALE,87,2,TTX,treatment,slow,coact,baseline_floor,7,27,81.0,0.3333333333333333,30,10,7,10,True,1320.0,2520.0
20260707_348,MALE,87,2,TTX,treatment,slow,chorus_norm,unfloored,0,27,81.0,0.3333333333333333,30,10,7,10,True,1320.0,2520.0
20260707_348,MALE,87,2,TTX,treatment,slow,chorus_norm,own_floor,10,17,51.0,0.3333333333333333,30,10,7,10,True,1320.0,2520.0
20260707_348,MALE,87,2,TTX,treatment,slow,chorus_norm,baseline_floor,7,22,66.0,0.3333333333333333,30,10,7,10,True,1320.0,2520.0
20260707_348,MALE,87,2,TTX,treatment,slow,chorus_gain_norm,unfloored,0,27,81.0,0.3333333333333333,30,10,7,10,True,1320.0,2520.0
20260707_348,MALE,87,2,TTX,treatment,slow,chorus_gain_norm,own_floor,10,16,48.0,0.3333333333333333,30,10,7,10,True,1320.0,2520.0
20260707_348,MALE,87,2,TTX,treatment,slow,chorus_gain_norm,baseline_floor,7,22,66.0,0.3333333333333333,30,10,7,10,True,1320.0,2520.0
20260707_348,MALE,87,2,TTX,treatment,combined,coact,tuned,4,29,87.0,0.3333333333333333,30,10,7,10,True,1320.0,2520.0
20260707_348,MALE,87,2,TTX,treatment,combined,coact,own_floor,10,23,69.0,0.3333333333333333,30,10,7,10,True,1320.0,2520.0
20260707_348,MALE,87,2,TTX,treatment,combined,coact,baseline_floor,7,28,84.0,0.3333333333333333,30,10,7,10,True,1320.0,2520.0
20260707_348,MALE,87,2,TTX,treatment,combined,chorus_norm,unfloored,0,30,90.0,0.3333333333333333,30,10,7,10,True,1320.0,2520.0
20260707_348,MALE,87,2,TTX,treatment,combined,chorus_norm,own_floor,10,21,63.0,0.3333333333333333,30,10,7,10,True,1320.0,2520.0
20260707_348,MALE,87,2,TTX,treatment,combined,chorus_norm,baseline_floor,7,27,81.0,0.3333333333333333,30,10,7,10,True,1320.0,2520.0
20260707_348,MALE,87,2,TTX,treatment,combined,chorus_gain_norm,unfloored,0,29,87.0,0.3333333333333333,30,10,7,10,True,1320.0,2520.0
20260707_348,MALE,87,2,TTX,treatment,combined,chorus_gain_norm,own_floor,10,21,63.0,0.3333333333333333,30,10,7,10,True,1320.0,2520.0
20260707_348,MALE,87,2,TTX,treatment,combined,chorus_gain_norm,baseline_floor,7,25,75.0,0.3333333333333333,30,10,7,10,True,1320.0,2520.0
20260707_348,MALE,87,3,high K+,treatment,fast,coact,tuned,3,5,40.00793037195833,0.1249752225,30,7,4,7,True,2940.0,3389.910801
20260707_348,MALE,87,3,high K+,treatment,fast,coact,own_floor,7,3,24.004758223175,0.1249752225,30,7,4,7,True,2940.0,3389.910801
20260707_348,MALE,87,3,high K+,treatment,fast,coact,baseline_floor,4,5,40.00793037195833,0.1249752225,30,7,4,7,True,2940.0,3389.910801
20260707_348,MALE,87,3,high K+,treatment,fast,chorus_norm,unfloored,0,5,40.00793037195833,0.1249752225,30,7,4,7,True,2940.0,3389.910801
20260707_348,MALE,87,3,high K+,treatment,fast,chorus_norm,own_floor,7,2,16.00317214878333,0.1249752225,30,7,4,7,True,2940.0,3389.910801
20260707_348,MALE,87,3,high K+,treatment,fast,chorus_norm,baseline_floor,4,3,24.004758223175,0.1249752225,30,7,4,7,True,2940.0,3389.910801
20260707_348,MALE,87,3,high K+,treatment,fast,chorus_gain_norm,unfloored,0,3,24.004758223175,0.1249752225,30,7,4,7,True,2940.0,3389.910801
20260707_348,MALE,87,3,high K+,treatment,fast,chorus_gain_norm,own_floor,7,2,16.00317214878333,0.1249752225,30,7,4,7,True,2940.0,3389.910801
20260707_348,MALE,87,3,high K+,treatment,fast,chorus_gain_norm,baseline_floor,4,2,16.00317214878333,0.1249752225,30,7,4,7,True,2940.0,3389.910801
20260707_348,MALE,87,3,high K+,treatment,slow,coact,tuned,6,8,64.01268859513333,0.1249752225,30,10,7,10,False,2940.0,3389.910801
20260707_348,MALE,87,3,high K+,treatment,slow,coact,own_floor,10,6,48.00951644635,0.1249752225,30,10,7,10,False,2940.0,3389.910801
20260707_348,MALE,87,3,high K+,treatment,slow,coact,baseline_floor,7,8,64.01268859513333,0.1249752225,30,10,7,10,False,2940.0,3389.910801
20260707_348,MALE,87,3,high K+,treatment,slow,chorus_norm,unfloored,0,4,32.00634429756666,0.1249752225,30,10,7,10,False,2940.0,3389.910801
20260707_348,MALE,87,3,high K+,treatment,slow,chorus_norm,own_floor,10,1,8.001586074391666,0.1249752225,30,10,7,10,False,2940.0,3389.910801
20260707_348,MALE,87,3,high K+,treatment,slow,chorus_norm,baseline_floor,7,2,16.00317214878333,0.1249752225,30,10,7,10,False,2940.0,3389.910801
20260707_348,MALE,87,3,high K+,treatment,slow,chorus_gain_norm,unfloored,0,4,32.00634429756666,0.1249752225,30,10,7,10,False,2940.0,3389.910801
20260707_348,MALE,87,3,high K+,treatment,slow,chorus_gain_norm,own_floor,10,0,0.0,0.1249752225,30,10,7,10,False,2940.0,3389.910801
20260707_348,MALE,87,3,high K+,treatment,slow,chorus_gain_norm,baseline_floor,7,2,16.00317214878333,0.1249752225,30,10,7,10,False,2940.0,3389.910801
20260707_348,MALE,87,3,high K+,treatment,combined,coact,tuned,4,9,72.014274669525,0.1249752225,30,11,7,11,True,2940.0,3389.910801
20260707_348,MALE,87,3,high K+,treatment,combined,coact,own_floor,11,7,56.011102520741666,0.1249752225,30,11,7,11,True,2940.0,3389.910801
20260707_348,MALE,87,3,high K+,treatment,combined,coact,baseline_floor,7,9,72.014274669525,0.1249752225,30,11,7,11,True,2940.0,3389.910801
20260707_348,MALE,87,3,high K+,treatment,combined,chorus_norm,unfloored,0,15,120.02379111587499,0.1249752225,30,11,7,11,True,2940.0,3389.910801
20260707_348,MALE,87,3,high K+,treatment,combined,chorus_norm,own_floor,11,6,48.00951644635,0.1249752225,30,11,7,11,True,2940.0,3389.910801
20260707_348,MALE,87,3,high K+,treatment,combined,chorus_norm,baseline_floor,7,11,88.01744681830833,0.1249752225,30,11,7,11,True,2940.0,3389.910801
20260707_348,MALE,87,3,high K+,treatment,combined,chorus_gain_norm,unfloored,0,12,96.0190328927,0.1249752225,30,11,7,11,True,2940.0,3389.910801
20260707_348,MALE,87,3,high K+,treatment,combined,chorus_gain_norm,own_floor,11,2,16.00317214878333,0.1249752225,30,11,7,11,True,2940.0,3389.910801
20260707_348,MALE,87,3,high K+,treatment,combined,chorus_gain_norm,baseline_floor,7,9,72.014274669525,0.1249752225,30,11,7,11,True,2940.0,3389.910801
